G21 ; Mode en mm
G90 ; Positionnement absolu
G0 Z3.0 ; Lever le stylo
G0 X33.00 Y-12.00 F1200
G0 Z-0.2 ; Descendre pour dessiner
G1 X32.00 Y-13.00 F1200
G1 X24.00 Y-13.00 F1200
G1 X23.00 Y-14.00 F1200
G1 X22.00 Y-14.00 F1200
G1 X21.00 Y-15.00 F1200
G1 X21.00 Y-16.00 F1200
G1 X20.00 Y-17.00 F1200
G1 X20.00 Y-252.00 F1200
G1 X21.00 Y-253.00 F1200
G1 X21.00 Y-254.00 F1200
G1 X22.00 Y-255.00 F1200
G1 X23.00 Y-255.00 F1200
G1 X24.00 Y-256.00 F1200
G1 X32.00 Y-256.00 F1200
G1 X33.00 Y-257.00 F1200
G1 X975.00 Y-257.00 F1200
G1 X976.00 Y-256.00 F1200
G1 X977.00 Y-256.00 F1200
G1 X978.00 Y-255.00 F1200
G1 X979.00 Y-255.00 F1200
G1 X980.00 Y-254.00 F1200
G1 X980.00 Y-253.00 F1200
G1 X981.00 Y-252.00 F1200
G1 X981.00 Y-251.00 F1200
G1 X982.00 Y-250.00 F1200
G1 X982.00 Y-19.00 F1200
G1 X981.00 Y-18.00 F1200
G1 X981.00 Y-17.00 F1200
G1 X980.00 Y-16.00 F1200
G1 X980.00 Y-15.00 F1200
G1 X979.00 Y-14.00 F1200
G1 X978.00 Y-14.00 F1200
G1 X977.00 Y-13.00 F1200
G1 X976.00 Y-13.00 F1200
G1 X975.00 Y-12.00 F1200
G0 Z3.0
G0 X32.00 Y-256.00 F1200
G0 Z-0.2 ; Descendre pour dessiner
G1 X33.00 Y-255.00 F1200
G1 X975.00 Y-255.00 F1200
G1 X976.00 Y-256.00 F1200
G1 X975.00 Y-257.00 F1200
G1 X33.00 Y-257.00 F1200
G0 Z3.0
G0 X980.00 Y-250.00 F1200
G0 Z-0.2 ; Descendre pour dessiner
G1 X981.00 Y-251.00 F1200
G1 X981.00 Y-252.00 F1200
G1 X980.00 Y-253.00 F1200
G1 X980.00 Y-254.00 F1200
G1 X979.00 Y-255.00 F1200
G1 X978.00 Y-255.00 F1200
G1 X977.00 Y-256.00 F1200
G1 X976.00 Y-256.00 F1200
G1 X975.00 Y-255.00 F1200
G0 Z3.0
G0 X980.00 Y-19.00 F1200
G0 Z-0.2 ; Descendre pour dessiner
G1 X981.00 Y-18.00 F1200
G1 X982.00 Y-19.00 F1200
G1 X982.00 Y-250.00 F1200
G1 X981.00 Y-251.00 F1200
G1 X980.00 Y-250.00 F1200
G0 Z3.0
G0 X32.00 Y-15.00 F1200
G0 Z-0.2 ; Descendre pour dessiner
G1 X33.00 Y-14.00 F1200
G1 X975.00 Y-14.00 F1200
G1 X980.00 Y-19.00 F1200
G1 X980.00 Y-250.00 F1200
G1 X975.00 Y-255.00 F1200
G1 X33.00 Y-255.00 F1200
G1 X32.00 Y-254.00 F1200
G0 Z3.0
G0 X261.00 Y-225.00 F1200
G0 Z-0.2 ; Descendre pour dessiner
G1 X261.00 Y-226.00 F1200
G1 X262.00 Y-226.00 F1200
G1 X263.00 Y-227.00 F1200
G1 X265.00 Y-227.00 F1200
G1 X266.00 Y-226.00 F1200
G1 X267.00 Y-226.00 F1200
G1 X267.00 Y-225.00 F1200
G1 X265.00 Y-227.00 F1200
G1 X263.00 Y-227.00 F1200
G0 Z3.0
G0 X568.00 Y-222.00 F1200
G0 Z-0.2 ; Descendre pour dessiner
G1 X569.00 Y-221.00 F1200
G1 X570.00 Y-222.00 F1200
G1 X570.00 Y-223.00 F1200
G1 X569.00 Y-224.00 F1200
G1 X568.00 Y-223.00 F1200
G0 Z3.0
G0 X382.00 Y-221.00 F1200
G0 Z-0.2 ; Descendre pour dessiner
G1 X381.00 Y-222.00 F1200
G1 X381.00 Y-224.00 F1200
G1 X383.00 Y-224.00 F1200
G1 X383.00 Y-223.00 F1200
G1 X384.00 Y-222.00 F1200
G1 X383.00 Y-221.00 F1200
G0 Z3.0
G0 X381.00 Y-222.00 F1200
G0 Z-0.2 ; Descendre pour dessiner
G1 X382.00 Y-221.00 F1200
G1 X383.00 Y-221.00 F1200
G1 X384.00 Y-222.00 F1200
G1 X382.00 Y-224.00 F1200
G1 X381.00 Y-223.00 F1200
G0 Z3.0
G0 X263.00 Y-222.00 F1200
G0 Z-0.2 ; Descendre pour dessiner
G1 X264.00 Y-221.00 F1200
G1 X265.00 Y-222.00 F1200
G1 X265.00 Y-223.00 F1200
G1 X264.00 Y-224.00 F1200
G1 X263.00 Y-223.00 F1200
G0 Z3.0
G0 X241.00 Y-221.00 F1200
G0 Z-0.2 ; Descendre pour dessiner
G1 X241.00 Y-224.00 F1200
G1 X244.00 Y-224.00 F1200
G1 X245.00 Y-223.00 F1200
G1 X245.00 Y-222.00 F1200
G1 X244.00 Y-221.00 F1200
G0 Z3.0
G0 X241.00 Y-222.00 F1200
G0 Z-0.2 ; Descendre pour dessiner
G1 X242.00 Y-221.00 F1200
G1 X244.00 Y-221.00 F1200
G1 X245.00 Y-222.00 F1200
G1 X245.00 Y-223.00 F1200
G1 X244.00 Y-224.00 F1200
G1 X242.00 Y-224.00 F1200
G1 X241.00 Y-223.00 F1200
G0 Z3.0
G0 X155.00 Y-221.00 F1200
G0 Z-0.2 ; Descendre pour dessiner
G1 X154.00 Y-222.00 F1200
G1 X154.00 Y-223.00 F1200
G1 X155.00 Y-224.00 F1200
G1 X156.00 Y-224.00 F1200
G1 X157.00 Y-223.00 F1200
G1 X157.00 Y-222.00 F1200
G1 X156.00 Y-221.00 F1200
G0 Z3.0
G0 X154.00 Y-222.00 F1200
G0 Z-0.2 ; Descendre pour dessiner
G1 X155.00 Y-221.00 F1200
G1 X156.00 Y-221.00 F1200
G1 X157.00 Y-222.00 F1200
G1 X157.00 Y-223.00 F1200
G1 X156.00 Y-224.00 F1200
G1 X155.00 Y-224.00 F1200
G1 X154.00 Y-223.00 F1200
G0 Z3.0
G0 X152.00 Y-221.00 F1200
G0 Z-0.2 ; Descendre pour dessiner
G1 X152.00 Y-226.00 F1200
G1 X153.00 Y-226.00 F1200
G1 X154.00 Y-227.00 F1200
G1 X156.00 Y-227.00 F1200
G1 X157.00 Y-226.00 F1200
G1 X158.00 Y-226.00 F1200
G1 X159.00 Y-225.00 F1200
G1 X159.00 Y-223.00 F1200
G1 X160.00 Y-222.00 F1200
G1 X161.00 Y-223.00 F1200
G1 X161.00 Y-226.00 F1200
G1 X159.00 Y-228.00 F1200
G1 X160.00 Y-228.00 F1200
G1 X161.00 Y-227.00 F1200
G1 X161.00 Y-222.00 F1200
G1 X159.00 Y-222.00 F1200
G1 X159.00 Y-225.00 F1200
G1 X158.00 Y-226.00 F1200
G1 X157.00 Y-226.00 F1200
G1 X156.00 Y-227.00 F1200
G1 X154.00 Y-227.00 F1200
G1 X152.00 Y-225.00 F1200
G0 Z3.0
G0 X109.00 Y-222.00 F1200
G0 Z-0.2 ; Descendre pour dessiner
G1 X110.00 Y-221.00 F1200
G1 X111.00 Y-222.00 F1200
G1 X111.00 Y-223.00 F1200
G1 X110.00 Y-224.00 F1200
G1 X109.00 Y-223.00 F1200
G0 Z3.0
G0 X101.00 Y-221.00 F1200
G0 Z-0.2 ; Descendre pour dessiner
G1 X100.00 Y-222.00 F1200
G1 X100.00 Y-223.00 F1200
G1 X101.00 Y-224.00 F1200
G1 X102.00 Y-224.00 F1200
G1 X103.00 Y-223.00 F1200
G1 X103.00 Y-222.00 F1200
G1 X102.00 Y-221.00 F1200
G0 Z3.0
G0 X100.00 Y-222.00 F1200
G0 Z-0.2 ; Descendre pour dessiner
G1 X101.00 Y-221.00 F1200
G1 X102.00 Y-221.00 F1200
G1 X103.00 Y-222.00 F1200
G1 X103.00 Y-223.00 F1200
G1 X102.00 Y-224.00 F1200
G1 X101.00 Y-224.00 F1200
G1 X100.00 Y-223.00 F1200
G0 Z3.0
G0 X182.00 Y-221.00 F1200
G0 Z-0.2 ; Descendre pour dessiner
G1 X183.00 Y-220.00 F1200
G1 X185.00 Y-220.00 F1200
G1 X186.00 Y-221.00 F1200
G1 X186.00 Y-222.00 F1200
G1 X185.00 Y-223.00 F1200
G1 X183.00 Y-223.00 F1200
G1 X182.00 Y-222.00 F1200
G0 Z3.0
G0 X449.00 Y-218.00 F1200
G0 Z-0.2 ; Descendre pour dessiner
G1 X448.00 Y-219.00 F1200
G1 X446.00 Y-219.00 F1200
G1 X446.00 Y-226.00 F1200
G1 X448.00 Y-226.00 F1200
G1 X449.00 Y-227.00 F1200
G1 X450.00 Y-227.00 F1200
G1 X451.00 Y-226.00 F1200
G1 X455.00 Y-226.00 F1200
G1 X456.00 Y-227.00 F1200
G1 X458.00 Y-227.00 F1200
G1 X459.00 Y-226.00 F1200
G1 X461.00 Y-226.00 F1200
G1 X461.00 Y-219.00 F1200
G1 X459.00 Y-219.00 F1200
G1 X459.00 Y-223.00 F1200
G1 X458.00 Y-224.00 F1200
G1 X457.00 Y-224.00 F1200
G1 X456.00 Y-223.00 F1200
G1 X456.00 Y-219.00 F1200
G1 X452.00 Y-219.00 F1200
G1 X451.00 Y-218.00 F1200
G0 Z3.0
G0 X448.00 Y-226.00 F1200
G0 Z-0.2 ; Descendre pour dessiner
G1 X449.00 Y-225.00 F1200
G1 X450.00 Y-225.00 F1200
G1 X451.00 Y-226.00 F1200
G1 X450.00 Y-227.00 F1200
G1 X449.00 Y-227.00 F1200
G0 Z3.0
G0 X446.00 Y-220.00 F1200
G0 Z-0.2 ; Descendre pour dessiner
G1 X447.00 Y-219.00 F1200
G1 X448.00 Y-219.00 F1200
G1 X450.00 Y-221.00 F1200
G1 X449.00 Y-222.00 F1200
G1 X449.00 Y-223.00 F1200
G1 X450.00 Y-223.00 F1200
G1 X451.00 Y-224.00 F1200
G1 X450.00 Y-225.00 F1200
G1 X449.00 Y-225.00 F1200
G1 X448.00 Y-226.00 F1200
G1 X447.00 Y-226.00 F1200
G1 X446.00 Y-225.00 F1200
G0 Z3.0
G0 X448.00 Y-219.00 F1200
G0 Z-0.2 ; Descendre pour dessiner
G1 X449.00 Y-218.00 F1200
G1 X451.00 Y-218.00 F1200
G1 X452.00 Y-219.00 F1200
G1 X455.00 Y-219.00 F1200
G1 X456.00 Y-220.00 F1200
G1 X456.00 Y-223.00 F1200
G1 X457.00 Y-224.00 F1200
G1 X458.00 Y-224.00 F1200
G1 X459.00 Y-223.00 F1200
G1 X459.00 Y-220.00 F1200
G1 X460.00 Y-219.00 F1200
G1 X461.00 Y-220.00 F1200
G1 X461.00 Y-225.00 F1200
G1 X460.00 Y-226.00 F1200
G1 X459.00 Y-226.00 F1200
G1 X458.00 Y-227.00 F1200
G1 X456.00 Y-227.00 F1200
G1 X455.00 Y-226.00 F1200
G1 X451.00 Y-226.00 F1200
G1 X450.00 Y-225.00 F1200
G1 X451.00 Y-224.00 F1200
G1 X450.00 Y-223.00 F1200
G1 X451.00 Y-222.00 F1200
G1 X450.00 Y-221.00 F1200
G1 X450.00 Y-220.00 F1200
G1 X449.00 Y-220.00 F1200
G0 Z3.0
G0 X381.00 Y-218.00 F1200
G0 Z-0.2 ; Descendre pour dessiner
G1 X380.00 Y-219.00 F1200
G1 X379.00 Y-219.00 F1200
G1 X379.00 Y-229.00 F1200
G1 X381.00 Y-229.00 F1200
G1 X381.00 Y-228.00 F1200
G1 X382.00 Y-227.00 F1200
G1 X383.00 Y-227.00 F1200
G1 X384.00 Y-226.00 F1200
G1 X385.00 Y-226.00 F1200
G1 X385.00 Y-225.00 F1200
G1 X383.00 Y-227.00 F1200
G1 X382.00 Y-227.00 F1200
G1 X380.00 Y-229.00 F1200
G1 X379.00 Y-228.00 F1200
G1 X379.00 Y-220.00 F1200
G1 X381.00 Y-218.00 F1200
G1 X383.00 Y-218.00 F1200
G1 X385.00 Y-220.00 F1200
G1 X387.00 Y-220.00 F1200
G1 X389.00 Y-218.00 F1200
G1 X391.00 Y-218.00 F1200
G1 X393.00 Y-220.00 F1200
G1 X393.00 Y-225.00 F1200
G1 X391.00 Y-227.00 F1200
G1 X389.00 Y-227.00 F1200
G1 X387.00 Y-225.00 F1200
G1 X387.00 Y-223.00 F1200
G1 X388.00 Y-222.00 F1200
G1 X387.00 Y-223.00 F1200
G1 X386.00 Y-222.00 F1200
G1 X386.00 Y-223.00 F1200
G1 X387.00 Y-224.00 F1200
G1 X387.00 Y-226.00 F1200
G1 X388.00 Y-226.00 F1200
G1 X389.00 Y-227.00 F1200
G1 X391.00 Y-227.00 F1200
G1 X392.00 Y-226.00 F1200
G1 X393.00 Y-226.00 F1200
G1 X394.00 Y-227.00 F1200
G1 X395.00 Y-226.00 F1200
G1 X397.00 Y-226.00 F1200
G1 X397.00 Y-222.00 F1200
G1 X399.00 Y-220.00 F1200
G1 X399.00 Y-219.00 F1200
G1 X398.00 Y-218.00 F1200
G1 X397.00 Y-219.00 F1200
G1 X392.00 Y-219.00 F1200
G1 X391.00 Y-218.00 F1200
G1 X389.00 Y-218.00 F1200
G1 X388.00 Y-219.00 F1200
G1 X387.00 Y-219.00 F1200
G1 X386.00 Y-220.00 F1200
G1 X385.00 Y-219.00 F1200
G1 X384.00 Y-219.00 F1200
G1 X383.00 Y-218.00 F1200
G0 Z3.0
G0 X393.00 Y-220.00 F1200
G0 Z-0.2 ; Descendre pour dessiner
G1 X394.00 Y-219.00 F1200
G1 X395.00 Y-220.00 F1200
G1 X395.00 Y-226.00 F1200
G1 X394.00 Y-227.00 F1200
G1 X393.00 Y-226.00 F1200
G0 Z3.0
G0 X397.00 Y-219.00 F1200
G0 Z-0.2 ; Descendre pour dessiner
G1 X398.00 Y-218.00 F1200
G1 X399.00 Y-219.00 F1200
G1 X399.00 Y-220.00 F1200
G1 X397.00 Y-222.00 F1200
G1 X397.00 Y-225.00 F1200
G1 X396.00 Y-226.00 F1200
G1 X395.00 Y-225.00 F1200
G1 X395.00 Y-220.00 F1200
G1 X396.00 Y-219.00 F1200
G0 Z3.0
G0 X283.00 Y-218.00 F1200
G0 Z-0.2 ; Descendre pour dessiner
G1 X282.00 Y-219.00 F1200
G1 X280.00 Y-219.00 F1200
G1 X280.00 Y-222.00 F1200
G1 X281.00 Y-222.00 F1200
G1 X280.00 Y-221.00 F1200
G1 X280.00 Y-220.00 F1200
G1 X281.00 Y-219.00 F1200
G1 X282.00 Y-219.00 F1200
G1 X283.00 Y-220.00 F1200
G1 X283.00 Y-222.00 F1200
G1 X284.00 Y-222.00 F1200
G1 X283.00 Y-221.00 F1200
G1 X285.00 Y-219.00 F1200
G1 X286.00 Y-220.00 F1200
G1 X286.00 Y-223.00 F1200
G1 X288.00 Y-223.00 F1200
G1 X288.00 Y-220.00 F1200
G1 X290.00 Y-218.00 F1200
G1 X292.00 Y-218.00 F1200
G1 X293.00 Y-219.00 F1200
G1 X296.00 Y-219.00 F1200
G1 X297.00 Y-218.00 F1200
G1 X300.00 Y-218.00 F1200
G1 X301.00 Y-219.00 F1200
G1 X302.00 Y-218.00 F1200
G1 X304.00 Y-218.00 F1200
G1 X306.00 Y-220.00 F1200
G1 X306.00 Y-224.00 F1200
G1 X307.00 Y-225.00 F1200
G1 X306.00 Y-226.00 F1200
G1 X305.00 Y-226.00 F1200
G1 X304.00 Y-227.00 F1200
G1 X302.00 Y-227.00 F1200
G1 X300.00 Y-225.00 F1200
G1 X300.00 Y-221.00 F1200
G1 X298.00 Y-221.00 F1200
G1 X297.00 Y-222.00 F1200
G1 X297.00 Y-225.00 F1200
G1 X296.00 Y-226.00 F1200
G1 X293.00 Y-226.00 F1200
G1 X292.00 Y-225.00 F1200
G1 X293.00 Y-224.00 F1200
G1 X293.00 Y-223.00 F1200
G1 X291.00 Y-223.00 F1200
G1 X290.00 Y-222.00 F1200
G1 X290.00 Y-221.00 F1200
G1 X290.00 Y-224.00 F1200
G1 X291.00 Y-225.00 F1200
G1 X290.00 Y-226.00 F1200
G1 X285.00 Y-226.00 F1200
G1 X284.00 Y-227.00 F1200
G1 X283.00 Y-227.00 F1200
G1 X282.00 Y-226.00 F1200
G1 X281.00 Y-226.00 F1200
G1 X280.00 Y-225.00 F1200
G1 X281.00 Y-224.00 F1200
G1 X280.00 Y-224.00 F1200
G1 X280.00 Y-226.00 F1200
G1 X282.00 Y-226.00 F1200
G1 X283.00 Y-227.00 F1200
G1 X284.00 Y-227.00 F1200
G1 X285.00 Y-226.00 F1200
G1 X290.00 Y-226.00 F1200
G1 X291.00 Y-227.00 F1200
G1 X292.00 Y-227.00 F1200
G1 X293.00 Y-226.00 F1200
G1 X297.00 Y-226.00 F1200
G1 X297.00 Y-222.00 F1200
G1 X298.00 Y-221.00 F1200
G1 X299.00 Y-221.00 F1200
G1 X300.00 Y-222.00 F1200
G1 X300.00 Y-226.00 F1200
G1 X301.00 Y-226.00 F1200
G1 X302.00 Y-227.00 F1200
G1 X304.00 Y-227.00 F1200
G1 X305.00 Y-226.00 F1200
G1 X306.00 Y-226.00 F1200
G1 X307.00 Y-225.00 F1200
G1 X306.00 Y-224.00 F1200
G1 X306.00 Y-219.00 F1200
G1 X305.00 Y-219.00 F1200
G1 X304.00 Y-218.00 F1200
G1 X302.00 Y-218.00 F1200
G1 X301.00 Y-219.00 F1200
G1 X300.00 Y-218.00 F1200
G1 X297.00 Y-218.00 F1200
G1 X296.00 Y-219.00 F1200
G1 X293.00 Y-219.00 F1200
G1 X292.00 Y-218.00 F1200
G1 X290.00 Y-218.00 F1200
G1 X289.00 Y-219.00 F1200
G1 X288.00 Y-219.00 F1200
G1 X288.00 Y-222.00 F1200
G1 X287.00 Y-223.00 F1200
G1 X286.00 Y-222.00 F1200
G1 X286.00 Y-219.00 F1200
G1 X285.00 Y-219.00 F1200
G1 X284.00 Y-218.00 F1200
G0 Z3.0
G0 X290.00 Y-226.00 F1200
G0 Z-0.2 ; Descendre pour dessiner
G1 X291.00 Y-225.00 F1200
G1 X292.00 Y-225.00 F1200
G1 X293.00 Y-226.00 F1200
G1 X292.00 Y-227.00 F1200
G1 X291.00 Y-227.00 F1200
G0 Z3.0
G0 X290.00 Y-224.00 F1200
G0 Z-0.2 ; Descendre pour dessiner
G1 X291.00 Y-223.00 F1200
G1 X292.00 Y-223.00 F1200
G1 X293.00 Y-224.00 F1200
G1 X292.00 Y-225.00 F1200
G1 X291.00 Y-225.00 F1200
G0 Z3.0
G0 X282.00 Y-219.00 F1200
G0 Z-0.2 ; Descendre pour dessiner
G1 X283.00 Y-218.00 F1200
G1 X284.00 Y-218.00 F1200
G1 X285.00 Y-219.00 F1200
G1 X284.00 Y-220.00 F1200
G1 X283.00 Y-220.00 F1200
G0 Z3.0
G0 X272.00 Y-218.00 F1200
G0 Z-0.2 ; Descendre pour dessiner
G1 X271.00 Y-219.00 F1200
G1 X269.00 Y-219.00 F1200
G1 X269.00 Y-220.00 F1200
G1 X270.00 Y-219.00 F1200
G1 X271.00 Y-219.00 F1200
G1 X272.00 Y-218.00 F1200
G1 X273.00 Y-218.00 F1200
G1 X275.00 Y-220.00 F1200
G1 X275.00 Y-225.00 F1200
G1 X274.00 Y-226.00 F1200
G1 X273.00 Y-225.00 F1200
G1 X273.00 Y-221.00 F1200
G1 X273.00 Y-225.00 F1200
G1 X272.00 Y-226.00 F1200
G1 X271.00 Y-225.00 F1200
G1 X271.00 Y-221.00 F1200
G1 X271.00 Y-225.00 F1200
G1 X270.00 Y-226.00 F1200
G1 X269.00 Y-225.00 F1200
G1 X269.00 Y-226.00 F1200
G1 X275.00 Y-226.00 F1200
G1 X275.00 Y-219.00 F1200
G1 X274.00 Y-219.00 F1200
G1 X273.00 Y-218.00 F1200
G0 Z3.0
G0 X263.00 Y-218.00 F1200
G0 Z-0.2 ; Descendre pour dessiner
G1 X262.00 Y-219.00 F1200
G1 X261.00 Y-219.00 F1200
G1 X261.00 Y-220.00 F1200
G1 X263.00 Y-218.00 F1200
G1 X265.00 Y-218.00 F1200
G1 X267.00 Y-220.00 F1200
G1 X267.00 Y-219.00 F1200
G1 X266.00 Y-219.00 F1200
G1 X265.00 Y-218.00 F1200
G0 Z3.0
G0 X206.00 Y-218.00 F1200
G0 Z-0.2 ; Descendre pour dessiner
G1 X205.00 Y-219.00 F1200
G1 X204.00 Y-219.00 F1200
G1 X204.00 Y-226.00 F1200
G1 X213.00 Y-226.00 F1200
G1 X214.00 Y-227.00 F1200
G1 X216.00 Y-227.00 F1200
G1 X217.00 Y-226.00 F1200
G1 X218.00 Y-226.00 F1200
G1 X218.00 Y-219.00 F1200
G1 X217.00 Y-219.00 F1200
G1 X216.00 Y-218.00 F1200
G1 X214.00 Y-218.00 F1200
G1 X213.00 Y-219.00 F1200
G1 X212.00 Y-219.00 F1200
G1 X211.00 Y-220.00 F1200
G1 X210.00 Y-219.00 F1200
G1 X209.00 Y-219.00 F1200
G1 X208.00 Y-218.00 F1200
G0 Z3.0
G0 X216.00 Y-224.00 F1200
G0 Z-0.2 ; Descendre pour dessiner
G1 X217.00 Y-223.00 F1200
G1 X218.00 Y-224.00 F1200
G1 X218.00 Y-225.00 F1200
G1 X217.00 Y-226.00 F1200
G1 X216.00 Y-225.00 F1200
G0 Z3.0
G0 X206.00 Y-218.00 F1200
G0 Z-0.2 ; Descendre pour dessiner
G1 X208.00 Y-218.00 F1200
G1 X210.00 Y-220.00 F1200
G1 X212.00 Y-220.00 F1200
G1 X214.00 Y-218.00 F1200
G1 X216.00 Y-218.00 F1200
G1 X218.00 Y-220.00 F1200
G1 X218.00 Y-222.00 F1200
G1 X217.00 Y-223.00 F1200
G1 X215.00 Y-223.00 F1200
G1 X214.00 Y-222.00 F1200
G1 X214.00 Y-221.00 F1200
G1 X214.00 Y-224.00 F1200
G1 X215.00 Y-225.00 F1200
G1 X216.00 Y-225.00 F1200
G1 X217.00 Y-226.00 F1200
G1 X216.00 Y-227.00 F1200
G1 X214.00 Y-227.00 F1200
G1 X212.00 Y-225.00 F1200
G1 X212.00 Y-224.00 F1200
G1 X212.00 Y-225.00 F1200
G1 X211.00 Y-226.00 F1200
G1 X210.00 Y-225.00 F1200
G1 X210.00 Y-224.00 F1200
G1 X210.00 Y-225.00 F1200
G1 X209.00 Y-226.00 F1200
G1 X208.00 Y-225.00 F1200
G1 X208.00 Y-221.00 F1200
G1 X208.00 Y-225.00 F1200
G1 X207.00 Y-226.00 F1200
G1 X206.00 Y-225.00 F1200
G1 X206.00 Y-221.00 F1200
G1 X206.00 Y-225.00 F1200
G1 X205.00 Y-226.00 F1200
G1 X204.00 Y-225.00 F1200
G1 X204.00 Y-220.00 F1200
G0 Z3.0
G0 X574.00 Y-217.00 F1200
G0 Z-0.2 ; Descendre pour dessiner
G1 X572.00 Y-219.00 F1200
G1 X571.00 Y-219.00 F1200
G1 X570.00 Y-218.00 F1200
G1 X568.00 Y-218.00 F1200
G1 X567.00 Y-219.00 F1200
G1 X563.00 Y-219.00 F1200
G1 X562.00 Y-218.00 F1200
G1 X560.00 Y-218.00 F1200
G1 X559.00 Y-219.00 F1200
G1 X558.00 Y-219.00 F1200
G1 X557.00 Y-218.00 F1200
G1 X556.00 Y-218.00 F1200
G1 X555.00 Y-219.00 F1200
G1 X550.00 Y-219.00 F1200
G1 X549.00 Y-218.00 F1200
G1 X548.00 Y-218.00 F1200
G1 X547.00 Y-219.00 F1200
G1 X543.00 Y-219.00 F1200
G1 X542.00 Y-218.00 F1200
G1 X540.00 Y-218.00 F1200
G1 X539.00 Y-219.00 F1200
G1 X538.00 Y-219.00 F1200
G1 X537.00 Y-220.00 F1200
G1 X537.00 Y-225.00 F1200
G1 X538.00 Y-226.00 F1200
G1 X539.00 Y-226.00 F1200
G1 X540.00 Y-227.00 F1200
G1 X542.00 Y-227.00 F1200
G1 X543.00 Y-226.00 F1200
G1 X547.00 Y-226.00 F1200
G1 X548.00 Y-227.00 F1200
G1 X549.00 Y-227.00 F1200
G1 X550.00 Y-226.00 F1200
G1 X555.00 Y-226.00 F1200
G1 X555.00 Y-222.00 F1200
G1 X556.00 Y-221.00 F1200
G1 X557.00 Y-221.00 F1200
G1 X558.00 Y-222.00 F1200
G1 X558.00 Y-226.00 F1200
G1 X564.00 Y-226.00 F1200
G1 X564.00 Y-220.00 F1200
G1 X565.00 Y-219.00 F1200
G1 X566.00 Y-220.00 F1200
G1 X566.00 Y-229.00 F1200
G1 X568.00 Y-229.00 F1200
G1 X568.00 Y-228.00 F1200
G1 X569.00 Y-227.00 F1200
G1 X570.00 Y-227.00 F1200
G1 X571.00 Y-226.00 F1200
G1 X572.00 Y-226.00 F1200
G1 X572.00 Y-224.00 F1200
G1 X572.00 Y-225.00 F1200
G1 X570.00 Y-227.00 F1200
G1 X569.00 Y-227.00 F1200
G1 X567.00 Y-229.00 F1200
G1 X566.00 Y-228.00 F1200
G1 X566.00 Y-220.00 F1200
G1 X568.00 Y-218.00 F1200
G1 X570.00 Y-218.00 F1200
G1 X571.00 Y-219.00 F1200
G1 X572.00 Y-219.00 F1200
G1 X574.00 Y-217.00 F1200
G1 X576.00 Y-217.00 F1200
G1 X577.00 Y-218.00 F1200
G1 X577.00 Y-219.00 F1200
G1 X576.00 Y-220.00 F1200
G1 X576.00 Y-224.00 F1200
G1 X577.00 Y-225.00 F1200
G1 X577.00 Y-226.00 F1200
G1 X576.00 Y-227.00 F1200
G1 X574.00 Y-225.00 F1200
G1 X574.00 Y-220.00 F1200
G1 X574.00 Y-221.00 F1200
G1 X573.00 Y-222.00 F1200
G1 X572.00 Y-221.00 F1200
G1 X574.00 Y-223.00 F1200
G1 X574.00 Y-226.00 F1200
G1 X575.00 Y-226.00 F1200
G1 X576.00 Y-227.00 F1200
G1 X577.00 Y-226.00 F1200
G1 X580.00 Y-226.00 F1200
G1 X581.00 Y-227.00 F1200
G1 X583.00 Y-227.00 F1200
G1 X584.00 Y-226.00 F1200
G1 X585.00 Y-226.00 F1200
G1 X585.00 Y-219.00 F1200
G1 X584.00 Y-219.00 F1200
G1 X583.00 Y-218.00 F1200
G1 X581.00 Y-218.00 F1200
G1 X580.00 Y-219.00 F1200
G1 X579.00 Y-219.00 F1200
G1 X579.00 Y-220.00 F1200
G1 X578.00 Y-221.00 F1200
G1 X577.00 Y-220.00 F1200
G1 X577.00 Y-218.00 F1200
G1 X576.00 Y-217.00 F1200
G0 Z3.0
G0 X583.00 Y-224.00 F1200
G0 Z-0.2 ; Descendre pour dessiner
G1 X584.00 Y-223.00 F1200
G1 X585.00 Y-224.00 F1200
G1 X585.00 Y-225.00 F1200
G1 X584.00 Y-226.00 F1200
G1 X583.00 Y-225.00 F1200
G0 Z3.0
G0 X576.00 Y-221.00 F1200
G0 Z-0.2 ; Descendre pour dessiner
G1 X577.00 Y-220.00 F1200
G1 X578.00 Y-221.00 F1200
G1 X578.00 Y-224.00 F1200
G1 X577.00 Y-225.00 F1200
G1 X576.00 Y-224.00 F1200
G0 Z3.0
G0 X581.00 Y-218.00 F1200
G0 Z-0.2 ; Descendre pour dessiner
G1 X583.00 Y-218.00 F1200
G1 X585.00 Y-220.00 F1200
G1 X585.00 Y-222.00 F1200
G1 X584.00 Y-223.00 F1200
G1 X582.00 Y-223.00 F1200
G1 X581.00 Y-222.00 F1200
G1 X581.00 Y-221.00 F1200
G1 X581.00 Y-224.00 F1200
G1 X582.00 Y-225.00 F1200
G1 X583.00 Y-225.00 F1200
G1 X584.00 Y-226.00 F1200
G1 X583.00 Y-227.00 F1200
G1 X581.00 Y-227.00 F1200
G1 X579.00 Y-225.00 F1200
G1 X579.00 Y-224.00 F1200
G1 X578.00 Y-223.00 F1200
G1 X578.00 Y-222.00 F1200
G1 X579.00 Y-221.00 F1200
G1 X579.00 Y-220.00 F1200
G0 Z3.0
G0 X539.00 Y-219.00 F1200
G0 Z-0.2 ; Descendre pour dessiner
G1 X540.00 Y-218.00 F1200
G1 X542.00 Y-218.00 F1200
G1 X543.00 Y-219.00 F1200
G1 X547.00 Y-219.00 F1200
G1 X548.00 Y-218.00 F1200
G1 X549.00 Y-218.00 F1200
G1 X550.00 Y-219.00 F1200
G1 X555.00 Y-219.00 F1200
G1 X556.00 Y-218.00 F1200
G1 X557.00 Y-218.00 F1200
G1 X558.00 Y-219.00 F1200
G1 X559.00 Y-219.00 F1200
G1 X560.00 Y-218.00 F1200
G1 X562.00 Y-218.00 F1200
G1 X564.00 Y-220.00 F1200
G1 X564.00 Y-225.00 F1200
G1 X563.00 Y-226.00 F1200
G1 X562.00 Y-225.00 F1200
G1 X562.00 Y-221.00 F1200
G1 X562.00 Y-225.00 F1200
G1 X561.00 Y-226.00 F1200
G1 X560.00 Y-225.00 F1200
G1 X560.00 Y-221.00 F1200
G1 X560.00 Y-225.00 F1200
G1 X559.00 Y-226.00 F1200
G1 X558.00 Y-225.00 F1200
G1 X558.00 Y-222.00 F1200
G1 X557.00 Y-221.00 F1200
G1 X556.00 Y-221.00 F1200
G1 X555.00 Y-222.00 F1200
G1 X555.00 Y-225.00 F1200
G1 X554.00 Y-226.00 F1200
G1 X550.00 Y-226.00 F1200
G1 X549.00 Y-227.00 F1200
G1 X548.00 Y-227.00 F1200
G1 X547.00 Y-226.00 F1200
G1 X543.00 Y-226.00 F1200
G1 X542.00 Y-227.00 F1200
G1 X540.00 Y-227.00 F1200
G1 X539.00 Y-226.00 F1200
G1 X538.00 Y-226.00 F1200
G1 X537.00 Y-225.00 F1200
G1 X537.00 Y-220.00 F1200
G1 X538.00 Y-219.00 F1200
G0 Z3.0
G0 X548.00 Y-221.00 F1200
G0 Z-0.2 ; Descendre pour dessiner
G1 X547.00 Y-222.00 F1200
G1 X547.00 Y-223.00 F1200
G1 X548.00 Y-224.00 F1200
G1 X549.00 Y-224.00 F1200
G1 X550.00 Y-223.00 F1200
G1 X550.00 Y-222.00 F1200
G1 X549.00 Y-221.00 F1200
G0 Z3.0
G0 X547.00 Y-222.00 F1200
G0 Z-0.2 ; Descendre pour dessiner
G1 X548.00 Y-221.00 F1200
G1 X549.00 Y-221.00 F1200
G1 X550.00 Y-222.00 F1200
G1 X550.00 Y-223.00 F1200
G1 X549.00 Y-224.00 F1200
G1 X548.00 Y-224.00 F1200
G1 X547.00 Y-223.00 F1200
G0 Z3.0
G0 X540.00 Y-221.00 F1200
G0 Z-0.2 ; Descendre pour dessiner
G1 X540.00 Y-224.00 F1200
G1 X543.00 Y-224.00 F1200
G1 X544.00 Y-223.00 F1200
G1 X544.00 Y-222.00 F1200
G1 X543.00 Y-221.00 F1200
G0 Z3.0
G0 X540.00 Y-222.00 F1200
G0 Z-0.2 ; Descendre pour dessiner
G1 X541.00 Y-221.00 F1200
G1 X543.00 Y-221.00 F1200
G1 X544.00 Y-222.00 F1200
G1 X544.00 Y-223.00 F1200
G1 X543.00 Y-224.00 F1200
G1 X541.00 Y-224.00 F1200
G1 X540.00 Y-223.00 F1200
G0 Z3.0
G0 X172.00 Y-217.00 F1200
G0 Z-0.2 ; Descendre pour dessiner
G1 X171.00 Y-218.00 F1200
G1 X171.00 Y-219.00 F1200
G1 X169.00 Y-221.00 F1200
G1 X169.00 Y-224.00 F1200
G1 X170.00 Y-225.00 F1200
G1 X171.00 Y-225.00 F1200
G1 X172.00 Y-226.00 F1200
G1 X171.00 Y-227.00 F1200
G1 X169.00 Y-227.00 F1200
G1 X168.00 Y-226.00 F1200
G1 X167.00 Y-226.00 F1200
G1 X166.00 Y-225.00 F1200
G1 X166.00 Y-224.00 F1200
G1 X164.00 Y-224.00 F1200
G1 X164.00 Y-227.00 F1200
G1 X161.00 Y-230.00 F1200
G1 X162.00 Y-229.00 F1200
G1 X163.00 Y-229.00 F1200
G1 X163.00 Y-228.00 F1200
G1 X164.00 Y-227.00 F1200
G1 X164.00 Y-225.00 F1200
G1 X165.00 Y-224.00 F1200
G1 X167.00 Y-226.00 F1200
G1 X168.00 Y-226.00 F1200
G1 X169.00 Y-227.00 F1200
G1 X171.00 Y-227.00 F1200
G1 X172.00 Y-226.00 F1200
G1 X173.00 Y-226.00 F1200
G1 X173.00 Y-219.00 F1200
G1 X172.00 Y-219.00 F1200
G1 X171.00 Y-218.00 F1200
G0 Z3.0
G0 X171.00 Y-224.00 F1200
G0 Z-0.2 ; Descendre pour dessiner
G1 X172.00 Y-223.00 F1200
G1 X173.00 Y-224.00 F1200
G1 X173.00 Y-225.00 F1200
G1 X172.00 Y-226.00 F1200
G1 X171.00 Y-225.00 F1200
G0 Z3.0
G0 X170.00 Y-220.00 F1200
G0 Z-0.2 ; Descendre pour dessiner
G1 X171.00 Y-219.00 F1200
G1 X172.00 Y-219.00 F1200
G1 X173.00 Y-220.00 F1200
G1 X173.00 Y-222.00 F1200
G1 X172.00 Y-223.00 F1200
G1 X170.00 Y-223.00 F1200
G1 X169.00 Y-222.00 F1200
G1 X169.00 Y-221.00 F1200
G1 X170.00 Y-220.00 F1200
G1 X171.00 Y-221.00 F1200
G0 Z3.0
G0 X522.00 Y-216.00 F1200
G0 Z-0.2 ; Descendre pour dessiner
G1 X522.00 Y-217.00 F1200
G1 X521.00 Y-218.00 F1200
G1 X520.00 Y-218.00 F1200
G1 X519.00 Y-219.00 F1200
G1 X518.00 Y-219.00 F1200
G1 X518.00 Y-226.00 F1200
G1 X519.00 Y-226.00 F1200
G1 X520.00 Y-227.00 F1200
G1 X522.00 Y-227.00 F1200
G1 X523.00 Y-226.00 F1200
G1 X527.00 Y-226.00 F1200
G1 X528.00 Y-227.00 F1200
G1 X530.00 Y-227.00 F1200
G1 X531.00 Y-226.00 F1200
G1 X532.00 Y-226.00 F1200
G1 X532.00 Y-219.00 F1200
G1 X526.00 Y-219.00 F1200
G1 X525.00 Y-218.00 F1200
G1 X525.00 Y-217.00 F1200
G1 X524.00 Y-216.00 F1200
G0 Z3.0
G0 X526.00 Y-220.00 F1200
G0 Z-0.2 ; Descendre pour dessiner
G1 X527.00 Y-219.00 F1200
G1 X528.00 Y-220.00 F1200
G1 X528.00 Y-224.00 F1200
G1 X528.00 Y-220.00 F1200
G1 X529.00 Y-219.00 F1200
G1 X530.00 Y-220.00 F1200
G1 X530.00 Y-224.00 F1200
G1 X530.00 Y-220.00 F1200
G1 X531.00 Y-219.00 F1200
G1 X532.00 Y-220.00 F1200
G1 X532.00 Y-225.00 F1200
G1 X530.00 Y-227.00 F1200
G1 X528.00 Y-227.00 F1200
G1 X526.00 Y-225.00 F1200
G0 Z3.0
G0 X524.00 Y-219.00 F1200
G0 Z-0.2 ; Descendre pour dessiner
G1 X525.00 Y-218.00 F1200
G1 X526.00 Y-219.00 F1200
G1 X526.00 Y-225.00 F1200
G1 X525.00 Y-226.00 F1200
G1 X524.00 Y-225.00 F1200
G0 Z3.0
G0 X523.00 Y-216.00 F1200
G0 Z-0.2 ; Descendre pour dessiner
G1 X524.00 Y-216.00 F1200
G1 X525.00 Y-217.00 F1200
G1 X525.00 Y-218.00 F1200
G1 X524.00 Y-219.00 F1200
G1 X524.00 Y-225.00 F1200
G1 X522.00 Y-227.00 F1200
G1 X520.00 Y-227.00 F1200
G1 X518.00 Y-225.00 F1200
G1 X518.00 Y-220.00 F1200
G1 X520.00 Y-218.00 F1200
G1 X521.00 Y-218.00 F1200
G0 Z3.0
G0 X194.00 Y-216.00 F1200
G0 Z-0.2 ; Descendre pour dessiner
G1 X194.00 Y-225.00 F1200
G1 X195.00 Y-226.00 F1200
G1 X196.00 Y-226.00 F1200
G1 X197.00 Y-227.00 F1200
G1 X199.00 Y-227.00 F1200
G1 X200.00 Y-226.00 F1200
G1 X202.00 Y-226.00 F1200
G1 X202.00 Y-216.00 F1200
G1 X200.00 Y-216.00 F1200
G1 X200.00 Y-223.00 F1200
G1 X199.00 Y-224.00 F1200
G1 X198.00 Y-224.00 F1200
G1 X196.00 Y-222.00 F1200
G1 X196.00 Y-216.00 F1200
G0 Z3.0
G0 X194.00 Y-217.00 F1200
G0 Z-0.2 ; Descendre pour dessiner
G1 X195.00 Y-216.00 F1200
G1 X196.00 Y-217.00 F1200
G1 X196.00 Y-222.00 F1200
G1 X197.00 Y-223.00 F1200
G1 X197.00 Y-224.00 F1200
G1 X199.00 Y-224.00 F1200
G1 X200.00 Y-223.00 F1200
G1 X200.00 Y-217.00 F1200
G1 X201.00 Y-216.00 F1200
G1 X202.00 Y-217.00 F1200
G1 X202.00 Y-225.00 F1200
G1 X201.00 Y-226.00 F1200
G1 X200.00 Y-226.00 F1200
G1 X199.00 Y-227.00 F1200
G1 X197.00 Y-227.00 F1200
G1 X194.00 Y-224.00 F1200
G0 Z3.0
G0 X169.00 Y-216.00 F1200
G0 Z-0.2 ; Descendre pour dessiner
G1 X169.00 Y-218.00 F1200
G1 X168.00 Y-219.00 F1200
G1 X157.00 Y-219.00 F1200
G1 X156.00 Y-218.00 F1200
G1 X154.00 Y-218.00 F1200
G1 X153.00 Y-219.00 F1200
G1 X149.00 Y-219.00 F1200
G1 X148.00 Y-220.00 F1200
G1 X147.00 Y-219.00 F1200
G1 X145.00 Y-219.00 F1200
G1 X144.00 Y-218.00 F1200
G1 X143.00 Y-219.00 F1200
G1 X142.00 Y-219.00 F1200
G1 X141.00 Y-218.00 F1200
G1 X140.00 Y-218.00 F1200
G1 X139.00 Y-219.00 F1200
G1 X134.00 Y-219.00 F1200
G1 X133.00 Y-218.00 F1200
G1 X132.00 Y-218.00 F1200
G1 X131.00 Y-219.00 F1200
G1 X130.00 Y-219.00 F1200
G1 X129.00 Y-220.00 F1200
G1 X129.00 Y-225.00 F1200
G1 X130.00 Y-226.00 F1200
G1 X131.00 Y-226.00 F1200
G1 X132.00 Y-227.00 F1200
G1 X134.00 Y-227.00 F1200
G1 X135.00 Y-226.00 F1200
G1 X139.00 Y-226.00 F1200
G1 X139.00 Y-222.00 F1200
G1 X140.00 Y-221.00 F1200
G1 X141.00 Y-221.00 F1200
G1 X142.00 Y-222.00 F1200
G1 X142.00 Y-226.00 F1200
G1 X144.00 Y-226.00 F1200
G1 X144.00 Y-223.00 F1200
G1 X145.00 Y-222.00 F1200
G1 X146.00 Y-223.00 F1200
G1 X146.00 Y-226.00 F1200
G1 X149.00 Y-226.00 F1200
G1 X149.00 Y-225.00 F1200
G1 X150.00 Y-224.00 F1200
G1 X150.00 Y-221.00 F1200
G1 X149.00 Y-220.00 F1200
G1 X150.00 Y-219.00 F1200
G1 X153.00 Y-219.00 F1200
G1 X154.00 Y-218.00 F1200
G1 X156.00 Y-218.00 F1200
G1 X157.00 Y-219.00 F1200
G1 X168.00 Y-219.00 F1200
G1 X169.00 Y-218.00 F1200
G0 Z3.0
G0 X131.00 Y-226.00 F1200
G0 Z-0.2 ; Descendre pour dessiner
G1 X132.00 Y-225.00 F1200
G1 X134.00 Y-225.00 F1200
G1 X135.00 Y-226.00 F1200
G1 X134.00 Y-227.00 F1200
G1 X132.00 Y-227.00 F1200
G0 Z3.0
G0 X134.00 Y-224.00 F1200
G0 Z-0.2 ; Descendre pour dessiner
G1 X135.00 Y-223.00 F1200
G1 X136.00 Y-223.00 F1200
G1 X137.00 Y-224.00 F1200
G1 X137.00 Y-225.00 F1200
G1 X136.00 Y-226.00 F1200
G1 X135.00 Y-226.00 F1200
G1 X134.00 Y-225.00 F1200
G0 Z3.0
G0 X131.00 Y-224.00 F1200
G0 Z-0.2 ; Descendre pour dessiner
G1 X132.00 Y-223.00 F1200
G1 X133.00 Y-223.00 F1200
G1 X134.00 Y-224.00 F1200
G1 X133.00 Y-225.00 F1200
G1 X132.00 Y-225.00 F1200
G0 Z3.0
G0 X145.00 Y-220.00 F1200
G0 Z-0.2 ; Descendre pour dessiner
G1 X146.00 Y-219.00 F1200
G1 X147.00 Y-220.00 F1200
G1 X149.00 Y-220.00 F1200
G1 X150.00 Y-221.00 F1200
G1 X150.00 Y-224.00 F1200
G1 X148.00 Y-226.00 F1200
G1 X147.00 Y-226.00 F1200
G1 X146.00 Y-225.00 F1200
G1 X146.00 Y-223.00 F1200
G1 X145.00 Y-222.00 F1200
G0 Z3.0
G0 X139.00 Y-219.00 F1200
G0 Z-0.2 ; Descendre pour dessiner
G1 X140.00 Y-218.00 F1200
G1 X141.00 Y-218.00 F1200
G1 X143.00 Y-220.00 F1200
G1 X143.00 Y-219.00 F1200
G1 X144.00 Y-218.00 F1200
G1 X145.00 Y-219.00 F1200
G1 X145.00 Y-221.00 F1200
G1 X144.00 Y-222.00 F1200
G1 X144.00 Y-225.00 F1200
G1 X143.00 Y-226.00 F1200
G1 X142.00 Y-225.00 F1200
G1 X142.00 Y-222.00 F1200
G1 X141.00 Y-221.00 F1200
G1 X140.00 Y-221.00 F1200
G1 X139.00 Y-222.00 F1200
G1 X139.00 Y-225.00 F1200
G1 X138.00 Y-226.00 F1200
G1 X137.00 Y-225.00 F1200
G1 X137.00 Y-223.00 F1200
G1 X131.00 Y-223.00 F1200
G1 X131.00 Y-224.00 F1200
G1 X132.00 Y-225.00 F1200
G1 X131.00 Y-226.00 F1200
G1 X130.00 Y-226.00 F1200
G1 X129.00 Y-225.00 F1200
G1 X129.00 Y-220.00 F1200
G1 X130.00 Y-219.00 F1200
G1 X131.00 Y-219.00 F1200
G1 X132.00 Y-220.00 F1200
G1 X132.00 Y-221.00 F1200
G1 X133.00 Y-220.00 F1200
G1 X134.00 Y-221.00 F1200
G1 X133.00 Y-220.00 F1200
G1 X134.00 Y-219.00 F1200
G0 Z3.0
G0 X131.00 Y-219.00 F1200
G0 Z-0.2 ; Descendre pour dessiner
G1 X132.00 Y-218.00 F1200
G1 X133.00 Y-218.00 F1200
G1 X134.00 Y-219.00 F1200
G1 X133.00 Y-220.00 F1200
G1 X132.00 Y-220.00 F1200
G0 Z3.0
G0 X122.00 Y-216.00 F1200
G0 Z-0.2 ; Descendre pour dessiner
G1 X122.00 Y-219.00 F1200
G1 X122.00 Y-217.00 F1200
G1 X123.00 Y-216.00 F1200
G1 X124.00 Y-217.00 F1200
G1 X124.00 Y-225.00 F1200
G1 X123.00 Y-226.00 F1200
G1 X120.00 Y-226.00 F1200
G1 X119.00 Y-225.00 F1200
G1 X119.00 Y-224.00 F1200
G1 X120.00 Y-223.00 F1200
G1 X121.00 Y-223.00 F1200
G1 X122.00 Y-224.00 F1200
G1 X122.00 Y-223.00 F1200
G1 X118.00 Y-223.00 F1200
G1 X117.00 Y-222.00 F1200
G1 X117.00 Y-221.00 F1200
G1 X117.00 Y-224.00 F1200
G1 X118.00 Y-225.00 F1200
G1 X119.00 Y-225.00 F1200
G1 X120.00 Y-226.00 F1200
G1 X119.00 Y-227.00 F1200
G1 X117.00 Y-227.00 F1200
G1 X115.00 Y-225.00 F1200
G1 X113.00 Y-225.00 F1200
G1 X111.00 Y-227.00 F1200
G1 X110.00 Y-227.00 F1200
G1 X108.00 Y-229.00 F1200
G1 X107.00 Y-228.00 F1200
G1 X107.00 Y-220.00 F1200
G1 X109.00 Y-218.00 F1200
G1 X111.00 Y-218.00 F1200
G1 X113.00 Y-220.00 F1200
G1 X115.00 Y-220.00 F1200
G1 X117.00 Y-218.00 F1200
G1 X119.00 Y-218.00 F1200
G1 X120.00 Y-219.00 F1200
G1 X119.00 Y-218.00 F1200
G1 X117.00 Y-218.00 F1200
G1 X116.00 Y-219.00 F1200
G1 X115.00 Y-219.00 F1200
G1 X114.00 Y-220.00 F1200
G1 X113.00 Y-219.00 F1200
G1 X112.00 Y-219.00 F1200
G1 X111.00 Y-218.00 F1200
G1 X109.00 Y-218.00 F1200
G1 X108.00 Y-219.00 F1200
G1 X107.00 Y-219.00 F1200
G1 X107.00 Y-229.00 F1200
G1 X109.00 Y-229.00 F1200
G1 X109.00 Y-228.00 F1200
G1 X110.00 Y-227.00 F1200
G1 X111.00 Y-227.00 F1200
G1 X112.00 Y-226.00 F1200
G1 X113.00 Y-226.00 F1200
G1 X114.00 Y-225.00 F1200
G1 X115.00 Y-226.00 F1200
G1 X116.00 Y-226.00 F1200
G1 X117.00 Y-227.00 F1200
G1 X119.00 Y-227.00 F1200
G1 X120.00 Y-226.00 F1200
G1 X124.00 Y-226.00 F1200
G1 X124.00 Y-216.00 F1200
G0 Z3.0
G0 X92.00 Y-216.00 F1200
G0 Z-0.2 ; Descendre pour dessiner
G1 X91.00 Y-217.00 F1200
G1 X91.00 Y-219.00 F1200
G1 X90.00 Y-220.00 F1200
G1 X90.00 Y-221.00 F1200
G1 X89.00 Y-222.00 F1200
G1 X89.00 Y-224.00 F1200
G1 X88.00 Y-225.00 F1200
G1 X89.00 Y-224.00 F1200
G1 X89.00 Y-222.00 F1200
G1 X90.00 Y-221.00 F1200
G1 X90.00 Y-220.00 F1200
G1 X91.00 Y-219.00 F1200
G1 X91.00 Y-217.00 F1200
G1 X92.00 Y-216.00 F1200
G1 X94.00 Y-216.00 F1200
G1 X95.00 Y-217.00 F1200
G1 X95.00 Y-218.00 F1200
G1 X96.00 Y-219.00 F1200
G1 X96.00 Y-222.00 F1200
G1 X97.00 Y-223.00 F1200
G1 X98.00 Y-222.00 F1200
G1 X98.00 Y-220.00 F1200
G1 X99.00 Y-219.00 F1200
G1 X100.00 Y-219.00 F1200
G1 X101.00 Y-218.00 F1200
G1 X103.00 Y-218.00 F1200
G1 X105.00 Y-220.00 F1200
G1 X105.00 Y-225.00 F1200
G1 X103.00 Y-227.00 F1200
G1 X101.00 Y-227.00 F1200
G1 X99.00 Y-229.00 F1200
G1 X95.00 Y-225.00 F1200
G1 X94.00 Y-225.00 F1200
G1 X93.00 Y-224.00 F1200
G1 X91.00 Y-226.00 F1200
G1 X90.00 Y-226.00 F1200
G1 X91.00 Y-226.00 F1200
G1 X93.00 Y-224.00 F1200
G1 X95.00 Y-226.00 F1200
G1 X96.00 Y-226.00 F1200
G1 X98.00 Y-228.00 F1200
G1 X98.00 Y-229.00 F1200
G1 X100.00 Y-229.00 F1200
G1 X100.00 Y-228.00 F1200
G1 X101.00 Y-227.00 F1200
G1 X103.00 Y-227.00 F1200
G1 X104.00 Y-226.00 F1200
G1 X105.00 Y-226.00 F1200
G1 X105.00 Y-219.00 F1200
G1 X104.00 Y-219.00 F1200
G1 X103.00 Y-218.00 F1200
G1 X101.00 Y-218.00 F1200
G1 X100.00 Y-219.00 F1200
G1 X98.00 Y-219.00 F1200
G1 X98.00 Y-222.00 F1200
G1 X97.00 Y-223.00 F1200
G1 X96.00 Y-222.00 F1200
G1 X96.00 Y-219.00 F1200
G1 X95.00 Y-218.00 F1200
G1 X95.00 Y-216.00 F1200
G0 Z3.0
G0 X499.00 Y-215.00 F1200
G0 Z-0.2 ; Descendre pour dessiner
G1 X498.00 Y-216.00 F1200
G1 X498.00 Y-218.00 F1200
G1 X497.00 Y-219.00 F1200
G1 X496.00 Y-219.00 F1200
G1 X495.00 Y-218.00 F1200
G1 X493.00 Y-218.00 F1200
G1 X492.00 Y-219.00 F1200
G1 X491.00 Y-219.00 F1200
G1 X492.00 Y-219.00 F1200
G1 X494.00 Y-221.00 F1200
G1 X493.00 Y-222.00 F1200
G1 X493.00 Y-223.00 F1200
G1 X494.00 Y-223.00 F1200
G1 X495.00 Y-224.00 F1200
G1 X494.00 Y-225.00 F1200
G1 X493.00 Y-225.00 F1200
G1 X492.00 Y-226.00 F1200
G1 X488.00 Y-226.00 F1200
G1 X487.00 Y-225.00 F1200
G1 X487.00 Y-217.00 F1200
G1 X488.00 Y-216.00 F1200
G1 X489.00 Y-217.00 F1200
G1 X489.00 Y-219.00 F1200
G1 X489.00 Y-216.00 F1200
G1 X487.00 Y-216.00 F1200
G1 X487.00 Y-225.00 F1200
G1 X486.00 Y-226.00 F1200
G1 X485.00 Y-225.00 F1200
G1 X485.00 Y-219.00 F1200
G1 X479.00 Y-219.00 F1200
G1 X477.00 Y-217.00 F1200
G1 X475.00 Y-217.00 F1200
G1 X474.00 Y-218.00 F1200
G1 X474.00 Y-219.00 F1200
G1 X473.00 Y-220.00 F1200
G1 X472.00 Y-219.00 F1200
G1 X471.00 Y-219.00 F1200
G1 X472.00 Y-219.00 F1200
G1 X473.00 Y-220.00 F1200
G1 X472.00 Y-221.00 F1200
G1 X472.00 Y-225.00 F1200
G1 X471.00 Y-226.00 F1200
G1 X469.00 Y-226.00 F1200
G1 X468.00 Y-227.00 F1200
G1 X466.00 Y-225.00 F1200
G1 X466.00 Y-222.00 F1200
G1 X465.00 Y-221.00 F1200
G1 X465.00 Y-218.00 F1200
G1 X466.00 Y-217.00 F1200
G1 X468.00 Y-217.00 F1200
G1 X469.00 Y-218.00 F1200
G1 X469.00 Y-219.00 F1200
G1 X468.00 Y-220.00 F1200
G1 X468.00 Y-224.00 F1200
G1 X468.00 Y-220.00 F1200
G1 X469.00 Y-219.00 F1200
G1 X469.00 Y-218.00 F1200
G1 X468.00 Y-217.00 F1200
G1 X466.00 Y-217.00 F1200
G1 X465.00 Y-218.00 F1200
G1 X465.00 Y-221.00 F1200
G1 X466.00 Y-222.00 F1200
G1 X466.00 Y-226.00 F1200
G1 X467.00 Y-226.00 F1200
G1 X468.00 Y-227.00 F1200
G1 X469.00 Y-226.00 F1200
G1 X472.00 Y-226.00 F1200
G1 X472.00 Y-221.00 F1200
G1 X473.00 Y-220.00 F1200
G1 X475.00 Y-222.00 F1200
G1 X475.00 Y-226.00 F1200
G1 X476.00 Y-226.00 F1200
G1 X477.00 Y-227.00 F1200
G1 X478.00 Y-226.00 F1200
G1 X480.00 Y-226.00 F1200
G1 X481.00 Y-227.00 F1200
G1 X483.00 Y-227.00 F1200
G1 X484.00 Y-226.00 F1200
G1 X492.00 Y-226.00 F1200
G1 X493.00 Y-227.00 F1200
G1 X494.00 Y-227.00 F1200
G1 X495.00 Y-226.00 F1200
G1 X504.00 Y-226.00 F1200
G1 X504.00 Y-221.00 F1200
G1 X504.00 Y-225.00 F1200
G1 X503.00 Y-226.00 F1200
G1 X502.00 Y-225.00 F1200
G1 X502.00 Y-220.00 F1200
G1 X504.00 Y-218.00 F1200
G1 X505.00 Y-218.00 F1200
G1 X506.00 Y-219.00 F1200
G1 X508.00 Y-219.00 F1200
G1 X509.00 Y-218.00 F1200
G1 X511.00 Y-218.00 F1200
G1 X513.00 Y-220.00 F1200
G1 X513.00 Y-222.00 F1200
G1 X512.00 Y-223.00 F1200
G1 X510.00 Y-223.00 F1200
G1 X509.00 Y-222.00 F1200
G1 X509.00 Y-221.00 F1200
G1 X509.00 Y-224.00 F1200
G1 X510.00 Y-225.00 F1200
G1 X511.00 Y-225.00 F1200
G1 X512.00 Y-226.00 F1200
G1 X511.00 Y-227.00 F1200
G1 X509.00 Y-227.00 F1200
G1 X508.00 Y-226.00 F1200
G1 X507.00 Y-226.00 F1200
G1 X506.00 Y-225.00 F1200
G1 X506.00 Y-221.00 F1200
G1 X506.00 Y-225.00 F1200
G1 X507.00 Y-226.00 F1200
G1 X508.00 Y-226.00 F1200
G1 X509.00 Y-227.00 F1200
G1 X511.00 Y-227.00 F1200
G1 X512.00 Y-226.00 F1200
G1 X513.00 Y-226.00 F1200
G1 X513.00 Y-219.00 F1200
G1 X512.00 Y-219.00 F1200
G1 X511.00 Y-218.00 F1200
G1 X509.00 Y-218.00 F1200
G1 X508.00 Y-219.00 F1200
G1 X506.00 Y-219.00 F1200
G1 X505.00 Y-218.00 F1200
G1 X504.00 Y-218.00 F1200
G1 X503.00 Y-219.00 F1200
G1 X501.00 Y-219.00 F1200
G1 X500.00 Y-218.00 F1200
G1 X500.00 Y-216.00 F1200
G0 Z3.0
G0 X492.00 Y-226.00 F1200
G0 Z-0.2 ; Descendre pour dessiner
G1 X493.00 Y-225.00 F1200
G1 X494.00 Y-225.00 F1200
G1 X495.00 Y-226.00 F1200
G1 X494.00 Y-227.00 F1200
G1 X493.00 Y-227.00 F1200
G0 Z3.0
G0 X511.00 Y-224.00 F1200
G0 Z-0.2 ; Descendre pour dessiner
G1 X512.00 Y-223.00 F1200
G1 X513.00 Y-224.00 F1200
G1 X513.00 Y-225.00 F1200
G1 X512.00 Y-226.00 F1200
G1 X511.00 Y-225.00 F1200
G0 Z3.0
G0 X500.00 Y-220.00 F1200
G0 Z-0.2 ; Descendre pour dessiner
G1 X501.00 Y-219.00 F1200
G1 X502.00 Y-220.00 F1200
G1 X502.00 Y-225.00 F1200
G1 X501.00 Y-226.00 F1200
G1 X500.00 Y-225.00 F1200
G0 Z3.0
G0 X492.00 Y-219.00 F1200
G0 Z-0.2 ; Descendre pour dessiner
G1 X493.00 Y-218.00 F1200
G1 X495.00 Y-218.00 F1200
G1 X496.00 Y-219.00 F1200
G1 X499.00 Y-219.00 F1200
G1 X500.00 Y-220.00 F1200
G1 X500.00 Y-225.00 F1200
G1 X499.00 Y-226.00 F1200
G1 X495.00 Y-226.00 F1200
G1 X494.00 Y-225.00 F1200
G1 X495.00 Y-224.00 F1200
G1 X494.00 Y-223.00 F1200
G1 X495.00 Y-222.00 F1200
G1 X494.00 Y-221.00 F1200
G1 X494.00 Y-220.00 F1200
G1 X493.00 Y-220.00 F1200
G0 Z3.0
G0 X474.00 Y-218.00 F1200
G0 Z-0.2 ; Descendre pour dessiner
G1 X475.00 Y-217.00 F1200
G1 X477.00 Y-217.00 F1200
G1 X478.00 Y-218.00 F1200
G1 X477.00 Y-219.00 F1200
G1 X477.00 Y-224.00 F1200
G1 X477.00 Y-221.00 F1200
G1 X478.00 Y-220.00 F1200
G1 X479.00 Y-221.00 F1200
G1 X479.00 Y-224.00 F1200
G1 X479.00 Y-220.00 F1200
G1 X480.00 Y-219.00 F1200
G1 X481.00 Y-220.00 F1200
G1 X481.00 Y-224.00 F1200
G1 X481.00 Y-220.00 F1200
G1 X482.00 Y-219.00 F1200
G1 X483.00 Y-220.00 F1200
G1 X483.00 Y-224.00 F1200
G1 X483.00 Y-220.00 F1200
G1 X484.00 Y-219.00 F1200
G1 X485.00 Y-220.00 F1200
G1 X485.00 Y-225.00 F1200
G1 X483.00 Y-227.00 F1200
G1 X481.00 Y-227.00 F1200
G1 X480.00 Y-226.00 F1200
G1 X478.00 Y-226.00 F1200
G1 X477.00 Y-227.00 F1200
G1 X475.00 Y-225.00 F1200
G1 X475.00 Y-222.00 F1200
G1 X474.00 Y-221.00 F1200
G0 Z3.0
G0 X438.00 Y-215.00 F1200
G0 Z-0.2 ; Descendre pour dessiner
G1 X439.00 Y-216.00 F1200
G1 X438.00 Y-217.00 F1200
G1 X435.00 Y-217.00 F1200
G1 X438.00 Y-217.00 F1200
G1 X439.00 Y-218.00 F1200
G1 X439.00 Y-225.00 F1200
G1 X438.00 Y-226.00 F1200
G1 X437.00 Y-225.00 F1200
G1 X437.00 Y-219.00 F1200
G1 X433.00 Y-219.00 F1200
G1 X432.00 Y-218.00 F1200
G1 X430.00 Y-218.00 F1200
G1 X429.00 Y-219.00 F1200
G1 X425.00 Y-219.00 F1200
G1 X424.00 Y-218.00 F1200
G1 X422.00 Y-218.00 F1200
G1 X421.00 Y-219.00 F1200
G1 X420.00 Y-219.00 F1200
G1 X419.00 Y-218.00 F1200
G1 X418.00 Y-218.00 F1200
G1 X417.00 Y-219.00 F1200
G1 X415.00 Y-219.00 F1200
G1 X415.00 Y-220.00 F1200
G1 X414.00 Y-221.00 F1200
G1 X411.00 Y-221.00 F1200
G1 X410.00 Y-220.00 F1200
G1 X410.00 Y-219.00 F1200
G1 X408.00 Y-219.00 F1200
G1 X407.00 Y-218.00 F1200
G1 X406.00 Y-218.00 F1200
G1 X405.00 Y-219.00 F1200
G1 X404.00 Y-219.00 F1200
G1 X403.00 Y-220.00 F1200
G1 X403.00 Y-225.00 F1200
G1 X404.00 Y-226.00 F1200
G1 X405.00 Y-226.00 F1200
G1 X406.00 Y-227.00 F1200
G1 X408.00 Y-227.00 F1200
G1 X409.00 Y-226.00 F1200
G1 X410.00 Y-226.00 F1200
G1 X410.00 Y-224.00 F1200
G1 X411.00 Y-223.00 F1200
G1 X413.00 Y-223.00 F1200
G1 X415.00 Y-225.00 F1200
G1 X415.00 Y-226.00 F1200
G1 X417.00 Y-226.00 F1200
G1 X417.00 Y-222.00 F1200
G1 X418.00 Y-221.00 F1200
G1 X419.00 Y-221.00 F1200
G1 X420.00 Y-222.00 F1200
G1 X420.00 Y-226.00 F1200
G1 X429.00 Y-226.00 F1200
G1 X430.00 Y-227.00 F1200
G1 X431.00 Y-227.00 F1200
G1 X432.00 Y-226.00 F1200
G1 X441.00 Y-226.00 F1200
G1 X441.00 Y-216.00 F1200
G1 X439.00 Y-216.00 F1200
G0 Z3.0
G0 X429.00 Y-226.00 F1200
G0 Z-0.2 ; Descendre pour dessiner
G1 X430.00 Y-225.00 F1200
G1 X431.00 Y-225.00 F1200
G1 X432.00 Y-226.00 F1200
G1 X431.00 Y-227.00 F1200
G1 X430.00 Y-227.00 F1200
G0 Z3.0
G0 X405.00 Y-226.00 F1200
G0 Z-0.2 ; Descendre pour dessiner
G1 X406.00 Y-225.00 F1200
G1 X408.00 Y-225.00 F1200
G1 X409.00 Y-226.00 F1200
G1 X408.00 Y-227.00 F1200
G1 X406.00 Y-227.00 F1200
G0 Z3.0
G0 X408.00 Y-224.00 F1200
G0 Z-0.2 ; Descendre pour dessiner
G1 X409.00 Y-223.00 F1200
G1 X410.00 Y-224.00 F1200
G1 X410.00 Y-225.00 F1200
G1 X409.00 Y-226.00 F1200
G1 X408.00 Y-225.00 F1200
G0 Z3.0
G0 X405.00 Y-224.00 F1200
G0 Z-0.2 ; Descendre pour dessiner
G1 X406.00 Y-223.00 F1200
G1 X407.00 Y-223.00 F1200
G1 X408.00 Y-224.00 F1200
G1 X407.00 Y-225.00 F1200
G1 X406.00 Y-225.00 F1200
G0 Z3.0
G0 X426.00 Y-220.00 F1200
G0 Z-0.2 ; Descendre pour dessiner
G1 X427.00 Y-219.00 F1200
G1 X428.00 Y-220.00 F1200
G1 X428.00 Y-222.00 F1200
G1 X427.00 Y-223.00 F1200
G1 X426.00 Y-222.00 F1200
G0 Z3.0
G0 X429.00 Y-219.00 F1200
G0 Z-0.2 ; Descendre pour dessiner
G1 X430.00 Y-218.00 F1200
G1 X432.00 Y-218.00 F1200
G1 X433.00 Y-219.00 F1200
G1 X436.00 Y-219.00 F1200
G1 X437.00 Y-220.00 F1200
G1 X437.00 Y-225.00 F1200
G1 X436.00 Y-226.00 F1200
G1 X432.00 Y-226.00 F1200
G1 X431.00 Y-225.00 F1200
G1 X432.00 Y-224.00 F1200
G1 X432.00 Y-221.00 F1200
G1 X431.00 Y-220.00 F1200
G1 X430.00 Y-220.00 F1200
G0 Z3.0
G0 X417.00 Y-219.00 F1200
G0 Z-0.2 ; Descendre pour dessiner
G1 X418.00 Y-218.00 F1200
G1 X419.00 Y-218.00 F1200
G1 X420.00 Y-219.00 F1200
G1 X421.00 Y-219.00 F1200
G1 X422.00 Y-218.00 F1200
G1 X424.00 Y-218.00 F1200
G1 X426.00 Y-220.00 F1200
G1 X426.00 Y-224.00 F1200
G1 X427.00 Y-223.00 F1200
G1 X428.00 Y-224.00 F1200
G1 X428.00 Y-220.00 F1200
G1 X429.00 Y-219.00 F1200
G1 X430.00 Y-220.00 F1200
G1 X431.00 Y-220.00 F1200
G1 X432.00 Y-221.00 F1200
G1 X432.00 Y-222.00 F1200
G1 X431.00 Y-223.00 F1200
G1 X430.00 Y-222.00 F1200
G1 X430.00 Y-225.00 F1200
G1 X429.00 Y-226.00 F1200
G1 X425.00 Y-226.00 F1200
G1 X424.00 Y-225.00 F1200
G1 X424.00 Y-221.00 F1200
G1 X424.00 Y-225.00 F1200
G1 X423.00 Y-226.00 F1200
G1 X422.00 Y-225.00 F1200
G1 X422.00 Y-221.00 F1200
G1 X422.00 Y-225.00 F1200
G1 X421.00 Y-226.00 F1200
G1 X420.00 Y-225.00 F1200
G1 X420.00 Y-222.00 F1200
G1 X419.00 Y-221.00 F1200
G1 X418.00 Y-221.00 F1200
G1 X417.00 Y-222.00 F1200
G1 X417.00 Y-225.00 F1200
G1 X416.00 Y-226.00 F1200
G1 X413.00 Y-223.00 F1200
G1 X405.00 Y-223.00 F1200
G1 X405.00 Y-224.00 F1200
G1 X406.00 Y-225.00 F1200
G1 X405.00 Y-226.00 F1200
G1 X404.00 Y-226.00 F1200
G1 X403.00 Y-225.00 F1200
G1 X403.00 Y-220.00 F1200
G1 X404.00 Y-219.00 F1200
G1 X405.00 Y-219.00 F1200
G1 X406.00 Y-220.00 F1200
G1 X406.00 Y-221.00 F1200
G1 X407.00 Y-220.00 F1200
G1 X408.00 Y-221.00 F1200
G1 X407.00 Y-220.00 F1200
G1 X408.00 Y-219.00 F1200
G1 X409.00 Y-219.00 F1200
G1 X411.00 Y-221.00 F1200
G1 X414.00 Y-221.00 F1200
G1 X416.00 Y-219.00 F1200
G0 Z3.0
G0 X405.00 Y-219.00 F1200
G0 Z-0.2 ; Descendre pour dessiner
G1 X406.00 Y-218.00 F1200
G1 X407.00 Y-218.00 F1200
G1 X408.00 Y-219.00 F1200
G1 X407.00 Y-220.00 F1200
G1 X406.00 Y-220.00 F1200
G0 Z3.0
G0 X439.00 Y-217.00 F1200
G0 Z-0.2 ; Descendre pour dessiner
G1 X440.00 Y-216.00 F1200
G1 X441.00 Y-217.00 F1200
G1 X441.00 Y-225.00 F1200
G1 X440.00 Y-226.00 F1200
G1 X439.00 Y-225.00 F1200
G0 Z3.0
G0 X358.00 Y-215.00 F1200
G0 Z-0.2 ; Descendre pour dessiner
G1 X357.00 Y-216.00 F1200
G1 X357.00 Y-218.00 F1200
G1 X356.00 Y-219.00 F1200
G1 X354.00 Y-219.00 F1200
G1 X353.00 Y-218.00 F1200
G1 X351.00 Y-218.00 F1200
G1 X350.00 Y-219.00 F1200
G1 X349.00 Y-219.00 F1200
G1 X348.00 Y-218.00 F1200
G1 X347.00 Y-218.00 F1200
G1 X346.00 Y-219.00 F1200
G1 X342.00 Y-219.00 F1200
G1 X341.00 Y-218.00 F1200
G1 X339.00 Y-218.00 F1200
G1 X338.00 Y-219.00 F1200
G1 X334.00 Y-219.00 F1200
G1 X333.00 Y-218.00 F1200
G1 X332.00 Y-218.00 F1200
G1 X331.00 Y-219.00 F1200
G1 X326.00 Y-219.00 F1200
G1 X325.00 Y-218.00 F1200
G1 X323.00 Y-218.00 F1200
G1 X322.00 Y-219.00 F1200
G1 X321.00 Y-218.00 F1200
G1 X318.00 Y-218.00 F1200
G1 X317.00 Y-219.00 F1200
G1 X316.00 Y-219.00 F1200
G1 X314.00 Y-217.00 F1200
G1 X312.00 Y-217.00 F1200
G1 X311.00 Y-218.00 F1200
G1 X311.00 Y-221.00 F1200
G1 X312.00 Y-222.00 F1200
G1 X312.00 Y-226.00 F1200
G1 X313.00 Y-226.00 F1200
G1 X314.00 Y-227.00 F1200
G1 X315.00 Y-226.00 F1200
G1 X318.00 Y-226.00 F1200
G1 X318.00 Y-222.00 F1200
G1 X319.00 Y-221.00 F1200
G1 X320.00 Y-221.00 F1200
G1 X321.00 Y-222.00 F1200
G1 X321.00 Y-226.00 F1200
G1 X322.00 Y-226.00 F1200
G1 X323.00 Y-227.00 F1200
G1 X325.00 Y-227.00 F1200
G1 X326.00 Y-226.00 F1200
G1 X327.00 Y-226.00 F1200
G1 X328.00 Y-227.00 F1200
G1 X329.00 Y-226.00 F1200
G1 X338.00 Y-226.00 F1200
G1 X339.00 Y-227.00 F1200
G1 X341.00 Y-227.00 F1200
G1 X342.00 Y-226.00 F1200
G1 X346.00 Y-226.00 F1200
G1 X346.00 Y-222.00 F1200
G1 X347.00 Y-221.00 F1200
G1 X348.00 Y-221.00 F1200
G1 X349.00 Y-222.00 F1200
G1 X349.00 Y-226.00 F1200
G1 X362.00 Y-226.00 F1200
G1 X363.00 Y-227.00 F1200
G1 X364.00 Y-227.00 F1200
G1 X365.00 Y-226.00 F1200
G1 X369.00 Y-226.00 F1200
G1 X370.00 Y-227.00 F1200
G1 X372.00 Y-227.00 F1200
G1 X373.00 Y-226.00 F1200
G1 X374.00 Y-226.00 F1200
G1 X374.00 Y-219.00 F1200
G1 X373.00 Y-219.00 F1200
G1 X372.00 Y-218.00 F1200
G1 X370.00 Y-218.00 F1200
G1 X369.00 Y-219.00 F1200
G1 X368.00 Y-219.00 F1200
G1 X367.00 Y-220.00 F1200
G1 X366.00 Y-219.00 F1200
G1 X365.00 Y-219.00 F1200
G1 X364.00 Y-218.00 F1200
G1 X363.00 Y-218.00 F1200
G1 X362.00 Y-219.00 F1200
G1 X360.00 Y-219.00 F1200
G1 X359.00 Y-218.00 F1200
G1 X359.00 Y-216.00 F1200
G0 Z3.0
G0 X372.00 Y-224.00 F1200
G0 Z-0.2 ; Descendre pour dessiner
G1 X373.00 Y-223.00 F1200
G1 X374.00 Y-224.00 F1200
G1 X374.00 Y-225.00 F1200
G1 X373.00 Y-226.00 F1200
G1 X372.00 Y-225.00 F1200
G0 Z3.0
G0 X355.00 Y-220.00 F1200
G0 Z-0.2 ; Descendre pour dessiner
G1 X356.00 Y-219.00 F1200
G1 X357.00 Y-220.00 F1200
G1 X357.00 Y-225.00 F1200
G1 X356.00 Y-226.00 F1200
G1 X355.00 Y-225.00 F1200
G0 Z3.0
G0 X335.00 Y-220.00 F1200
G0 Z-0.2 ; Descendre pour dessiner
G1 X336.00 Y-219.00 F1200
G1 X337.00 Y-220.00 F1200
G1 X337.00 Y-225.00 F1200
G1 X336.00 Y-226.00 F1200
G1 X335.00 Y-225.00 F1200
G0 Z3.0
G0 X327.00 Y-220.00 F1200
G0 Z-0.2 ; Descendre pour dessiner
G1 X328.00 Y-219.00 F1200
G1 X329.00 Y-220.00 F1200
G1 X329.00 Y-226.00 F1200
G1 X328.00 Y-227.00 F1200
G1 X327.00 Y-226.00 F1200
G0 Z3.0
G0 X370.00 Y-218.00 F1200
G0 Z-0.2 ; Descendre pour dessiner
G1 X372.00 Y-218.00 F1200
G1 X374.00 Y-220.00 F1200
G1 X374.00 Y-222.00 F1200
G1 X373.00 Y-223.00 F1200
G1 X371.00 Y-223.00 F1200
G1 X370.00 Y-222.00 F1200
G1 X370.00 Y-221.00 F1200
G1 X370.00 Y-224.00 F1200
G1 X371.00 Y-225.00 F1200
G1 X372.00 Y-225.00 F1200
G1 X373.00 Y-226.00 F1200
G1 X372.00 Y-227.00 F1200
G1 X370.00 Y-227.00 F1200
G1 X369.00 Y-226.00 F1200
G1 X365.00 Y-226.00 F1200
G1 X364.00 Y-227.00 F1200
G1 X363.00 Y-227.00 F1200
G1 X362.00 Y-226.00 F1200
G1 X358.00 Y-226.00 F1200
G1 X357.00 Y-225.00 F1200
G1 X357.00 Y-220.00 F1200
G1 X358.00 Y-219.00 F1200
G1 X362.00 Y-219.00 F1200
G1 X363.00 Y-220.00 F1200
G1 X363.00 Y-222.00 F1200
G1 X364.00 Y-222.00 F1200
G1 X363.00 Y-221.00 F1200
G1 X365.00 Y-219.00 F1200
G1 X366.00 Y-220.00 F1200
G1 X366.00 Y-221.00 F1200
G1 X367.00 Y-222.00 F1200
G1 X366.00 Y-223.00 F1200
G1 X367.00 Y-223.00 F1200
G1 X367.00 Y-222.00 F1200
G1 X366.00 Y-221.00 F1200
G1 X367.00 Y-220.00 F1200
G1 X368.00 Y-220.00 F1200
G0 Z3.0
G0 X362.00 Y-219.00 F1200
G0 Z-0.2 ; Descendre pour dessiner
G1 X363.00 Y-218.00 F1200
G1 X364.00 Y-218.00 F1200
G1 X365.00 Y-219.00 F1200
G1 X364.00 Y-220.00 F1200
G1 X363.00 Y-220.00 F1200
G0 Z3.0
G0 X339.00 Y-218.00 F1200
G0 Z-0.2 ; Descendre pour dessiner
G1 X341.00 Y-218.00 F1200
G1 X342.00 Y-219.00 F1200
G1 X346.00 Y-219.00 F1200
G1 X347.00 Y-218.00 F1200
G1 X348.00 Y-218.00 F1200
G1 X349.00 Y-219.00 F1200
G1 X350.00 Y-219.00 F1200
G1 X351.00 Y-218.00 F1200
G1 X353.00 Y-218.00 F1200
G1 X355.00 Y-220.00 F1200
G1 X355.00 Y-225.00 F1200
G1 X354.00 Y-226.00 F1200
G1 X353.00 Y-225.00 F1200
G1 X353.00 Y-221.00 F1200
G1 X353.00 Y-225.00 F1200
G1 X352.00 Y-226.00 F1200
G1 X351.00 Y-225.00 F1200
G1 X351.00 Y-221.00 F1200
G1 X351.00 Y-225.00 F1200
G1 X350.00 Y-226.00 F1200
G1 X349.00 Y-225.00 F1200
G1 X349.00 Y-222.00 F1200
G1 X348.00 Y-221.00 F1200
G1 X347.00 Y-221.00 F1200
G1 X346.00 Y-222.00 F1200
G1 X346.00 Y-225.00 F1200
G1 X345.00 Y-226.00 F1200
G1 X342.00 Y-226.00 F1200
G1 X341.00 Y-227.00 F1200
G1 X339.00 Y-227.00 F1200
G1 X337.00 Y-225.00 F1200
G1 X337.00 Y-220.00 F1200
G0 Z3.0
G0 X331.00 Y-219.00 F1200
G0 Z-0.2 ; Descendre pour dessiner
G1 X332.00 Y-218.00 F1200
G1 X333.00 Y-218.00 F1200
G1 X335.00 Y-220.00 F1200
G1 X335.00 Y-225.00 F1200
G1 X334.00 Y-226.00 F1200
G1 X333.00 Y-225.00 F1200
G1 X333.00 Y-221.00 F1200
G1 X333.00 Y-225.00 F1200
G1 X332.00 Y-226.00 F1200
G1 X331.00 Y-225.00 F1200
G1 X331.00 Y-221.00 F1200
G1 X331.00 Y-225.00 F1200
G1 X330.00 Y-226.00 F1200
G1 X329.00 Y-225.00 F1200
G1 X329.00 Y-220.00 F1200
G1 X330.00 Y-219.00 F1200
G0 Z3.0
G0 X311.00 Y-218.00 F1200
G0 Z-0.2 ; Descendre pour dessiner
G1 X312.00 Y-217.00 F1200
G1 X314.00 Y-217.00 F1200
G1 X315.00 Y-218.00 F1200
G1 X315.00 Y-219.00 F1200
G1 X314.00 Y-220.00 F1200
G1 X314.00 Y-224.00 F1200
G1 X314.00 Y-220.00 F1200
G1 X315.00 Y-219.00 F1200
G1 X317.00 Y-219.00 F1200
G1 X318.00 Y-218.00 F1200
G1 X321.00 Y-218.00 F1200
G1 X322.00 Y-219.00 F1200
G1 X323.00 Y-218.00 F1200
G1 X325.00 Y-218.00 F1200
G1 X327.00 Y-220.00 F1200
G1 X327.00 Y-225.00 F1200
G1 X325.00 Y-227.00 F1200
G1 X323.00 Y-227.00 F1200
G1 X321.00 Y-225.00 F1200
G1 X321.00 Y-221.00 F1200
G1 X319.00 Y-221.00 F1200
G1 X318.00 Y-222.00 F1200
G1 X318.00 Y-225.00 F1200
G1 X317.00 Y-226.00 F1200
G1 X315.00 Y-226.00 F1200
G1 X314.00 Y-227.00 F1200
G1 X312.00 Y-225.00 F1200
G1 X312.00 Y-222.00 F1200
G1 X311.00 Y-221.00 F1200
G0 Z3.0
G0 X235.00 Y-215.00 F1200
G0 Z-0.2 ; Descendre pour dessiner
G1 X234.00 Y-216.00 F1200
G1 X233.00 Y-216.00 F1200
G1 X233.00 Y-218.00 F1200
G1 X232.00 Y-219.00 F1200
G1 X231.00 Y-219.00 F1200
G1 X230.00 Y-218.00 F1200
G1 X230.00 Y-217.00 F1200
G1 X229.00 Y-216.00 F1200
G1 X227.00 Y-216.00 F1200
G1 X227.00 Y-217.00 F1200
G1 X226.00 Y-218.00 F1200
G1 X225.00 Y-218.00 F1200
G1 X224.00 Y-219.00 F1200
G1 X223.00 Y-219.00 F1200
G1 X223.00 Y-226.00 F1200
G1 X224.00 Y-226.00 F1200
G1 X225.00 Y-227.00 F1200
G1 X227.00 Y-227.00 F1200
G1 X228.00 Y-226.00 F1200
G1 X229.00 Y-226.00 F1200
G1 X229.00 Y-219.00 F1200
G1 X230.00 Y-218.00 F1200
G1 X231.00 Y-219.00 F1200
G1 X231.00 Y-226.00 F1200
G1 X233.00 Y-226.00 F1200
G1 X234.00 Y-227.00 F1200
G1 X235.00 Y-227.00 F1200
G1 X236.00 Y-226.00 F1200
G1 X240.00 Y-226.00 F1200
G1 X241.00 Y-227.00 F1200
G1 X243.00 Y-227.00 F1200
G1 X244.00 Y-226.00 F1200
G1 X251.00 Y-226.00 F1200
G1 X252.00 Y-227.00 F1200
G1 X254.00 Y-227.00 F1200
G1 X255.00 Y-226.00 F1200
G1 X259.00 Y-226.00 F1200
G1 X259.00 Y-225.00 F1200
G1 X258.00 Y-226.00 F1200
G1 X255.00 Y-226.00 F1200
G1 X254.00 Y-227.00 F1200
G1 X252.00 Y-227.00 F1200
G1 X251.00 Y-226.00 F1200
G1 X252.00 Y-225.00 F1200
G1 X253.00 Y-225.00 F1200
G1 X255.00 Y-223.00 F1200
G1 X257.00 Y-223.00 F1200
G1 X257.00 Y-221.00 F1200
G1 X255.00 Y-221.00 F1200
G1 X256.00 Y-221.00 F1200
G1 X257.00 Y-222.00 F1200
G1 X256.00 Y-223.00 F1200
G1 X255.00 Y-223.00 F1200
G1 X254.00 Y-224.00 F1200
G1 X253.00 Y-223.00 F1200
G1 X252.00 Y-223.00 F1200
G1 X253.00 Y-223.00 F1200
G1 X254.00 Y-224.00 F1200
G1 X253.00 Y-225.00 F1200
G1 X252.00 Y-225.00 F1200
G1 X251.00 Y-226.00 F1200
G1 X244.00 Y-226.00 F1200
G1 X243.00 Y-227.00 F1200
G1 X241.00 Y-227.00 F1200
G1 X238.00 Y-224.00 F1200
G1 X237.00 Y-225.00 F1200
G1 X236.00 Y-224.00 F1200
G1 X236.00 Y-223.00 F1200
G1 X234.00 Y-223.00 F1200
G1 X233.00 Y-222.00 F1200
G1 X233.00 Y-221.00 F1200
G1 X234.00 Y-220.00 F1200
G1 X235.00 Y-221.00 F1200
G1 X234.00 Y-220.00 F1200
G1 X235.00 Y-219.00 F1200
G1 X236.00 Y-219.00 F1200
G1 X237.00 Y-220.00 F1200
G1 X237.00 Y-221.00 F1200
G1 X238.00 Y-220.00 F1200
G1 X239.00 Y-220.00 F1200
G1 X241.00 Y-218.00 F1200
G1 X243.00 Y-218.00 F1200
G1 X244.00 Y-219.00 F1200
G1 X247.00 Y-219.00 F1200
G1 X248.00 Y-220.00 F1200
G1 X248.00 Y-223.00 F1200
G1 X248.00 Y-220.00 F1200
G1 X249.00 Y-219.00 F1200
G1 X250.00 Y-220.00 F1200
G1 X250.00 Y-222.00 F1200
G1 X250.00 Y-220.00 F1200
G1 X252.00 Y-218.00 F1200
G1 X253.00 Y-218.00 F1200
G1 X254.00 Y-219.00 F1200
G1 X258.00 Y-219.00 F1200
G1 X259.00 Y-220.00 F1200
G1 X259.00 Y-216.00 F1200
G1 X258.00 Y-215.00 F1200
G1 X257.00 Y-216.00 F1200
G1 X257.00 Y-218.00 F1200
G1 X256.00 Y-219.00 F1200
G1 X254.00 Y-219.00 F1200
G1 X253.00 Y-218.00 F1200
G1 X252.00 Y-218.00 F1200
G1 X251.00 Y-219.00 F1200
G1 X249.00 Y-219.00 F1200
G1 X248.00 Y-218.00 F1200
G1 X248.00 Y-216.00 F1200
G1 X247.00 Y-215.00 F1200
G1 X246.00 Y-216.00 F1200
G1 X246.00 Y-218.00 F1200
G1 X245.00 Y-219.00 F1200
G1 X244.00 Y-219.00 F1200
G1 X243.00 Y-218.00 F1200
G1 X241.00 Y-218.00 F1200
G1 X240.00 Y-219.00 F1200
G1 X239.00 Y-219.00 F1200
G1 X238.00 Y-220.00 F1200
G1 X237.00 Y-219.00 F1200
G1 X235.00 Y-219.00 F1200
G1 X233.00 Y-221.00 F1200
G1 X233.00 Y-224.00 F1200
G1 X234.00 Y-225.00 F1200
G1 X233.00 Y-226.00 F1200
G1 X232.00 Y-226.00 F1200
G1 X231.00 Y-225.00 F1200
G1 X231.00 Y-220.00 F1200
G1 X233.00 Y-218.00 F1200
G1 X233.00 Y-217.00 F1200
G1 X234.00 Y-216.00 F1200
G1 X235.00 Y-217.00 F1200
G1 X236.00 Y-217.00 F1200
G1 X236.00 Y-216.00 F1200
G0 Z3.0
G0 X233.00 Y-226.00 F1200
G0 Z-0.2 ; Descendre pour dessiner
G1 X234.00 Y-225.00 F1200
G1 X235.00 Y-225.00 F1200
G1 X236.00 Y-226.00 F1200
G1 X235.00 Y-227.00 F1200
G1 X234.00 Y-227.00 F1200
G0 Z3.0
G0 X233.00 Y-224.00 F1200
G0 Z-0.2 ; Descendre pour dessiner
G1 X234.00 Y-223.00 F1200
G1 X235.00 Y-223.00 F1200
G1 X236.00 Y-224.00 F1200
G1 X235.00 Y-225.00 F1200
G1 X234.00 Y-225.00 F1200
G0 Z3.0
G0 X228.00 Y-216.00 F1200
G0 Z-0.2 ; Descendre pour dessiner
G1 X229.00 Y-216.00 F1200
G1 X230.00 Y-217.00 F1200
G1 X230.00 Y-218.00 F1200
G1 X229.00 Y-219.00 F1200
G1 X229.00 Y-225.00 F1200
G1 X227.00 Y-227.00 F1200
G1 X225.00 Y-227.00 F1200
G1 X223.00 Y-225.00 F1200
G1 X223.00 Y-220.00 F1200
G1 X225.00 Y-218.00 F1200
G1 X226.00 Y-218.00 F1200
G0 Z3.0
G0 X355.00 Y-200.00 F1200
G0 Z-0.2 ; Descendre pour dessiner
G1 X355.00 Y-201.00 F1200
G1 X364.00 Y-201.00 F1200
G1 X364.00 Y-200.00 F1200
G1 X363.00 Y-201.00 F1200
G1 X356.00 Y-201.00 F1200
G0 Z3.0
G0 X311.00 Y-195.00 F1200
G0 Z-0.2 ; Descendre pour dessiner
G1 X311.00 Y-200.00 F1200
G1 X312.00 Y-201.00 F1200
G1 X320.00 Y-201.00 F1200
G1 X320.00 Y-200.00 F1200
G1 X321.00 Y-199.00 F1200
G1 X321.00 Y-195.00 F1200
G1 X321.00 Y-199.00 F1200
G1 X319.00 Y-201.00 F1200
G1 X313.00 Y-201.00 F1200
G1 X311.00 Y-199.00 F1200
G0 Z3.0
G0 X358.00 Y-194.00 F1200
G0 Z-0.2 ; Descendre pour dessiner
G1 X358.00 Y-195.00 F1200
G1 X357.00 Y-196.00 F1200
G1 X357.00 Y-197.00 F1200
G1 X358.00 Y-198.00 F1200
G1 X358.00 Y-199.00 F1200
G1 X360.00 Y-199.00 F1200
G1 X360.00 Y-198.00 F1200
G1 X361.00 Y-197.00 F1200
G1 X361.00 Y-196.00 F1200
G1 X360.00 Y-195.00 F1200
G1 X360.00 Y-194.00 F1200
G0 Z3.0
G0 X359.00 Y-194.00 F1200
G0 Z-0.2 ; Descendre pour dessiner
G1 X361.00 Y-196.00 F1200
G1 X361.00 Y-197.00 F1200
G1 X359.00 Y-199.00 F1200
G1 X357.00 Y-197.00 F1200
G1 X357.00 Y-196.00 F1200
G0 Z3.0
G0 X315.00 Y-194.00 F1200
G0 Z-0.2 ; Descendre pour dessiner
G1 X314.00 Y-195.00 F1200
G1 X314.00 Y-198.00 F1200
G1 X315.00 Y-199.00 F1200
G1 X317.00 Y-199.00 F1200
G1 X317.00 Y-198.00 F1200
G1 X318.00 Y-197.00 F1200
G1 X318.00 Y-196.00 F1200
G1 X317.00 Y-195.00 F1200
G1 X317.00 Y-194.00 F1200
G0 Z3.0
G0 X316.00 Y-194.00 F1200
G0 Z-0.2 ; Descendre pour dessiner
G1 X318.00 Y-196.00 F1200
G1 X318.00 Y-197.00 F1200
G1 X316.00 Y-199.00 F1200
G1 X314.00 Y-197.00 F1200
G1 X314.00 Y-196.00 F1200
G0 Z3.0
G0 X272.00 Y-194.00 F1200
G0 Z-0.2 ; Descendre pour dessiner
G1 X272.00 Y-195.00 F1200
G1 X271.00 Y-196.00 F1200
G1 X271.00 Y-197.00 F1200
G1 X272.00 Y-198.00 F1200
G1 X272.00 Y-199.00 F1200
G1 X274.00 Y-199.00 F1200
G1 X274.00 Y-198.00 F1200
G1 X275.00 Y-197.00 F1200
G1 X275.00 Y-196.00 F1200
G1 X274.00 Y-195.00 F1200
G1 X274.00 Y-194.00 F1200
G0 Z3.0
G0 X273.00 Y-194.00 F1200
G0 Z-0.2 ; Descendre pour dessiner
G1 X275.00 Y-196.00 F1200
G1 X275.00 Y-197.00 F1200
G1 X273.00 Y-199.00 F1200
G1 X271.00 Y-197.00 F1200
G1 X271.00 Y-196.00 F1200
G0 Z3.0
G0 X220.00 Y-194.00 F1200
G0 Z-0.2 ; Descendre pour dessiner
G1 X219.00 Y-195.00 F1200
G1 X218.00 Y-195.00 F1200
G1 X218.00 Y-198.00 F1200
G1 X219.00 Y-199.00 F1200
G1 X221.00 Y-199.00 F1200
G1 X221.00 Y-198.00 F1200
G1 X222.00 Y-197.00 F1200
G1 X222.00 Y-196.00 F1200
G0 Z3.0
G0 X220.00 Y-194.00 F1200
G0 Z-0.2 ; Descendre pour dessiner
G1 X222.00 Y-196.00 F1200
G1 X222.00 Y-197.00 F1200
G1 X220.00 Y-199.00 F1200
G1 X218.00 Y-197.00 F1200
G1 X218.00 Y-196.00 F1200
G0 Z3.0
G0 X302.00 Y-191.00 F1200
G0 Z-0.2 ; Descendre pour dessiner
G1 X300.00 Y-193.00 F1200
G1 X301.00 Y-194.00 F1200
G1 X301.00 Y-195.00 F1200
G1 X302.00 Y-196.00 F1200
G1 X302.00 Y-198.00 F1200
G1 X303.00 Y-199.00 F1200
G1 X303.00 Y-201.00 F1200
G1 X307.00 Y-201.00 F1200
G1 X308.00 Y-200.00 F1200
G1 X308.00 Y-199.00 F1200
G1 X309.00 Y-198.00 F1200
G1 X309.00 Y-194.00 F1200
G1 X310.00 Y-193.00 F1200
G1 X310.00 Y-192.00 F1200
G1 X307.00 Y-192.00 F1200
G1 X307.00 Y-193.00 F1200
G1 X305.00 Y-195.00 F1200
G1 X304.00 Y-194.00 F1200
G1 X304.00 Y-192.00 F1200
G1 X303.00 Y-192.00 F1200
G0 Z3.0
G0 X302.00 Y-191.00 F1200
G0 Z-0.2 ; Descendre pour dessiner
G1 X304.00 Y-193.00 F1200
G1 X304.00 Y-195.00 F1200
G1 X306.00 Y-195.00 F1200
G1 X306.00 Y-194.00 F1200
G1 X308.00 Y-192.00 F1200
G1 X309.00 Y-192.00 F1200
G1 X310.00 Y-193.00 F1200
G1 X309.00 Y-194.00 F1200
G1 X309.00 Y-198.00 F1200
G1 X308.00 Y-199.00 F1200
G1 X308.00 Y-200.00 F1200
G1 X307.00 Y-201.00 F1200
G1 X304.00 Y-201.00 F1200
G1 X303.00 Y-200.00 F1200
G1 X303.00 Y-199.00 F1200
G1 X302.00 Y-198.00 F1200
G1 X302.00 Y-196.00 F1200
G1 X301.00 Y-195.00 F1200
G1 X301.00 Y-194.00 F1200
G1 X300.00 Y-193.00 F1200
G0 Z3.0
G0 X227.00 Y-191.00 F1200
G0 Z-0.2 ; Descendre pour dessiner
G1 X226.00 Y-192.00 F1200
G1 X226.00 Y-195.00 F1200
G1 X226.00 Y-192.00 F1200
G1 X227.00 Y-191.00 F1200
G1 X228.00 Y-192.00 F1200
G1 X228.00 Y-196.00 F1200
G1 X229.00 Y-197.00 F1200
G1 X229.00 Y-199.00 F1200
G1 X231.00 Y-199.00 F1200
G1 X231.00 Y-198.00 F1200
G1 X232.00 Y-197.00 F1200
G1 X232.00 Y-193.00 F1200
G1 X233.00 Y-192.00 F1200
G1 X234.00 Y-192.00 F1200
G1 X235.00 Y-193.00 F1200
G1 X235.00 Y-200.00 F1200
G1 X234.00 Y-201.00 F1200
G1 X227.00 Y-201.00 F1200
G1 X226.00 Y-200.00 F1200
G1 X226.00 Y-198.00 F1200
G1 X225.00 Y-199.00 F1200
G1 X224.00 Y-198.00 F1200
G1 X224.00 Y-200.00 F1200
G1 X223.00 Y-201.00 F1200
G1 X219.00 Y-201.00 F1200
G1 X217.00 Y-203.00 F1200
G1 X217.00 Y-204.00 F1200
G1 X216.00 Y-205.00 F1200
G1 X215.00 Y-204.00 F1200
G1 X215.00 Y-193.00 F1200
G1 X216.00 Y-192.00 F1200
G1 X223.00 Y-192.00 F1200
G1 X224.00 Y-193.00 F1200
G1 X224.00 Y-195.00 F1200
G1 X224.00 Y-192.00 F1200
G1 X215.00 Y-192.00 F1200
G1 X215.00 Y-205.00 F1200
G1 X217.00 Y-205.00 F1200
G1 X217.00 Y-203.00 F1200
G1 X219.00 Y-201.00 F1200
G1 X224.00 Y-201.00 F1200
G1 X224.00 Y-200.00 F1200
G1 X225.00 Y-199.00 F1200
G1 X226.00 Y-200.00 F1200
G1 X226.00 Y-201.00 F1200
G1 X235.00 Y-201.00 F1200
G1 X235.00 Y-192.00 F1200
G1 X232.00 Y-192.00 F1200
G1 X232.00 Y-197.00 F1200
G1 X230.00 Y-199.00 F1200
G1 X229.00 Y-198.00 F1200
G1 X229.00 Y-197.00 F1200
G1 X228.00 Y-196.00 F1200
G1 X228.00 Y-192.00 F1200
G0 Z3.0
G0 X196.00 Y-191.00 F1200
G0 Z-0.2 ; Descendre pour dessiner
G1 X195.00 Y-192.00 F1200
G1 X192.00 Y-192.00 F1200
G1 X191.00 Y-193.00 F1200
G1 X190.00 Y-192.00 F1200
G1 X181.00 Y-192.00 F1200
G1 X181.00 Y-205.00 F1200
G1 X184.00 Y-205.00 F1200
G1 X184.00 Y-203.00 F1200
G1 X186.00 Y-201.00 F1200
G1 X190.00 Y-201.00 F1200
G1 X191.00 Y-200.00 F1200
G1 X192.00 Y-201.00 F1200
G1 X209.00 Y-201.00 F1200
G1 X210.00 Y-200.00 F1200
G1 X210.00 Y-197.00 F1200
G1 X209.00 Y-196.00 F1200
G1 X206.00 Y-196.00 F1200
G1 X205.00 Y-195.00 F1200
G1 X206.00 Y-194.00 F1200
G1 X209.00 Y-194.00 F1200
G1 X209.00 Y-192.00 F1200
G1 X207.00 Y-192.00 F1200
G1 X206.00 Y-191.00 F1200
G1 X205.00 Y-191.00 F1200
G1 X204.00 Y-192.00 F1200
G1 X202.00 Y-192.00 F1200
G1 X202.00 Y-197.00 F1200
G1 X201.00 Y-198.00 F1200
G1 X200.00 Y-197.00 F1200
G1 X200.00 Y-192.00 F1200
G1 X197.00 Y-192.00 F1200
G0 Z3.0
G0 X200.00 Y-199.00 F1200
G0 Z-0.2 ; Descendre pour dessiner
G1 X201.00 Y-198.00 F1200
G1 X202.00 Y-199.00 F1200
G1 X202.00 Y-200.00 F1200
G1 X201.00 Y-201.00 F1200
G1 X200.00 Y-200.00 F1200
G0 Z3.0
G0 X204.00 Y-192.00 F1200
G0 Z-0.2 ; Descendre pour dessiner
G1 X205.00 Y-191.00 F1200
G1 X206.00 Y-191.00 F1200
G1 X207.00 Y-192.00 F1200
G1 X208.00 Y-192.00 F1200
G1 X209.00 Y-193.00 F1200
G1 X208.00 Y-194.00 F1200
G1 X204.00 Y-194.00 F1200
G1 X206.00 Y-196.00 F1200
G1 X205.00 Y-197.00 F1200
G1 X206.00 Y-198.00 F1200
G1 X206.00 Y-199.00 F1200
G1 X207.00 Y-199.00 F1200
G1 X207.00 Y-198.00 F1200
G1 X206.00 Y-198.00 F1200
G1 X205.00 Y-197.00 F1200
G1 X206.00 Y-196.00 F1200
G1 X208.00 Y-196.00 F1200
G1 X210.00 Y-198.00 F1200
G1 X210.00 Y-200.00 F1200
G1 X209.00 Y-201.00 F1200
G1 X203.00 Y-201.00 F1200
G1 X202.00 Y-200.00 F1200
G1 X202.00 Y-193.00 F1200
G1 X203.00 Y-192.00 F1200
G0 Z3.0
G0 X195.00 Y-192.00 F1200
G0 Z-0.2 ; Descendre pour dessiner
G1 X196.00 Y-191.00 F1200
G1 X197.00 Y-192.00 F1200
G1 X199.00 Y-192.00 F1200
G1 X200.00 Y-193.00 F1200
G1 X200.00 Y-200.00 F1200
G1 X199.00 Y-201.00 F1200
G1 X193.00 Y-201.00 F1200
G1 X192.00 Y-200.00 F1200
G1 X190.00 Y-200.00 F1200
G1 X189.00 Y-201.00 F1200
G1 X186.00 Y-201.00 F1200
G1 X184.00 Y-203.00 F1200
G1 X184.00 Y-204.00 F1200
G1 X183.00 Y-205.00 F1200
G1 X182.00 Y-205.00 F1200
G1 X181.00 Y-204.00 F1200
G1 X181.00 Y-193.00 F1200
G1 X182.00 Y-192.00 F1200
G1 X189.00 Y-192.00 F1200
G1 X190.00 Y-193.00 F1200
G1 X192.00 Y-193.00 F1200
G1 X193.00 Y-194.00 F1200
G1 X193.00 Y-195.00 F1200
G1 X192.00 Y-196.00 F1200
G1 X191.00 Y-195.00 F1200
G1 X191.00 Y-196.00 F1200
G1 X193.00 Y-196.00 F1200
G1 X193.00 Y-194.00 F1200
G1 X192.00 Y-193.00 F1200
G1 X193.00 Y-192.00 F1200
G0 Z3.0
G0 X185.00 Y-194.00 F1200
G0 Z-0.2 ; Descendre pour dessiner
G1 X185.00 Y-195.00 F1200
G1 X184.00 Y-196.00 F1200
G1 X184.00 Y-197.00 F1200
G1 X185.00 Y-198.00 F1200
G1 X185.00 Y-199.00 F1200
G1 X187.00 Y-199.00 F1200
G1 X187.00 Y-198.00 F1200
G1 X188.00 Y-197.00 F1200
G1 X188.00 Y-196.00 F1200
G1 X187.00 Y-195.00 F1200
G1 X187.00 Y-194.00 F1200
G0 Z3.0
G0 X186.00 Y-194.00 F1200
G0 Z-0.2 ; Descendre pour dessiner
G1 X188.00 Y-196.00 F1200
G1 X188.00 Y-197.00 F1200
G1 X186.00 Y-199.00 F1200
G1 X184.00 Y-197.00 F1200
G1 X184.00 Y-196.00 F1200
G0 Z3.0
G0 X790.00 Y-189.00 F1200
G0 Z-0.2 ; Descendre pour dessiner
G1 X789.00 Y-190.00 F1200
G1 X785.00 Y-190.00 F1200
G1 X785.00 Y-194.00 F1200
G1 X784.00 Y-195.00 F1200
G1 X784.00 Y-220.00 F1200
G1 X785.00 Y-221.00 F1200
G1 X785.00 Y-225.00 F1200
G1 X956.00 Y-225.00 F1200
G1 X956.00 Y-190.00 F1200
G1 X952.00 Y-190.00 F1200
G1 X951.00 Y-189.00 F1200
G0 Z3.0
G0 X789.00 Y-190.00 F1200
G0 Z-0.2 ; Descendre pour dessiner
G1 X790.00 Y-189.00 F1200
G1 X951.00 Y-189.00 F1200
G1 X952.00 Y-190.00 F1200
G1 X955.00 Y-190.00 F1200
G1 X956.00 Y-191.00 F1200
G1 X956.00 Y-224.00 F1200
G1 X955.00 Y-225.00 F1200
G1 X786.00 Y-225.00 F1200
G1 X785.00 Y-224.00 F1200
G1 X785.00 Y-221.00 F1200
G1 X784.00 Y-220.00 F1200
G1 X784.00 Y-195.00 F1200
G1 X785.00 Y-194.00 F1200
G1 X785.00 Y-191.00 F1200
G1 X786.00 Y-190.00 F1200
G0 Z3.0
G0 X870.00 Y-207.00 F1200
G0 Z-0.2 ; Descendre pour dessiner
G1 X870.00 Y-211.00 F1200
G1 X871.00 Y-211.00 F1200
G1 X872.00 Y-210.00 F1200
G1 X872.00 Y-208.00 F1200
G1 X871.00 Y-207.00 F1200
G0 Z3.0
G0 X870.00 Y-208.00 F1200
G0 Z-0.2 ; Descendre pour dessiner
G1 X871.00 Y-207.00 F1200
G1 X872.00 Y-208.00 F1200
G1 X872.00 Y-210.00 F1200
G1 X871.00 Y-211.00 F1200
G1 X870.00 Y-210.00 F1200
G0 Z3.0
G0 X846.00 Y-208.00 F1200
G0 Z-0.2 ; Descendre pour dessiner
G1 X847.00 Y-207.00 F1200
G1 X848.00 Y-208.00 F1200
G1 X848.00 Y-211.00 F1200
G1 X847.00 Y-212.00 F1200
G1 X846.00 Y-211.00 F1200
G0 Z3.0
G0 X833.00 Y-208.00 F1200
G0 Z-0.2 ; Descendre pour dessiner
G1 X834.00 Y-207.00 F1200
G1 X835.00 Y-208.00 F1200
G1 X835.00 Y-210.00 F1200
G1 X834.00 Y-211.00 F1200
G1 X833.00 Y-210.00 F1200
G0 Z3.0
G0 X919.00 Y-207.00 F1200
G0 Z-0.2 ; Descendre pour dessiner
G1 X920.00 Y-206.00 F1200
G1 X921.00 Y-207.00 F1200
G1 X921.00 Y-211.00 F1200
G1 X920.00 Y-212.00 F1200
G1 X919.00 Y-211.00 F1200
G0 Z3.0
G0 X898.00 Y-206.00 F1200
G0 Z-0.2 ; Descendre pour dessiner
G1 X898.00 Y-212.00 F1200
G1 X900.00 Y-212.00 F1200
G1 X900.00 Y-210.00 F1200
G1 X900.00 Y-211.00 F1200
G1 X899.00 Y-212.00 F1200
G1 X898.00 Y-211.00 F1200
G1 X898.00 Y-207.00 F1200
G1 X899.00 Y-206.00 F1200
G1 X900.00 Y-207.00 F1200
G1 X900.00 Y-208.00 F1200
G1 X900.00 Y-206.00 F1200
G0 Z3.0
G0 X813.00 Y-206.00 F1200
G0 Z-0.2 ; Descendre pour dessiner
G1 X814.00 Y-207.00 F1200
G1 X813.00 Y-208.00 F1200
G1 X810.00 Y-208.00 F1200
G1 X810.00 Y-209.00 F1200
G1 X809.00 Y-210.00 F1200
G1 X809.00 Y-212.00 F1200
G1 X811.00 Y-212.00 F1200
G1 X813.00 Y-210.00 F1200
G1 X815.00 Y-210.00 F1200
G1 X813.00 Y-210.00 F1200
G1 X812.00 Y-209.00 F1200
G1 X813.00 Y-208.00 F1200
G1 X816.00 Y-208.00 F1200
G1 X817.00 Y-209.00 F1200
G1 X817.00 Y-210.00 F1200
G1 X818.00 Y-211.00 F1200
G1 X818.00 Y-212.00 F1200
G1 X817.00 Y-213.00 F1200
G1 X816.00 Y-212.00 F1200
G1 X816.00 Y-213.00 F1200
G1 X818.00 Y-213.00 F1200
G1 X818.00 Y-211.00 F1200
G1 X817.00 Y-210.00 F1200
G1 X817.00 Y-209.00 F1200
G1 X816.00 Y-208.00 F1200
G1 X816.00 Y-206.00 F1200
G1 X816.00 Y-207.00 F1200
G1 X815.00 Y-208.00 F1200
G1 X814.00 Y-207.00 F1200
G1 X814.00 Y-206.00 F1200
G0 Z3.0
G0 X810.00 Y-209.00 F1200
G0 Z-0.2 ; Descendre pour dessiner
G1 X811.00 Y-208.00 F1200
G1 X812.00 Y-209.00 F1200
G1 X812.00 Y-210.00 F1200
G1 X811.00 Y-211.00 F1200
G1 X810.00 Y-210.00 F1200
G0 Z3.0
G0 X819.00 Y-206.00 F1200
G0 Z-0.2 ; Descendre pour dessiner
G1 X820.00 Y-205.00 F1200
G1 X821.00 Y-205.00 F1200
G1 X822.00 Y-206.00 F1200
G1 X821.00 Y-207.00 F1200
G1 X820.00 Y-207.00 F1200
G0 Z3.0
G0 X906.00 Y-204.00 F1200
G0 Z-0.2 ; Descendre pour dessiner
G1 X906.00 Y-211.00 F1200
G1 X907.00 Y-211.00 F1200
G1 X908.00 Y-210.00 F1200
G1 X908.00 Y-208.00 F1200
G1 X909.00 Y-207.00 F1200
G1 X909.00 Y-205.00 F1200
G1 X908.00 Y-204.00 F1200
G0 Z3.0
G0 X906.00 Y-208.00 F1200
G0 Z-0.2 ; Descendre pour dessiner
G1 X907.00 Y-207.00 F1200
G1 X908.00 Y-208.00 F1200
G1 X908.00 Y-210.00 F1200
G1 X907.00 Y-211.00 F1200
G1 X906.00 Y-210.00 F1200
G0 Z3.0
G0 X906.00 Y-205.00 F1200
G0 Z-0.2 ; Descendre pour dessiner
G1 X907.00 Y-204.00 F1200
G1 X909.00 Y-206.00 F1200
G1 X908.00 Y-207.00 F1200
G1 X907.00 Y-207.00 F1200
G1 X906.00 Y-206.00 F1200
G0 Z3.0
G0 X894.00 Y-203.00 F1200
G0 Z-0.2 ; Descendre pour dessiner
G1 X894.00 Y-205.00 F1200
G1 X895.00 Y-205.00 F1200
G1 X896.00 Y-206.00 F1200
G1 X895.00 Y-207.00 F1200
G1 X894.00 Y-207.00 F1200
G1 X894.00 Y-211.00 F1200
G1 X896.00 Y-211.00 F1200
G1 X896.00 Y-203.00 F1200
G0 Z3.0
G0 X894.00 Y-208.00 F1200
G0 Z-0.2 ; Descendre pour dessiner
G1 X895.00 Y-207.00 F1200
G1 X896.00 Y-208.00 F1200
G1 X896.00 Y-210.00 F1200
G1 X895.00 Y-211.00 F1200
G1 X894.00 Y-210.00 F1200
G0 Z3.0
G0 X841.00 Y-204.00 F1200
G0 Z-0.2 ; Descendre pour dessiner
G1 X842.00 Y-203.00 F1200
G1 X843.00 Y-204.00 F1200
G1 X843.00 Y-211.00 F1200
G1 X842.00 Y-212.00 F1200
G1 X841.00 Y-211.00 F1200
G0 Z3.0
G0 X323.00 Y-189.00 F1200
G0 Z-0.2 ; Descendre pour dessiner
G1 X323.00 Y-190.00 F1200
G1 X321.00 Y-192.00 F1200
G1 X312.00 Y-192.00 F1200
G1 X312.00 Y-193.00 F1200
G1 X313.00 Y-192.00 F1200
G1 X321.00 Y-192.00 F1200
G1 X323.00 Y-194.00 F1200
G1 X323.00 Y-201.00 F1200
G1 X331.00 Y-201.00 F1200
G1 X331.00 Y-197.00 F1200
G1 X333.00 Y-195.00 F1200
G1 X334.00 Y-195.00 F1200
G1 X335.00 Y-196.00 F1200
G1 X335.00 Y-200.00 F1200
G1 X336.00 Y-201.00 F1200
G1 X339.00 Y-201.00 F1200
G1 X340.00 Y-202.00 F1200
G1 X341.00 Y-201.00 F1200
G1 X344.00 Y-201.00 F1200
G1 X344.00 Y-198.00 F1200
G1 X345.00 Y-197.00 F1200
G1 X345.00 Y-195.00 F1200
G1 X344.00 Y-194.00 F1200
G1 X344.00 Y-192.00 F1200
G1 X341.00 Y-192.00 F1200
G1 X340.00 Y-191.00 F1200
G1 X339.00 Y-192.00 F1200
G1 X329.00 Y-192.00 F1200
G1 X329.00 Y-200.00 F1200
G1 X328.00 Y-201.00 F1200
G1 X327.00 Y-200.00 F1200
G1 X327.00 Y-199.00 F1200
G1 X325.00 Y-197.00 F1200
G1 X325.00 Y-195.00 F1200
G1 X327.00 Y-193.00 F1200
G1 X327.00 Y-192.00 F1200
G1 X325.00 Y-190.00 F1200
G1 X325.00 Y-189.00 F1200
G0 Z3.0
G0 X339.00 Y-192.00 F1200
G0 Z-0.2 ; Descendre pour dessiner
G1 X340.00 Y-191.00 F1200
G1 X341.00 Y-192.00 F1200
G1 X343.00 Y-192.00 F1200
G1 X344.00 Y-193.00 F1200
G1 X344.00 Y-194.00 F1200
G1 X345.00 Y-195.00 F1200
G1 X345.00 Y-196.00 F1200
G1 X344.00 Y-197.00 F1200
G1 X344.00 Y-200.00 F1200
G1 X343.00 Y-201.00 F1200
G1 X341.00 Y-201.00 F1200
G1 X340.00 Y-202.00 F1200
G1 X339.00 Y-201.00 F1200
G1 X337.00 Y-201.00 F1200
G1 X335.00 Y-199.00 F1200
G1 X335.00 Y-196.00 F1200
G1 X334.00 Y-195.00 F1200
G1 X332.00 Y-195.00 F1200
G1 X332.00 Y-196.00 F1200
G1 X331.00 Y-197.00 F1200
G1 X331.00 Y-200.00 F1200
G1 X330.00 Y-201.00 F1200
G1 X329.00 Y-200.00 F1200
G1 X329.00 Y-193.00 F1200
G1 X330.00 Y-192.00 F1200
G0 Z3.0
G0 X324.00 Y-189.00 F1200
G0 Z-0.2 ; Descendre pour dessiner
G1 X327.00 Y-192.00 F1200
G1 X327.00 Y-193.00 F1200
G1 X325.00 Y-195.00 F1200
G1 X325.00 Y-197.00 F1200
G1 X327.00 Y-199.00 F1200
G1 X327.00 Y-200.00 F1200
G1 X326.00 Y-201.00 F1200
G1 X324.00 Y-201.00 F1200
G1 X323.00 Y-200.00 F1200
G1 X323.00 Y-194.00 F1200
G1 X321.00 Y-192.00 F1200
G0 Z3.0
G0 X393.00 Y-188.00 F1200
G0 Z-0.2 ; Descendre pour dessiner
G1 X393.00 Y-191.00 F1200
G1 X392.00 Y-192.00 F1200
G1 X391.00 Y-192.00 F1200
G1 X389.00 Y-190.00 F1200
G1 X389.00 Y-189.00 F1200
G1 X387.00 Y-189.00 F1200
G1 X387.00 Y-190.00 F1200
G1 X385.00 Y-192.00 F1200
G1 X376.00 Y-192.00 F1200
G1 X376.00 Y-194.00 F1200
G1 X375.00 Y-195.00 F1200
G1 X374.00 Y-194.00 F1200
G1 X374.00 Y-192.00 F1200
G1 X371.00 Y-192.00 F1200
G1 X370.00 Y-191.00 F1200
G1 X369.00 Y-192.00 F1200
G1 X366.00 Y-192.00 F1200
G1 X366.00 Y-193.00 F1200
G1 X367.00 Y-192.00 F1200
G1 X369.00 Y-192.00 F1200
G1 X370.00 Y-191.00 F1200
G1 X371.00 Y-192.00 F1200
G1 X373.00 Y-192.00 F1200
G1 X374.00 Y-193.00 F1200
G1 X374.00 Y-200.00 F1200
G1 X373.00 Y-201.00 F1200
G1 X371.00 Y-201.00 F1200
G1 X370.00 Y-202.00 F1200
G1 X369.00 Y-201.00 F1200
G1 X367.00 Y-201.00 F1200
G1 X366.00 Y-200.00 F1200
G1 X366.00 Y-201.00 F1200
G1 X369.00 Y-201.00 F1200
G1 X370.00 Y-202.00 F1200
G1 X371.00 Y-201.00 F1200
G1 X374.00 Y-201.00 F1200
G1 X374.00 Y-198.00 F1200
G1 X375.00 Y-197.00 F1200
G1 X376.00 Y-198.00 F1200
G1 X376.00 Y-201.00 F1200
G1 X378.00 Y-201.00 F1200
G1 X378.00 Y-197.00 F1200
G1 X380.00 Y-195.00 F1200
G1 X381.00 Y-195.00 F1200
G1 X382.00 Y-196.00 F1200
G1 X382.00 Y-201.00 F1200
G1 X396.00 Y-201.00 F1200
G1 X396.00 Y-194.00 F1200
G1 X396.00 Y-200.00 F1200
G1 X395.00 Y-201.00 F1200
G1 X394.00 Y-201.00 F1200
G1 X393.00 Y-200.00 F1200
G1 X393.00 Y-193.00 F1200
G1 X394.00 Y-192.00 F1200
G1 X397.00 Y-192.00 F1200
G1 X398.00 Y-193.00 F1200
G1 X398.00 Y-201.00 F1200
G1 X412.00 Y-201.00 F1200
G1 X413.00 Y-200.00 F1200
G1 X412.00 Y-199.00 F1200
G1 X412.00 Y-198.00 F1200
G1 X413.00 Y-197.00 F1200
G1 X413.00 Y-193.00 F1200
G1 X412.00 Y-192.00 F1200
G1 X403.00 Y-192.00 F1200
G1 X401.00 Y-190.00 F1200
G1 X401.00 Y-189.00 F1200
G1 X398.00 Y-189.00 F1200
G1 X398.00 Y-191.00 F1200
G1 X397.00 Y-192.00 F1200
G1 X394.00 Y-192.00 F1200
G1 X393.00 Y-191.00 F1200
G1 X394.00 Y-190.00 F1200
G1 X396.00 Y-190.00 F1200
G1 X396.00 Y-188.00 F1200
G0 Z3.0
G0 X392.00 Y-192.00 F1200
G0 Z-0.2 ; Descendre pour dessiner
G1 X393.00 Y-193.00 F1200
G1 X393.00 Y-200.00 F1200
G1 X392.00 Y-201.00 F1200
G1 X391.00 Y-200.00 F1200
G1 X391.00 Y-199.00 F1200
G1 X389.00 Y-197.00 F1200
G1 X389.00 Y-195.00 F1200
G0 Z3.0
G0 X376.00 Y-193.00 F1200
G0 Z-0.2 ; Descendre pour dessiner
G1 X377.00 Y-192.00 F1200
G1 X385.00 Y-192.00 F1200
G1 X387.00 Y-194.00 F1200
G1 X387.00 Y-200.00 F1200
G1 X386.00 Y-201.00 F1200
G1 X385.00 Y-200.00 F1200
G1 X385.00 Y-195.00 F1200
G1 X385.00 Y-200.00 F1200
G1 X384.00 Y-201.00 F1200
G1 X383.00 Y-201.00 F1200
G1 X382.00 Y-200.00 F1200
G1 X382.00 Y-196.00 F1200
G1 X381.00 Y-195.00 F1200
G1 X379.00 Y-195.00 F1200
G1 X379.00 Y-196.00 F1200
G1 X378.00 Y-197.00 F1200
G1 X378.00 Y-200.00 F1200
G1 X377.00 Y-201.00 F1200
G1 X376.00 Y-200.00 F1200
G0 Z3.0
G0 X398.00 Y-190.00 F1200
G0 Z-0.2 ; Descendre pour dessiner
G1 X399.00 Y-189.00 F1200
G1 X400.00 Y-189.00 F1200
G1 X401.00 Y-190.00 F1200
G1 X401.00 Y-191.00 F1200
G1 X402.00 Y-191.00 F1200
G1 X403.00 Y-192.00 F1200
G1 X401.00 Y-194.00 F1200
G1 X401.00 Y-199.00 F1200
G1 X402.00 Y-199.00 F1200
G1 X403.00 Y-198.00 F1200
G1 X403.00 Y-195.00 F1200
G1 X403.00 Y-198.00 F1200
G1 X402.00 Y-199.00 F1200
G1 X401.00 Y-198.00 F1200
G1 X401.00 Y-194.00 F1200
G1 X403.00 Y-192.00 F1200
G1 X411.00 Y-192.00 F1200
G1 X413.00 Y-194.00 F1200
G1 X413.00 Y-196.00 F1200
G1 X412.00 Y-197.00 F1200
G1 X407.00 Y-197.00 F1200
G1 X407.00 Y-199.00 F1200
G1 X410.00 Y-199.00 F1200
G1 X408.00 Y-199.00 F1200
G1 X407.00 Y-198.00 F1200
G1 X408.00 Y-197.00 F1200
G1 X411.00 Y-197.00 F1200
G1 X412.00 Y-198.00 F1200
G1 X412.00 Y-200.00 F1200
G1 X411.00 Y-201.00 F1200
G1 X399.00 Y-201.00 F1200
G1 X398.00 Y-200.00 F1200
G1 X398.00 Y-193.00 F1200
G1 X397.00 Y-192.00 F1200
G1 X398.00 Y-191.00 F1200
G0 Z3.0
G0 X388.00 Y-189.00 F1200
G0 Z-0.2 ; Descendre pour dessiner
G1 X391.00 Y-192.00 F1200
G1 X391.00 Y-193.00 F1200
G1 X389.00 Y-195.00 F1200
G1 X389.00 Y-197.00 F1200
G1 X391.00 Y-199.00 F1200
G1 X391.00 Y-200.00 F1200
G1 X390.00 Y-201.00 F1200
G1 X388.00 Y-201.00 F1200
G1 X387.00 Y-200.00 F1200
G1 X387.00 Y-194.00 F1200
G1 X385.00 Y-192.00 F1200
G0 Z3.0
G0 X393.00 Y-189.00 F1200
G0 Z-0.2 ; Descendre pour dessiner
G1 X394.00 Y-188.00 F1200
G1 X395.00 Y-188.00 F1200
G1 X396.00 Y-189.00 F1200
G1 X395.00 Y-190.00 F1200
G1 X394.00 Y-190.00 F1200
G0 Z3.0
G0 X361.00 Y-188.00 F1200
G0 Z-0.2 ; Descendre pour dessiner
G1 X361.00 Y-190.00 F1200
G1 X359.00 Y-192.00 F1200
G1 X355.00 Y-192.00 F1200
G1 X355.00 Y-193.00 F1200
G1 X356.00 Y-192.00 F1200
G1 X359.00 Y-192.00 F1200
G1 X361.00 Y-190.00 F1200
G1 X361.00 Y-189.00 F1200
G1 X362.00 Y-188.00 F1200
G1 X363.00 Y-188.00 F1200
G1 X364.00 Y-189.00 F1200
G1 X364.00 Y-193.00 F1200
G1 X364.00 Y-188.00 F1200
G0 Z3.0
G0 X350.00 Y-188.00 F1200
G0 Z-0.2 ; Descendre pour dessiner
G1 X350.00 Y-201.00 F1200
G1 X353.00 Y-201.00 F1200
G1 X353.00 Y-200.00 F1200
G1 X352.00 Y-201.00 F1200
G1 X351.00 Y-201.00 F1200
G1 X350.00 Y-200.00 F1200
G1 X350.00 Y-193.00 F1200
G1 X351.00 Y-192.00 F1200
G1 X352.00 Y-192.00 F1200
G1 X353.00 Y-193.00 F1200
G1 X353.00 Y-188.00 F1200
G0 Z3.0
G0 X350.00 Y-191.00 F1200
G0 Z-0.2 ; Descendre pour dessiner
G1 X351.00 Y-190.00 F1200
G1 X352.00 Y-190.00 F1200
G1 X353.00 Y-191.00 F1200
G1 X352.00 Y-192.00 F1200
G1 X351.00 Y-192.00 F1200
G0 Z3.0
G0 X350.00 Y-189.00 F1200
G0 Z-0.2 ; Descendre pour dessiner
G1 X351.00 Y-188.00 F1200
G1 X352.00 Y-188.00 F1200
G1 X353.00 Y-189.00 F1200
G1 X352.00 Y-190.00 F1200
G1 X351.00 Y-190.00 F1200
G0 Z3.0
G0 X275.00 Y-188.00 F1200
G0 Z-0.2 ; Descendre pour dessiner
G1 X275.00 Y-190.00 F1200
G1 X273.00 Y-192.00 F1200
G1 X269.00 Y-192.00 F1200
G1 X269.00 Y-193.00 F1200
G1 X270.00 Y-192.00 F1200
G1 X273.00 Y-192.00 F1200
G1 X275.00 Y-190.00 F1200
G1 X275.00 Y-189.00 F1200
G1 X276.00 Y-188.00 F1200
G1 X277.00 Y-188.00 F1200
G1 X278.00 Y-189.00 F1200
G1 X278.00 Y-195.00 F1200
G1 X280.00 Y-195.00 F1200
G1 X280.00 Y-193.00 F1200
G1 X281.00 Y-192.00 F1200
G1 X283.00 Y-192.00 F1200
G1 X284.00 Y-191.00 F1200
G1 X285.00 Y-192.00 F1200
G1 X287.00 Y-192.00 F1200
G1 X288.00 Y-193.00 F1200
G1 X288.00 Y-195.00 F1200
G1 X290.00 Y-195.00 F1200
G1 X290.00 Y-193.00 F1200
G1 X291.00 Y-192.00 F1200
G1 X296.00 Y-192.00 F1200
G1 X297.00 Y-193.00 F1200
G1 X296.00 Y-194.00 F1200
G1 X295.00 Y-194.00 F1200
G1 X293.00 Y-196.00 F1200
G1 X293.00 Y-200.00 F1200
G1 X292.00 Y-201.00 F1200
G1 X291.00 Y-201.00 F1200
G1 X290.00 Y-200.00 F1200
G1 X290.00 Y-198.00 F1200
G1 X289.00 Y-197.00 F1200
G1 X288.00 Y-197.00 F1200
G1 X288.00 Y-200.00 F1200
G1 X287.00 Y-201.00 F1200
G1 X285.00 Y-201.00 F1200
G1 X284.00 Y-202.00 F1200
G1 X283.00 Y-201.00 F1200
G1 X281.00 Y-201.00 F1200
G1 X280.00 Y-200.00 F1200
G1 X280.00 Y-198.00 F1200
G1 X278.00 Y-198.00 F1200
G1 X278.00 Y-200.00 F1200
G1 X277.00 Y-201.00 F1200
G1 X270.00 Y-201.00 F1200
G1 X269.00 Y-200.00 F1200
G1 X269.00 Y-201.00 F1200
G1 X278.00 Y-201.00 F1200
G1 X278.00 Y-199.00 F1200
G1 X279.00 Y-198.00 F1200
G1 X280.00 Y-199.00 F1200
G1 X280.00 Y-201.00 F1200
G1 X283.00 Y-201.00 F1200
G1 X284.00 Y-202.00 F1200
G1 X285.00 Y-201.00 F1200
G1 X288.00 Y-201.00 F1200
G1 X288.00 Y-198.00 F1200
G1 X289.00 Y-197.00 F1200
G1 X290.00 Y-198.00 F1200
G1 X290.00 Y-201.00 F1200
G1 X293.00 Y-201.00 F1200
G1 X293.00 Y-196.00 F1200
G1 X295.00 Y-194.00 F1200
G1 X297.00 Y-194.00 F1200
G1 X297.00 Y-192.00 F1200
G1 X290.00 Y-192.00 F1200
G1 X290.00 Y-194.00 F1200
G1 X289.00 Y-195.00 F1200
G1 X288.00 Y-194.00 F1200
G1 X288.00 Y-192.00 F1200
G1 X285.00 Y-192.00 F1200
G1 X284.00 Y-191.00 F1200
G1 X283.00 Y-192.00 F1200
G1 X280.00 Y-192.00 F1200
G1 X280.00 Y-194.00 F1200
G1 X279.00 Y-195.00 F1200
G1 X278.00 Y-194.00 F1200
G1 X278.00 Y-188.00 F1200
G0 Z3.0
G0 X260.00 Y-188.00 F1200
G0 Z-0.2 ; Descendre pour dessiner
G1 X260.00 Y-200.00 F1200
G1 X259.00 Y-201.00 F1200
G1 X258.00 Y-200.00 F1200
G1 X258.00 Y-192.00 F1200
G1 X255.00 Y-192.00 F1200
G1 X254.00 Y-191.00 F1200
G1 X253.00 Y-192.00 F1200
G1 X249.00 Y-192.00 F1200
G1 X248.00 Y-191.00 F1200
G1 X247.00 Y-192.00 F1200
G1 X246.00 Y-192.00 F1200
G1 X246.00 Y-194.00 F1200
G1 X245.00 Y-195.00 F1200
G1 X243.00 Y-193.00 F1200
G1 X243.00 Y-192.00 F1200
G1 X242.00 Y-192.00 F1200
G1 X241.00 Y-191.00 F1200
G1 X240.00 Y-192.00 F1200
G1 X240.00 Y-195.00 F1200
G1 X241.00 Y-196.00 F1200
G1 X241.00 Y-197.00 F1200
G1 X242.00 Y-198.00 F1200
G1 X242.00 Y-200.00 F1200
G1 X243.00 Y-201.00 F1200
G1 X247.00 Y-201.00 F1200
G1 X247.00 Y-199.00 F1200
G1 X248.00 Y-198.00 F1200
G1 X248.00 Y-195.00 F1200
G1 X249.00 Y-194.00 F1200
G1 X250.00 Y-194.00 F1200
G1 X251.00 Y-195.00 F1200
G1 X250.00 Y-196.00 F1200
G1 X250.00 Y-201.00 F1200
G1 X267.00 Y-201.00 F1200
G1 X267.00 Y-200.00 F1200
G1 X266.00 Y-201.00 F1200
G1 X261.00 Y-201.00 F1200
G1 X260.00 Y-200.00 F1200
G1 X260.00 Y-189.00 F1200
G1 X261.00 Y-188.00 F1200
G1 X266.00 Y-188.00 F1200
G1 X267.00 Y-189.00 F1200
G1 X266.00 Y-190.00 F1200
G1 X263.00 Y-190.00 F1200
G1 X263.00 Y-192.00 F1200
G1 X266.00 Y-192.00 F1200
G1 X267.00 Y-193.00 F1200
G1 X267.00 Y-188.00 F1200
G0 Z3.0
G0 X253.00 Y-192.00 F1200
G0 Z-0.2 ; Descendre pour dessiner
G1 X254.00 Y-191.00 F1200
G1 X255.00 Y-192.00 F1200
G1 X257.00 Y-192.00 F1200
G1 X258.00 Y-193.00 F1200
G1 X258.00 Y-200.00 F1200
G1 X257.00 Y-201.00 F1200
G1 X251.00 Y-201.00 F1200
G1 X250.00 Y-200.00 F1200
G1 X250.00 Y-197.00 F1200
G1 X251.00 Y-196.00 F1200
G1 X251.00 Y-194.00 F1200
G1 X250.00 Y-194.00 F1200
G1 X249.00 Y-193.00 F1200
G1 X250.00 Y-192.00 F1200
G0 Z3.0
G0 X240.00 Y-192.00 F1200
G0 Z-0.2 ; Descendre pour dessiner
G1 X241.00 Y-191.00 F1200
G1 X244.00 Y-194.00 F1200
G1 X244.00 Y-195.00 F1200
G1 X246.00 Y-195.00 F1200
G1 X246.00 Y-193.00 F1200
G1 X248.00 Y-191.00 F1200
G1 X249.00 Y-192.00 F1200
G1 X249.00 Y-194.00 F1200
G1 X248.00 Y-195.00 F1200
G1 X248.00 Y-198.00 F1200
G1 X247.00 Y-199.00 F1200
G1 X247.00 Y-200.00 F1200
G1 X246.00 Y-201.00 F1200
G1 X243.00 Y-201.00 F1200
G1 X242.00 Y-200.00 F1200
G1 X242.00 Y-198.00 F1200
G1 X241.00 Y-197.00 F1200
G1 X241.00 Y-196.00 F1200
G1 X240.00 Y-195.00 F1200
G0 Z3.0
G0 X263.00 Y-191.00 F1200
G0 Z-0.2 ; Descendre pour dessiner
G1 X264.00 Y-190.00 F1200
G1 X266.00 Y-190.00 F1200
G1 X267.00 Y-191.00 F1200
G1 X266.00 Y-192.00 F1200
G1 X264.00 Y-192.00 F1200
G0 Z3.0
G0 X163.00 Y-188.00 F1200
G0 Z-0.2 ; Descendre pour dessiner
G1 X163.00 Y-191.00 F1200
G1 X164.00 Y-192.00 F1200
G1 X163.00 Y-193.00 F1200
G1 X162.00 Y-193.00 F1200
G1 X161.00 Y-192.00 F1200
G1 X153.00 Y-192.00 F1200
G1 X153.00 Y-201.00 F1200
G1 X156.00 Y-201.00 F1200
G1 X156.00 Y-196.00 F1200
G1 X157.00 Y-195.00 F1200
G1 X158.00 Y-195.00 F1200
G1 X159.00 Y-196.00 F1200
G1 X159.00 Y-201.00 F1200
G1 X162.00 Y-201.00 F1200
G1 X162.00 Y-194.00 F1200
G1 X164.00 Y-192.00 F1200
G1 X165.00 Y-192.00 F1200
G1 X167.00 Y-194.00 F1200
G1 X167.00 Y-201.00 F1200
G1 X175.00 Y-201.00 F1200
G1 X175.00 Y-192.00 F1200
G1 X172.00 Y-192.00 F1200
G1 X171.00 Y-191.00 F1200
G1 X170.00 Y-192.00 F1200
G1 X168.00 Y-192.00 F1200
G1 X167.00 Y-193.00 F1200
G1 X166.00 Y-193.00 F1200
G1 X165.00 Y-192.00 F1200
G1 X166.00 Y-191.00 F1200
G1 X166.00 Y-188.00 F1200
G0 Z3.0
G0 X153.00 Y-193.00 F1200
G0 Z-0.2 ; Descendre pour dessiner
G1 X154.00 Y-192.00 F1200
G1 X160.00 Y-192.00 F1200
G1 X162.00 Y-194.00 F1200
G1 X162.00 Y-200.00 F1200
G1 X161.00 Y-201.00 F1200
G1 X160.00 Y-201.00 F1200
G1 X159.00 Y-200.00 F1200
G1 X159.00 Y-196.00 F1200
G1 X158.00 Y-195.00 F1200
G1 X157.00 Y-195.00 F1200
G1 X156.00 Y-196.00 F1200
G1 X156.00 Y-200.00 F1200
G1 X155.00 Y-201.00 F1200
G1 X154.00 Y-201.00 F1200
G1 X153.00 Y-200.00 F1200
G0 Z3.0
G0 X170.00 Y-192.00 F1200
G0 Z-0.2 ; Descendre pour dessiner
G1 X171.00 Y-191.00 F1200
G1 X172.00 Y-192.00 F1200
G1 X174.00 Y-192.00 F1200
G1 X175.00 Y-193.00 F1200
G1 X175.00 Y-200.00 F1200
G1 X174.00 Y-201.00 F1200
G1 X168.00 Y-201.00 F1200
G1 X167.00 Y-200.00 F1200
G1 X167.00 Y-194.00 F1200
G1 X169.00 Y-192.00 F1200
G0 Z3.0
G0 X163.00 Y-189.00 F1200
G0 Z-0.2 ; Descendre pour dessiner
G1 X164.00 Y-188.00 F1200
G1 X165.00 Y-188.00 F1200
G1 X166.00 Y-189.00 F1200
G1 X166.00 Y-191.00 F1200
G1 X165.00 Y-192.00 F1200
G1 X164.00 Y-192.00 F1200
G1 X163.00 Y-191.00 F1200
G0 Z3.0
G0 X90.00 Y-188.00 F1200
G0 Z-0.2 ; Descendre pour dessiner
G1 X89.00 Y-189.00 F1200
G1 X88.00 Y-189.00 F1200
G1 X88.00 Y-190.00 F1200
G1 X87.00 Y-191.00 F1200
G1 X87.00 Y-198.00 F1200
G1 X88.00 Y-199.00 F1200
G1 X88.00 Y-200.00 F1200
G1 X89.00 Y-200.00 F1200
G1 X90.00 Y-201.00 F1200
G1 X99.00 Y-201.00 F1200
G1 X101.00 Y-199.00 F1200
G1 X102.00 Y-200.00 F1200
G1 X102.00 Y-201.00 F1200
G1 X110.00 Y-201.00 F1200
G1 X112.00 Y-199.00 F1200
G1 X113.00 Y-200.00 F1200
G1 X113.00 Y-201.00 F1200
G1 X121.00 Y-201.00 F1200
G1 X122.00 Y-200.00 F1200
G1 X123.00 Y-200.00 F1200
G1 X124.00 Y-201.00 F1200
G1 X123.00 Y-202.00 F1200
G1 X123.00 Y-204.00 F1200
G1 X124.00 Y-205.00 F1200
G1 X127.00 Y-205.00 F1200
G1 X128.00 Y-206.00 F1200
G1 X129.00 Y-205.00 F1200
G1 X132.00 Y-205.00 F1200
G1 X132.00 Y-204.00 F1200
G1 X135.00 Y-201.00 F1200
G1 X137.00 Y-201.00 F1200
G1 X137.00 Y-199.00 F1200
G1 X138.00 Y-198.00 F1200
G1 X139.00 Y-199.00 F1200
G1 X139.00 Y-201.00 F1200
G1 X142.00 Y-201.00 F1200
G1 X143.00 Y-202.00 F1200
G1 X144.00 Y-201.00 F1200
G1 X147.00 Y-201.00 F1200
G1 X147.00 Y-198.00 F1200
G1 X148.00 Y-197.00 F1200
G1 X148.00 Y-194.00 F1200
G1 X147.00 Y-193.00 F1200
G1 X147.00 Y-192.00 F1200
G1 X144.00 Y-192.00 F1200
G1 X143.00 Y-191.00 F1200
G1 X142.00 Y-192.00 F1200
G1 X139.00 Y-192.00 F1200
G1 X139.00 Y-194.00 F1200
G1 X138.00 Y-195.00 F1200
G1 X137.00 Y-194.00 F1200
G1 X137.00 Y-188.00 F1200
G1 X134.00 Y-188.00 F1200
G1 X134.00 Y-190.00 F1200
G1 X132.00 Y-192.00 F1200
G1 X124.00 Y-192.00 F1200
G1 X123.00 Y-193.00 F1200
G1 X122.00 Y-193.00 F1200
G1 X121.00 Y-192.00 F1200
G1 X113.00 Y-192.00 F1200
G1 X113.00 Y-193.00 F1200
G1 X112.00 Y-194.00 F1200
G1 X110.00 Y-192.00 F1200
G1 X102.00 Y-192.00 F1200
G1 X100.00 Y-194.00 F1200
G1 X94.00 Y-194.00 F1200
G1 X94.00 Y-195.00 F1200
G1 X95.00 Y-196.00 F1200
G1 X96.00 Y-196.00 F1200
G1 X97.00 Y-197.00 F1200
G1 X95.00 Y-199.00 F1200
G1 X93.00 Y-199.00 F1200
G1 X90.00 Y-196.00 F1200
G1 X90.00 Y-193.00 F1200
G1 X93.00 Y-190.00 F1200
G1 X95.00 Y-190.00 F1200
G1 X96.00 Y-191.00 F1200
G1 X99.00 Y-191.00 F1200
G1 X99.00 Y-188.00 F1200
G0 Z3.0
G0 X90.00 Y-188.00 F1200
G0 Z-0.2 ; Descendre pour dessiner
G1 X98.00 Y-188.00 F1200
G1 X99.00 Y-189.00 F1200
G1 X99.00 Y-190.00 F1200
G1 X98.00 Y-191.00 F1200
G1 X96.00 Y-191.00 F1200
G1 X95.00 Y-190.00 F1200
G1 X93.00 Y-190.00 F1200
G1 X92.00 Y-191.00 F1200
G1 X91.00 Y-191.00 F1200
G1 X91.00 Y-192.00 F1200
G1 X90.00 Y-193.00 F1200
G1 X90.00 Y-196.00 F1200
G1 X91.00 Y-197.00 F1200
G1 X91.00 Y-198.00 F1200
G1 X92.00 Y-198.00 F1200
G1 X93.00 Y-199.00 F1200
G1 X95.00 Y-199.00 F1200
G1 X96.00 Y-198.00 F1200
G1 X97.00 Y-198.00 F1200
G1 X97.00 Y-196.00 F1200
G1 X95.00 Y-196.00 F1200
G1 X94.00 Y-195.00 F1200
G1 X95.00 Y-194.00 F1200
G1 X100.00 Y-194.00 F1200
G1 X101.00 Y-193.00 F1200
G1 X102.00 Y-193.00 F1200
G1 X103.00 Y-192.00 F1200
G1 X109.00 Y-192.00 F1200
G1 X111.00 Y-194.00 F1200
G1 X113.00 Y-194.00 F1200
G1 X113.00 Y-193.00 F1200
G1 X114.00 Y-192.00 F1200
G1 X120.00 Y-192.00 F1200
G1 X121.00 Y-193.00 F1200
G1 X124.00 Y-193.00 F1200
G1 X125.00 Y-192.00 F1200
G1 X132.00 Y-192.00 F1200
G1 X134.00 Y-190.00 F1200
G1 X134.00 Y-189.00 F1200
G1 X135.00 Y-188.00 F1200
G1 X136.00 Y-188.00 F1200
G1 X137.00 Y-189.00 F1200
G1 X137.00 Y-195.00 F1200
G1 X139.00 Y-195.00 F1200
G1 X139.00 Y-193.00 F1200
G1 X140.00 Y-192.00 F1200
G1 X142.00 Y-192.00 F1200
G1 X143.00 Y-191.00 F1200
G1 X144.00 Y-192.00 F1200
G1 X146.00 Y-192.00 F1200
G1 X148.00 Y-194.00 F1200
G1 X148.00 Y-196.00 F1200
G1 X147.00 Y-197.00 F1200
G1 X147.00 Y-200.00 F1200
G1 X146.00 Y-201.00 F1200
G1 X144.00 Y-201.00 F1200
G1 X143.00 Y-202.00 F1200
G1 X142.00 Y-201.00 F1200
G1 X140.00 Y-201.00 F1200
G1 X139.00 Y-200.00 F1200
G1 X139.00 Y-198.00 F1200
G1 X137.00 Y-198.00 F1200
G1 X137.00 Y-200.00 F1200
G1 X136.00 Y-201.00 F1200
G1 X135.00 Y-201.00 F1200
G1 X134.00 Y-202.00 F1200
G1 X133.00 Y-202.00 F1200
G1 X133.00 Y-203.00 F1200
G1 X131.00 Y-205.00 F1200
G1 X129.00 Y-205.00 F1200
G1 X128.00 Y-206.00 F1200
G1 X127.00 Y-205.00 F1200
G1 X125.00 Y-205.00 F1200
G1 X123.00 Y-203.00 F1200
G1 X124.00 Y-202.00 F1200
G1 X124.00 Y-200.00 F1200
G1 X121.00 Y-200.00 F1200
G1 X120.00 Y-201.00 F1200
G1 X114.00 Y-201.00 F1200
G1 X113.00 Y-200.00 F1200
G1 X113.00 Y-199.00 F1200
G1 X111.00 Y-199.00 F1200
G1 X109.00 Y-201.00 F1200
G1 X103.00 Y-201.00 F1200
G1 X102.00 Y-200.00 F1200
G1 X102.00 Y-199.00 F1200
G1 X100.00 Y-199.00 F1200
G1 X98.00 Y-201.00 F1200
G1 X90.00 Y-201.00 F1200
G1 X87.00 Y-198.00 F1200
G1 X87.00 Y-191.00 F1200
G0 Z3.0
G0 X127.00 Y-201.00 F1200
G0 Z-0.2 ; Descendre pour dessiner
G1 X128.00 Y-201.00 F1200
G1 X129.00 Y-202.00 F1200
G1 X128.00 Y-203.00 F1200
G1 X127.00 Y-203.00 F1200
G1 X129.00 Y-203.00 F1200
G1 X129.00 Y-201.00 F1200
G0 Z3.0
G0 X127.00 Y-194.00 F1200
G0 Z-0.2 ; Descendre pour dessiner
G1 X127.00 Y-195.00 F1200
G1 X126.00 Y-196.00 F1200
G1 X126.00 Y-197.00 F1200
G1 X127.00 Y-198.00 F1200
G1 X127.00 Y-199.00 F1200
G1 X129.00 Y-199.00 F1200
G1 X129.00 Y-198.00 F1200
G1 X130.00 Y-197.00 F1200
G1 X130.00 Y-196.00 F1200
G1 X129.00 Y-195.00 F1200
G1 X129.00 Y-194.00 F1200
G0 Z3.0
G0 X128.00 Y-194.00 F1200
G0 Z-0.2 ; Descendre pour dessiner
G1 X130.00 Y-196.00 F1200
G1 X130.00 Y-197.00 F1200
G1 X128.00 Y-199.00 F1200
G1 X126.00 Y-197.00 F1200
G1 X126.00 Y-196.00 F1200
G0 Z3.0
G0 X116.00 Y-194.00 F1200
G0 Z-0.2 ; Descendre pour dessiner
G1 X116.00 Y-195.00 F1200
G1 X115.00 Y-196.00 F1200
G1 X115.00 Y-197.00 F1200
G1 X116.00 Y-198.00 F1200
G1 X116.00 Y-199.00 F1200
G1 X118.00 Y-199.00 F1200
G1 X119.00 Y-198.00 F1200
G1 X119.00 Y-195.00 F1200
G1 X118.00 Y-194.00 F1200
G0 Z3.0
G0 X117.00 Y-194.00 F1200
G0 Z-0.2 ; Descendre pour dessiner
G1 X119.00 Y-196.00 F1200
G1 X119.00 Y-197.00 F1200
G1 X117.00 Y-199.00 F1200
G1 X115.00 Y-197.00 F1200
G1 X115.00 Y-196.00 F1200
G0 Z3.0
G0 X105.00 Y-194.00 F1200
G0 Z-0.2 ; Descendre pour dessiner
G1 X105.00 Y-195.00 F1200
G1 X104.00 Y-196.00 F1200
G1 X104.00 Y-197.00 F1200
G1 X105.00 Y-198.00 F1200
G1 X105.00 Y-199.00 F1200
G1 X107.00 Y-199.00 F1200
G1 X108.00 Y-198.00 F1200
G1 X108.00 Y-195.00 F1200
G1 X107.00 Y-194.00 F1200
G0 Z3.0
G0 X106.00 Y-194.00 F1200
G0 Z-0.2 ; Descendre pour dessiner
G1 X108.00 Y-196.00 F1200
G1 X108.00 Y-197.00 F1200
G1 X106.00 Y-199.00 F1200
G1 X104.00 Y-197.00 F1200
G1 X104.00 Y-196.00 F1200
G0 Z3.0
G0 X409.00 Y-187.00 F1200
G0 Z-0.2 ; Descendre pour dessiner
G1 X408.00 Y-188.00 F1200
G1 X407.00 Y-188.00 F1200
G1 X407.00 Y-190.00 F1200
G1 X410.00 Y-190.00 F1200
G1 X411.00 Y-189.00 F1200
G0 Z3.0
G0 X409.00 Y-187.00 F1200
G0 Z-0.2 ; Descendre pour dessiner
G1 X410.00 Y-188.00 F1200
G1 X410.00 Y-189.00 F1200
G1 X409.00 Y-190.00 F1200
G1 X408.00 Y-190.00 F1200
G1 X407.00 Y-189.00 F1200
G0 Z3.0
G0 X63.00 Y-185.00 F1200
G0 Z-0.2 ; Descendre pour dessiner
G1 X62.00 Y-186.00 F1200
G1 X61.00 Y-186.00 F1200
G1 X59.00 Y-188.00 F1200
G1 X59.00 Y-189.00 F1200
G1 X58.00 Y-190.00 F1200
G1 X58.00 Y-197.00 F1200
G1 X59.00 Y-198.00 F1200
G1 X59.00 Y-199.00 F1200
G1 X61.00 Y-201.00 F1200
G1 X62.00 Y-201.00 F1200
G1 X63.00 Y-202.00 F1200
G1 X70.00 Y-202.00 F1200
G1 X71.00 Y-201.00 F1200
G1 X72.00 Y-201.00 F1200
G1 X75.00 Y-198.00 F1200
G1 X75.00 Y-190.00 F1200
G1 X74.00 Y-189.00 F1200
G1 X74.00 Y-188.00 F1200
G1 X72.00 Y-186.00 F1200
G1 X71.00 Y-186.00 F1200
G1 X70.00 Y-185.00 F1200
G0 Z3.0
G0 X63.00 Y-185.00 F1200
G0 Z-0.2 ; Descendre pour dessiner
G1 X70.00 Y-185.00 F1200
G1 X75.00 Y-190.00 F1200
G1 X75.00 Y-197.00 F1200
G1 X70.00 Y-202.00 F1200
G1 X63.00 Y-202.00 F1200
G1 X58.00 Y-197.00 F1200
G1 X58.00 Y-190.00 F1200
G0 Z3.0
G0 X575.00 Y-149.00 F1200
G0 Z-0.2 ; Descendre pour dessiner
G1 X574.00 Y-150.00 F1200
G1 X574.00 Y-151.00 F1200
G1 X575.00 Y-152.00 F1200
G1 X576.00 Y-152.00 F1200
G1 X577.00 Y-151.00 F1200
G1 X577.00 Y-150.00 F1200
G1 X576.00 Y-149.00 F1200
G0 Z3.0
G0 X574.00 Y-150.00 F1200
G0 Z-0.2 ; Descendre pour dessiner
G1 X575.00 Y-149.00 F1200
G1 X576.00 Y-149.00 F1200
G1 X577.00 Y-150.00 F1200
G1 X577.00 Y-151.00 F1200
G1 X576.00 Y-152.00 F1200
G1 X575.00 Y-152.00 F1200
G1 X574.00 Y-151.00 F1200
G0 Z3.0
G0 X434.00 Y-149.00 F1200
G0 Z-0.2 ; Descendre pour dessiner
G1 X433.00 Y-150.00 F1200
G1 X433.00 Y-151.00 F1200
G1 X434.00 Y-152.00 F1200
G1 X435.00 Y-152.00 F1200
G1 X436.00 Y-151.00 F1200
G1 X436.00 Y-150.00 F1200
G1 X435.00 Y-149.00 F1200
G0 Z3.0
G0 X433.00 Y-150.00 F1200
G0 Z-0.2 ; Descendre pour dessiner
G1 X434.00 Y-149.00 F1200
G1 X435.00 Y-149.00 F1200
G1 X436.00 Y-150.00 F1200
G1 X436.00 Y-151.00 F1200
G1 X435.00 Y-152.00 F1200
G1 X434.00 Y-152.00 F1200
G1 X433.00 Y-151.00 F1200
G0 Z3.0
G0 X426.00 Y-149.00 F1200
G0 Z-0.2 ; Descendre pour dessiner
G1 X425.00 Y-150.00 F1200
G1 X425.00 Y-151.00 F1200
G1 X426.00 Y-152.00 F1200
G1 X427.00 Y-152.00 F1200
G1 X428.00 Y-151.00 F1200
G1 X428.00 Y-150.00 F1200
G1 X427.00 Y-149.00 F1200
G0 Z3.0
G0 X425.00 Y-150.00 F1200
G0 Z-0.2 ; Descendre pour dessiner
G1 X426.00 Y-149.00 F1200
G1 X427.00 Y-149.00 F1200
G1 X428.00 Y-150.00 F1200
G1 X428.00 Y-151.00 F1200
G1 X427.00 Y-152.00 F1200
G1 X426.00 Y-152.00 F1200
G1 X425.00 Y-151.00 F1200
G0 Z3.0
G0 X391.00 Y-150.00 F1200
G0 Z-0.2 ; Descendre pour dessiner
G1 X392.00 Y-149.00 F1200
G1 X393.00 Y-150.00 F1200
G1 X393.00 Y-151.00 F1200
G1 X392.00 Y-152.00 F1200
G1 X391.00 Y-151.00 F1200
G0 Z3.0
G0 X360.00 Y-149.00 F1200
G0 Z-0.2 ; Descendre pour dessiner
G1 X359.00 Y-150.00 F1200
G1 X359.00 Y-151.00 F1200
G1 X360.00 Y-152.00 F1200
G1 X361.00 Y-152.00 F1200
G1 X362.00 Y-151.00 F1200
G1 X362.00 Y-150.00 F1200
G1 X361.00 Y-149.00 F1200
G0 Z3.0
G0 X359.00 Y-150.00 F1200
G0 Z-0.2 ; Descendre pour dessiner
G1 X360.00 Y-149.00 F1200
G1 X361.00 Y-149.00 F1200
G1 X362.00 Y-150.00 F1200
G1 X362.00 Y-151.00 F1200
G1 X361.00 Y-152.00 F1200
G1 X360.00 Y-152.00 F1200
G1 X359.00 Y-151.00 F1200
G0 Z3.0
G0 X344.00 Y-149.00 F1200
G0 Z-0.2 ; Descendre pour dessiner
G1 X343.00 Y-150.00 F1200
G1 X343.00 Y-151.00 F1200
G1 X344.00 Y-152.00 F1200
G1 X345.00 Y-152.00 F1200
G1 X346.00 Y-151.00 F1200
G1 X346.00 Y-150.00 F1200
G1 X345.00 Y-149.00 F1200
G0 Z3.0
G0 X343.00 Y-150.00 F1200
G0 Z-0.2 ; Descendre pour dessiner
G1 X344.00 Y-149.00 F1200
G1 X345.00 Y-149.00 F1200
G1 X346.00 Y-150.00 F1200
G1 X346.00 Y-151.00 F1200
G1 X345.00 Y-152.00 F1200
G1 X344.00 Y-152.00 F1200
G1 X343.00 Y-151.00 F1200
G0 Z3.0
G0 X285.00 Y-149.00 F1200
G0 Z-0.2 ; Descendre pour dessiner
G1 X284.00 Y-150.00 F1200
G1 X284.00 Y-151.00 F1200
G1 X285.00 Y-152.00 F1200
G1 X288.00 Y-152.00 F1200
G1 X289.00 Y-151.00 F1200
G1 X289.00 Y-150.00 F1200
G1 X288.00 Y-149.00 F1200
G0 Z3.0
G0 X284.00 Y-150.00 F1200
G0 Z-0.2 ; Descendre pour dessiner
G1 X285.00 Y-149.00 F1200
G1 X288.00 Y-149.00 F1200
G1 X289.00 Y-150.00 F1200
G1 X289.00 Y-151.00 F1200
G1 X288.00 Y-152.00 F1200
G1 X285.00 Y-152.00 F1200
G1 X284.00 Y-151.00 F1200
G0 Z3.0
G0 X269.00 Y-150.00 F1200
G0 Z-0.2 ; Descendre pour dessiner
G1 X270.00 Y-149.00 F1200
G1 X271.00 Y-150.00 F1200
G1 X271.00 Y-151.00 F1200
G1 X270.00 Y-152.00 F1200
G1 X269.00 Y-151.00 F1200
G0 Z3.0
G0 X183.00 Y-149.00 F1200
G0 Z-0.2 ; Descendre pour dessiner
G1 X183.00 Y-152.00 F1200
G1 X184.00 Y-151.00 F1200
G1 X185.00 Y-152.00 F1200
G1 X185.00 Y-149.00 F1200
G1 X185.00 Y-150.00 F1200
G1 X184.00 Y-151.00 F1200
G1 X183.00 Y-150.00 F1200
G0 Z3.0
G0 X99.00 Y-149.00 F1200
G0 Z-0.2 ; Descendre pour dessiner
G1 X98.00 Y-150.00 F1200
G1 X98.00 Y-151.00 F1200
G1 X99.00 Y-152.00 F1200
G1 X100.00 Y-152.00 F1200
G1 X101.00 Y-151.00 F1200
G1 X101.00 Y-150.00 F1200
G1 X100.00 Y-149.00 F1200
G0 Z3.0
G0 X98.00 Y-150.00 F1200
G0 Z-0.2 ; Descendre pour dessiner
G1 X99.00 Y-149.00 F1200
G1 X100.00 Y-149.00 F1200
G1 X101.00 Y-150.00 F1200
G1 X101.00 Y-151.00 F1200
G1 X100.00 Y-152.00 F1200
G1 X99.00 Y-152.00 F1200
G1 X98.00 Y-151.00 F1200
G0 Z3.0
G0 X86.00 Y-150.00 F1200
G0 Z-0.2 ; Descendre pour dessiner
G1 X87.00 Y-149.00 F1200
G1 X88.00 Y-150.00 F1200
G1 X88.00 Y-151.00 F1200
G1 X87.00 Y-152.00 F1200
G1 X86.00 Y-151.00 F1200
G0 Z3.0
G0 X546.00 Y-146.00 F1200
G0 Z-0.2 ; Descendre pour dessiner
G1 X545.00 Y-147.00 F1200
G1 X544.00 Y-147.00 F1200
G1 X544.00 Y-154.00 F1200
G1 X545.00 Y-154.00 F1200
G1 X546.00 Y-155.00 F1200
G1 X548.00 Y-155.00 F1200
G1 X549.00 Y-154.00 F1200
G1 X550.00 Y-154.00 F1200
G1 X551.00 Y-153.00 F1200
G1 X552.00 Y-154.00 F1200
G1 X553.00 Y-154.00 F1200
G1 X554.00 Y-155.00 F1200
G1 X556.00 Y-155.00 F1200
G1 X557.00 Y-154.00 F1200
G1 X558.00 Y-154.00 F1200
G1 X558.00 Y-147.00 F1200
G1 X557.00 Y-147.00 F1200
G1 X556.00 Y-146.00 F1200
G1 X554.00 Y-146.00 F1200
G1 X553.00 Y-147.00 F1200
G1 X552.00 Y-147.00 F1200
G1 X551.00 Y-148.00 F1200
G1 X550.00 Y-147.00 F1200
G1 X549.00 Y-147.00 F1200
G1 X548.00 Y-146.00 F1200
G0 Z3.0
G0 X546.00 Y-150.00 F1200
G0 Z-0.2 ; Descendre pour dessiner
G1 X547.00 Y-149.00 F1200
G1 X549.00 Y-149.00 F1200
G1 X550.00 Y-150.00 F1200
G1 X550.00 Y-151.00 F1200
G1 X549.00 Y-152.00 F1200
G1 X547.00 Y-152.00 F1200
G1 X546.00 Y-151.00 F1200
G0 Z3.0
G0 X554.00 Y-146.00 F1200
G0 Z-0.2 ; Descendre pour dessiner
G1 X556.00 Y-146.00 F1200
G1 X558.00 Y-148.00 F1200
G1 X558.00 Y-153.00 F1200
G1 X556.00 Y-155.00 F1200
G1 X554.00 Y-155.00 F1200
G1 X552.00 Y-153.00 F1200
G1 X550.00 Y-153.00 F1200
G1 X549.00 Y-152.00 F1200
G1 X550.00 Y-151.00 F1200
G1 X550.00 Y-150.00 F1200
G1 X549.00 Y-149.00 F1200
G1 X550.00 Y-148.00 F1200
G1 X552.00 Y-148.00 F1200
G0 Z3.0
G0 X554.00 Y-149.00 F1200
G0 Z-0.2 ; Descendre pour dessiner
G1 X553.00 Y-150.00 F1200
G1 X553.00 Y-151.00 F1200
G1 X554.00 Y-152.00 F1200
G1 X555.00 Y-152.00 F1200
G1 X556.00 Y-151.00 F1200
G1 X556.00 Y-150.00 F1200
G1 X555.00 Y-149.00 F1200
G0 Z3.0
G0 X553.00 Y-150.00 F1200
G0 Z-0.2 ; Descendre pour dessiner
G1 X554.00 Y-149.00 F1200
G1 X555.00 Y-149.00 F1200
G1 X556.00 Y-150.00 F1200
G1 X556.00 Y-151.00 F1200
G1 X555.00 Y-152.00 F1200
G1 X554.00 Y-152.00 F1200
G1 X553.00 Y-151.00 F1200
G0 Z3.0
G0 X546.00 Y-146.00 F1200
G0 Z-0.2 ; Descendre pour dessiner
G1 X548.00 Y-146.00 F1200
G1 X550.00 Y-148.00 F1200
G1 X549.00 Y-149.00 F1200
G1 X546.00 Y-149.00 F1200
G1 X546.00 Y-151.00 F1200
G1 X547.00 Y-152.00 F1200
G1 X549.00 Y-152.00 F1200
G1 X550.00 Y-153.00 F1200
G1 X548.00 Y-155.00 F1200
G1 X546.00 Y-155.00 F1200
G1 X544.00 Y-153.00 F1200
G1 X544.00 Y-148.00 F1200
G0 Z3.0
G0 X528.00 Y-146.00 F1200
G0 Z-0.2 ; Descendre pour dessiner
G1 X527.00 Y-147.00 F1200
G1 X525.00 Y-147.00 F1200
G1 X525.00 Y-154.00 F1200
G1 X527.00 Y-154.00 F1200
G1 X528.00 Y-155.00 F1200
G1 X529.00 Y-155.00 F1200
G1 X530.00 Y-154.00 F1200
G1 X531.00 Y-154.00 F1200
G1 X532.00 Y-153.00 F1200
G1 X533.00 Y-154.00 F1200
G1 X534.00 Y-154.00 F1200
G1 X535.00 Y-155.00 F1200
G1 X537.00 Y-155.00 F1200
G1 X538.00 Y-154.00 F1200
G1 X539.00 Y-154.00 F1200
G1 X539.00 Y-147.00 F1200
G1 X538.00 Y-147.00 F1200
G1 X537.00 Y-146.00 F1200
G1 X535.00 Y-146.00 F1200
G1 X534.00 Y-147.00 F1200
G1 X533.00 Y-147.00 F1200
G1 X532.00 Y-148.00 F1200
G1 X531.00 Y-147.00 F1200
G1 X530.00 Y-147.00 F1200
G1 X529.00 Y-146.00 F1200
G0 Z3.0
G0 X537.00 Y-152.00 F1200
G0 Z-0.2 ; Descendre pour dessiner
G1 X538.00 Y-151.00 F1200
G1 X539.00 Y-152.00 F1200
G1 X539.00 Y-153.00 F1200
G1 X538.00 Y-154.00 F1200
G1 X537.00 Y-153.00 F1200
G0 Z3.0
G0 X527.00 Y-150.00 F1200
G0 Z-0.2 ; Descendre pour dessiner
G1 X528.00 Y-149.00 F1200
G1 X530.00 Y-149.00 F1200
G1 X531.00 Y-150.00 F1200
G1 X531.00 Y-151.00 F1200
G1 X530.00 Y-152.00 F1200
G1 X528.00 Y-152.00 F1200
G1 X527.00 Y-151.00 F1200
G0 Z3.0
G0 X535.00 Y-146.00 F1200
G0 Z-0.2 ; Descendre pour dessiner
G1 X537.00 Y-146.00 F1200
G1 X539.00 Y-148.00 F1200
G1 X539.00 Y-150.00 F1200
G1 X538.00 Y-151.00 F1200
G1 X536.00 Y-151.00 F1200
G1 X535.00 Y-150.00 F1200
G1 X535.00 Y-149.00 F1200
G1 X535.00 Y-152.00 F1200
G1 X536.00 Y-153.00 F1200
G1 X537.00 Y-153.00 F1200
G1 X538.00 Y-154.00 F1200
G1 X537.00 Y-155.00 F1200
G1 X535.00 Y-155.00 F1200
G1 X533.00 Y-153.00 F1200
G1 X533.00 Y-152.00 F1200
G1 X532.00 Y-153.00 F1200
G1 X531.00 Y-153.00 F1200
G1 X530.00 Y-152.00 F1200
G1 X531.00 Y-151.00 F1200
G1 X531.00 Y-150.00 F1200
G1 X530.00 Y-149.00 F1200
G1 X531.00 Y-148.00 F1200
G1 X533.00 Y-148.00 F1200
G0 Z3.0
G0 X527.00 Y-147.00 F1200
G0 Z-0.2 ; Descendre pour dessiner
G1 X528.00 Y-146.00 F1200
G1 X529.00 Y-146.00 F1200
G1 X531.00 Y-148.00 F1200
G1 X530.00 Y-149.00 F1200
G1 X528.00 Y-149.00 F1200
G1 X527.00 Y-150.00 F1200
G1 X527.00 Y-151.00 F1200
G1 X528.00 Y-152.00 F1200
G1 X530.00 Y-152.00 F1200
G1 X531.00 Y-153.00 F1200
G1 X529.00 Y-155.00 F1200
G1 X528.00 Y-155.00 F1200
G1 X527.00 Y-154.00 F1200
G1 X526.00 Y-154.00 F1200
G1 X525.00 Y-153.00 F1200
G1 X525.00 Y-148.00 F1200
G1 X526.00 Y-147.00 F1200
G0 Z3.0
G0 X516.00 Y-146.00 F1200
G0 Z-0.2 ; Descendre pour dessiner
G1 X515.00 Y-147.00 F1200
G1 X514.00 Y-147.00 F1200
G1 X514.00 Y-154.00 F1200
G1 X516.00 Y-154.00 F1200
G1 X517.00 Y-155.00 F1200
G1 X518.00 Y-155.00 F1200
G1 X519.00 Y-154.00 F1200
G1 X520.00 Y-154.00 F1200
G1 X520.00 Y-147.00 F1200
G1 X519.00 Y-147.00 F1200
G1 X518.00 Y-146.00 F1200
G0 Z3.0
G0 X516.00 Y-154.00 F1200
G0 Z-0.2 ; Descendre pour dessiner
G1 X517.00 Y-153.00 F1200
G1 X518.00 Y-153.00 F1200
G1 X519.00 Y-154.00 F1200
G1 X518.00 Y-155.00 F1200
G1 X517.00 Y-155.00 F1200
G0 Z3.0
G0 X516.00 Y-146.00 F1200
G0 Z-0.2 ; Descendre pour dessiner
G1 X518.00 Y-146.00 F1200
G1 X520.00 Y-148.00 F1200
G1 X520.00 Y-153.00 F1200
G1 X519.00 Y-154.00 F1200
G1 X518.00 Y-153.00 F1200
G1 X517.00 Y-153.00 F1200
G1 X516.00 Y-152.00 F1200
G1 X517.00 Y-151.00 F1200
G1 X518.00 Y-151.00 F1200
G1 X517.00 Y-151.00 F1200
G1 X516.00 Y-150.00 F1200
G1 X516.00 Y-149.00 F1200
G1 X516.00 Y-152.00 F1200
G1 X517.00 Y-153.00 F1200
G1 X516.00 Y-154.00 F1200
G1 X515.00 Y-154.00 F1200
G1 X514.00 Y-153.00 F1200
G1 X514.00 Y-148.00 F1200
G0 Z3.0
G0 X418.00 Y-146.00 F1200
G0 Z-0.2 ; Descendre pour dessiner
G1 X417.00 Y-147.00 F1200
G1 X415.00 Y-147.00 F1200
G1 X415.00 Y-154.00 F1200
G1 X417.00 Y-154.00 F1200
G1 X418.00 Y-155.00 F1200
G1 X419.00 Y-155.00 F1200
G1 X420.00 Y-154.00 F1200
G1 X421.00 Y-154.00 F1200
G1 X423.00 Y-156.00 F1200
G1 X423.00 Y-157.00 F1200
G1 X425.00 Y-157.00 F1200
G1 X425.00 Y-156.00 F1200
G1 X426.00 Y-155.00 F1200
G1 X427.00 Y-155.00 F1200
G1 X428.00 Y-154.00 F1200
G1 X429.00 Y-154.00 F1200
G1 X428.00 Y-154.00 F1200
G1 X427.00 Y-155.00 F1200
G1 X426.00 Y-155.00 F1200
G1 X424.00 Y-157.00 F1200
G1 X421.00 Y-154.00 F1200
G1 X420.00 Y-154.00 F1200
G1 X419.00 Y-153.00 F1200
G1 X420.00 Y-152.00 F1200
G1 X419.00 Y-151.00 F1200
G1 X420.00 Y-150.00 F1200
G1 X419.00 Y-149.00 F1200
G1 X419.00 Y-148.00 F1200
G1 X418.00 Y-148.00 F1200
G1 X417.00 Y-147.00 F1200
G1 X418.00 Y-146.00 F1200
G1 X420.00 Y-146.00 F1200
G1 X421.00 Y-147.00 F1200
G1 X425.00 Y-147.00 F1200
G1 X426.00 Y-146.00 F1200
G1 X428.00 Y-146.00 F1200
G1 X429.00 Y-147.00 F1200
G1 X433.00 Y-147.00 F1200
G1 X434.00 Y-146.00 F1200
G1 X436.00 Y-146.00 F1200
G1 X437.00 Y-147.00 F1200
G1 X436.00 Y-146.00 F1200
G1 X434.00 Y-146.00 F1200
G1 X433.00 Y-147.00 F1200
G1 X429.00 Y-147.00 F1200
G1 X428.00 Y-146.00 F1200
G1 X426.00 Y-146.00 F1200
G1 X425.00 Y-147.00 F1200
G1 X421.00 Y-147.00 F1200
G1 X420.00 Y-146.00 F1200
G0 Z3.0
G0 X417.00 Y-154.00 F1200
G0 Z-0.2 ; Descendre pour dessiner
G1 X418.00 Y-153.00 F1200
G1 X419.00 Y-153.00 F1200
G1 X420.00 Y-154.00 F1200
G1 X419.00 Y-155.00 F1200
G1 X418.00 Y-155.00 F1200
G0 Z3.0
G0 X415.00 Y-148.00 F1200
G0 Z-0.2 ; Descendre pour dessiner
G1 X416.00 Y-147.00 F1200
G1 X417.00 Y-147.00 F1200
G1 X419.00 Y-149.00 F1200
G1 X418.00 Y-150.00 F1200
G1 X418.00 Y-151.00 F1200
G1 X419.00 Y-151.00 F1200
G1 X420.00 Y-152.00 F1200
G1 X419.00 Y-153.00 F1200
G1 X418.00 Y-153.00 F1200
G1 X417.00 Y-154.00 F1200
G1 X416.00 Y-154.00 F1200
G1 X415.00 Y-153.00 F1200
G0 Z3.0
G0 X332.00 Y-146.00 F1200
G0 Z-0.2 ; Descendre pour dessiner
G1 X331.00 Y-147.00 F1200
G1 X330.00 Y-147.00 F1200
G1 X330.00 Y-154.00 F1200
G1 X332.00 Y-154.00 F1200
G1 X333.00 Y-155.00 F1200
G1 X334.00 Y-155.00 F1200
G1 X335.00 Y-154.00 F1200
G1 X336.00 Y-154.00 F1200
G1 X336.00 Y-147.00 F1200
G1 X335.00 Y-147.00 F1200
G1 X334.00 Y-146.00 F1200
G0 Z3.0
G0 X332.00 Y-154.00 F1200
G0 Z-0.2 ; Descendre pour dessiner
G1 X333.00 Y-153.00 F1200
G1 X334.00 Y-153.00 F1200
G1 X335.00 Y-154.00 F1200
G1 X334.00 Y-155.00 F1200
G1 X333.00 Y-155.00 F1200
G0 Z3.0
G0 X332.00 Y-146.00 F1200
G0 Z-0.2 ; Descendre pour dessiner
G1 X334.00 Y-146.00 F1200
G1 X336.00 Y-148.00 F1200
G1 X336.00 Y-153.00 F1200
G1 X335.00 Y-154.00 F1200
G1 X334.00 Y-153.00 F1200
G1 X333.00 Y-153.00 F1200
G1 X332.00 Y-152.00 F1200
G1 X333.00 Y-151.00 F1200
G1 X334.00 Y-151.00 F1200
G1 X333.00 Y-151.00 F1200
G1 X332.00 Y-150.00 F1200
G1 X332.00 Y-149.00 F1200
G1 X332.00 Y-152.00 F1200
G1 X333.00 Y-153.00 F1200
G1 X332.00 Y-154.00 F1200
G1 X331.00 Y-154.00 F1200
G1 X330.00 Y-153.00 F1200
G1 X330.00 Y-148.00 F1200
G0 Z3.0
G0 X238.00 Y-146.00 F1200
G0 Z-0.2 ; Descendre pour dessiner
G1 X237.00 Y-147.00 F1200
G1 X228.00 Y-147.00 F1200
G1 X228.00 Y-154.00 F1200
G1 X229.00 Y-154.00 F1200
G1 X230.00 Y-155.00 F1200
G1 X231.00 Y-155.00 F1200
G1 X232.00 Y-154.00 F1200
G1 X237.00 Y-154.00 F1200
G1 X238.00 Y-155.00 F1200
G1 X239.00 Y-155.00 F1200
G1 X240.00 Y-154.00 F1200
G1 X242.00 Y-154.00 F1200
G1 X242.00 Y-151.00 F1200
G1 X241.00 Y-150.00 F1200
G1 X241.00 Y-147.00 F1200
G1 X240.00 Y-147.00 F1200
G1 X239.00 Y-146.00 F1200
G0 Z3.0
G0 X228.00 Y-148.00 F1200
G0 Z-0.2 ; Descendre pour dessiner
G1 X229.00 Y-147.00 F1200
G1 X230.00 Y-148.00 F1200
G1 X230.00 Y-152.00 F1200
G1 X230.00 Y-148.00 F1200
G1 X231.00 Y-147.00 F1200
G1 X232.00 Y-148.00 F1200
G1 X232.00 Y-152.00 F1200
G1 X232.00 Y-148.00 F1200
G1 X233.00 Y-147.00 F1200
G1 X237.00 Y-147.00 F1200
G1 X238.00 Y-148.00 F1200
G1 X238.00 Y-150.00 F1200
G1 X239.00 Y-150.00 F1200
G1 X238.00 Y-149.00 F1200
G1 X240.00 Y-147.00 F1200
G1 X241.00 Y-148.00 F1200
G1 X241.00 Y-151.00 F1200
G1 X242.00 Y-152.00 F1200
G1 X242.00 Y-153.00 F1200
G1 X241.00 Y-154.00 F1200
G1 X240.00 Y-154.00 F1200
G1 X239.00 Y-155.00 F1200
G1 X238.00 Y-155.00 F1200
G1 X237.00 Y-154.00 F1200
G1 X232.00 Y-154.00 F1200
G1 X231.00 Y-155.00 F1200
G1 X230.00 Y-155.00 F1200
G1 X228.00 Y-153.00 F1200
G0 Z3.0
G0 X237.00 Y-147.00 F1200
G0 Z-0.2 ; Descendre pour dessiner
G1 X238.00 Y-146.00 F1200
G1 X239.00 Y-146.00 F1200
G1 X240.00 Y-147.00 F1200
G1 X239.00 Y-148.00 F1200
G1 X238.00 Y-148.00 F1200
G0 Z3.0
G0 X213.00 Y-146.00 F1200
G0 Z-0.2 ; Descendre pour dessiner
G1 X212.00 Y-147.00 F1200
G1 X212.00 Y-150.00 F1200
G1 X213.00 Y-151.00 F1200
G1 X213.00 Y-153.00 F1200
G1 X214.00 Y-154.00 F1200
G1 X217.00 Y-154.00 F1200
G1 X217.00 Y-151.00 F1200
G1 X218.00 Y-150.00 F1200
G1 X219.00 Y-151.00 F1200
G1 X219.00 Y-153.00 F1200
G1 X220.00 Y-154.00 F1200
G1 X221.00 Y-154.00 F1200
G1 X222.00 Y-155.00 F1200
G1 X224.00 Y-155.00 F1200
G1 X225.00 Y-154.00 F1200
G1 X226.00 Y-154.00 F1200
G1 X226.00 Y-147.00 F1200
G1 X225.00 Y-147.00 F1200
G1 X224.00 Y-146.00 F1200
G1 X222.00 Y-146.00 F1200
G1 X221.00 Y-147.00 F1200
G1 X220.00 Y-147.00 F1200
G1 X219.00 Y-146.00 F1200
G1 X218.00 Y-147.00 F1200
G1 X214.00 Y-147.00 F1200
G0 Z3.0
G0 X212.00 Y-147.00 F1200
G0 Z-0.2 ; Descendre pour dessiner
G1 X213.00 Y-146.00 F1200
G1 X214.00 Y-147.00 F1200
G1 X214.00 Y-149.00 F1200
G1 X216.00 Y-149.00 F1200
G1 X216.00 Y-148.00 F1200
G1 X217.00 Y-147.00 F1200
G1 X218.00 Y-148.00 F1200
G1 X218.00 Y-147.00 F1200
G1 X219.00 Y-146.00 F1200
G1 X220.00 Y-147.00 F1200
G1 X220.00 Y-148.00 F1200
G1 X222.00 Y-146.00 F1200
G1 X224.00 Y-146.00 F1200
G1 X226.00 Y-148.00 F1200
G1 X226.00 Y-153.00 F1200
G1 X224.00 Y-155.00 F1200
G1 X222.00 Y-155.00 F1200
G1 X221.00 Y-154.00 F1200
G1 X220.00 Y-154.00 F1200
G1 X219.00 Y-153.00 F1200
G1 X219.00 Y-150.00 F1200
G1 X218.00 Y-150.00 F1200
G1 X217.00 Y-151.00 F1200
G1 X217.00 Y-153.00 F1200
G1 X216.00 Y-154.00 F1200
G1 X214.00 Y-154.00 F1200
G1 X213.00 Y-153.00 F1200
G1 X213.00 Y-151.00 F1200
G1 X212.00 Y-150.00 F1200
G0 Z3.0
G0 X222.00 Y-149.00 F1200
G0 Z-0.2 ; Descendre pour dessiner
G1 X221.00 Y-150.00 F1200
G1 X221.00 Y-151.00 F1200
G1 X222.00 Y-152.00 F1200
G1 X223.00 Y-152.00 F1200
G1 X224.00 Y-151.00 F1200
G1 X224.00 Y-150.00 F1200
G1 X223.00 Y-149.00 F1200
G0 Z3.0
G0 X221.00 Y-150.00 F1200
G0 Z-0.2 ; Descendre pour dessiner
G1 X222.00 Y-149.00 F1200
G1 X223.00 Y-149.00 F1200
G1 X224.00 Y-150.00 F1200
G1 X224.00 Y-151.00 F1200
G1 X223.00 Y-152.00 F1200
G1 X222.00 Y-152.00 F1200
G1 X221.00 Y-151.00 F1200
G0 Z3.0
G0 X157.00 Y-146.00 F1200
G0 Z-0.2 ; Descendre pour dessiner
G1 X156.00 Y-147.00 F1200
G1 X155.00 Y-147.00 F1200
G1 X155.00 Y-150.00 F1200
G1 X156.00 Y-150.00 F1200
G1 X157.00 Y-149.00 F1200
G1 X156.00 Y-150.00 F1200
G1 X155.00 Y-149.00 F1200
G1 X155.00 Y-148.00 F1200
G1 X157.00 Y-146.00 F1200
G1 X159.00 Y-146.00 F1200
G1 X160.00 Y-147.00 F1200
G1 X163.00 Y-147.00 F1200
G1 X164.00 Y-148.00 F1200
G1 X164.00 Y-151.00 F1200
G1 X165.00 Y-152.00 F1200
G1 X166.00 Y-152.00 F1200
G1 X167.00 Y-151.00 F1200
G1 X167.00 Y-148.00 F1200
G1 X168.00 Y-147.00 F1200
G1 X171.00 Y-147.00 F1200
G1 X172.00 Y-148.00 F1200
G1 X172.00 Y-153.00 F1200
G1 X171.00 Y-154.00 F1200
G1 X167.00 Y-154.00 F1200
G1 X166.00 Y-155.00 F1200
G1 X165.00 Y-155.00 F1200
G1 X164.00 Y-154.00 F1200
G1 X160.00 Y-154.00 F1200
G1 X159.00 Y-155.00 F1200
G1 X157.00 Y-155.00 F1200
G1 X155.00 Y-153.00 F1200
G1 X156.00 Y-152.00 F1200
G1 X155.00 Y-152.00 F1200
G1 X155.00 Y-154.00 F1200
G1 X156.00 Y-154.00 F1200
G1 X157.00 Y-155.00 F1200
G1 X159.00 Y-155.00 F1200
G1 X160.00 Y-154.00 F1200
G1 X164.00 Y-154.00 F1200
G1 X165.00 Y-155.00 F1200
G1 X166.00 Y-155.00 F1200
G1 X167.00 Y-154.00 F1200
G1 X172.00 Y-154.00 F1200
G1 X172.00 Y-147.00 F1200
G1 X167.00 Y-147.00 F1200
G1 X167.00 Y-151.00 F1200
G1 X166.00 Y-152.00 F1200
G1 X165.00 Y-152.00 F1200
G1 X164.00 Y-151.00 F1200
G1 X164.00 Y-147.00 F1200
G1 X160.00 Y-147.00 F1200
G1 X159.00 Y-146.00 F1200
G0 Z3.0
G0 X86.00 Y-146.00 F1200
G0 Z-0.2 ; Descendre pour dessiner
G1 X85.00 Y-147.00 F1200
G1 X84.00 Y-147.00 F1200
G1 X84.00 Y-157.00 F1200
G1 X86.00 Y-157.00 F1200
G1 X86.00 Y-156.00 F1200
G1 X87.00 Y-155.00 F1200
G1 X88.00 Y-155.00 F1200
G1 X89.00 Y-154.00 F1200
G1 X90.00 Y-154.00 F1200
G1 X90.00 Y-152.00 F1200
G1 X90.00 Y-153.00 F1200
G1 X88.00 Y-155.00 F1200
G1 X87.00 Y-155.00 F1200
G1 X85.00 Y-157.00 F1200
G1 X84.00 Y-156.00 F1200
G1 X84.00 Y-148.00 F1200
G1 X86.00 Y-146.00 F1200
G1 X88.00 Y-146.00 F1200
G1 X90.00 Y-148.00 F1200
G1 X90.00 Y-149.00 F1200
G1 X92.00 Y-151.00 F1200
G1 X92.00 Y-154.00 F1200
G1 X94.00 Y-154.00 F1200
G1 X94.00 Y-149.00 F1200
G1 X94.00 Y-153.00 F1200
G1 X93.00 Y-154.00 F1200
G1 X92.00 Y-153.00 F1200
G1 X92.00 Y-148.00 F1200
G1 X94.00 Y-146.00 F1200
G1 X95.00 Y-146.00 F1200
G1 X96.00 Y-147.00 F1200
G1 X98.00 Y-147.00 F1200
G1 X99.00 Y-146.00 F1200
G1 X101.00 Y-146.00 F1200
G1 X103.00 Y-148.00 F1200
G1 X103.00 Y-153.00 F1200
G1 X101.00 Y-155.00 F1200
G1 X99.00 Y-155.00 F1200
G1 X98.00 Y-154.00 F1200
G1 X97.00 Y-154.00 F1200
G1 X96.00 Y-153.00 F1200
G1 X96.00 Y-149.00 F1200
G1 X96.00 Y-153.00 F1200
G1 X97.00 Y-154.00 F1200
G1 X98.00 Y-154.00 F1200
G1 X99.00 Y-155.00 F1200
G1 X101.00 Y-155.00 F1200
G1 X102.00 Y-154.00 F1200
G1 X103.00 Y-154.00 F1200
G1 X103.00 Y-147.00 F1200
G1 X102.00 Y-147.00 F1200
G1 X101.00 Y-146.00 F1200
G1 X99.00 Y-146.00 F1200
G1 X98.00 Y-147.00 F1200
G1 X96.00 Y-147.00 F1200
G1 X95.00 Y-146.00 F1200
G1 X94.00 Y-146.00 F1200
G1 X93.00 Y-147.00 F1200
G1 X89.00 Y-147.00 F1200
G1 X88.00 Y-146.00 F1200
G0 Z3.0
G0 X90.00 Y-148.00 F1200
G0 Z-0.2 ; Descendre pour dessiner
G1 X91.00 Y-147.00 F1200
G1 X92.00 Y-148.00 F1200
G1 X92.00 Y-149.00 F1200
G1 X91.00 Y-150.00 F1200
G1 X90.00 Y-149.00 F1200
G0 Z3.0
G0 X581.00 Y-145.00 F1200
G0 Z-0.2 ; Descendre pour dessiner
G1 X580.00 Y-146.00 F1200
G1 X579.00 Y-146.00 F1200
G1 X578.00 Y-147.00 F1200
G1 X577.00 Y-146.00 F1200
G1 X575.00 Y-146.00 F1200
G1 X574.00 Y-147.00 F1200
G1 X569.00 Y-147.00 F1200
G1 X568.00 Y-146.00 F1200
G1 X567.00 Y-146.00 F1200
G1 X566.00 Y-147.00 F1200
G1 X565.00 Y-147.00 F1200
G1 X564.00 Y-146.00 F1200
G1 X562.00 Y-146.00 F1200
G1 X561.00 Y-147.00 F1200
G1 X560.00 Y-147.00 F1200
G1 X560.00 Y-154.00 F1200
G1 X566.00 Y-154.00 F1200
G1 X566.00 Y-150.00 F1200
G1 X567.00 Y-149.00 F1200
G1 X568.00 Y-149.00 F1200
G1 X569.00 Y-150.00 F1200
G1 X569.00 Y-154.00 F1200
G1 X570.00 Y-154.00 F1200
G1 X572.00 Y-156.00 F1200
G1 X572.00 Y-157.00 F1200
G1 X574.00 Y-157.00 F1200
G1 X574.00 Y-156.00 F1200
G1 X575.00 Y-155.00 F1200
G1 X576.00 Y-155.00 F1200
G1 X577.00 Y-154.00 F1200
G1 X579.00 Y-154.00 F1200
G1 X579.00 Y-149.00 F1200
G1 X579.00 Y-153.00 F1200
G1 X578.00 Y-154.00 F1200
G1 X577.00 Y-154.00 F1200
G1 X576.00 Y-155.00 F1200
G1 X575.00 Y-155.00 F1200
G1 X573.00 Y-157.00 F1200
G1 X569.00 Y-153.00 F1200
G1 X569.00 Y-150.00 F1200
G1 X568.00 Y-149.00 F1200
G1 X567.00 Y-149.00 F1200
G1 X566.00 Y-150.00 F1200
G1 X566.00 Y-153.00 F1200
G1 X565.00 Y-154.00 F1200
G1 X564.00 Y-153.00 F1200
G1 X564.00 Y-149.00 F1200
G1 X564.00 Y-153.00 F1200
G1 X563.00 Y-154.00 F1200
G1 X562.00 Y-153.00 F1200
G1 X562.00 Y-149.00 F1200
G1 X562.00 Y-153.00 F1200
G1 X561.00 Y-154.00 F1200
G1 X560.00 Y-153.00 F1200
G1 X560.00 Y-148.00 F1200
G1 X562.00 Y-146.00 F1200
G1 X564.00 Y-146.00 F1200
G1 X565.00 Y-147.00 F1200
G1 X566.00 Y-147.00 F1200
G1 X567.00 Y-146.00 F1200
G1 X568.00 Y-146.00 F1200
G1 X569.00 Y-147.00 F1200
G1 X574.00 Y-147.00 F1200
G1 X575.00 Y-146.00 F1200
G1 X577.00 Y-146.00 F1200
G1 X578.00 Y-147.00 F1200
G1 X579.00 Y-146.00 F1200
G1 X581.00 Y-148.00 F1200
G1 X581.00 Y-154.00 F1200
G1 X582.00 Y-154.00 F1200
G1 X583.00 Y-155.00 F1200
G1 X584.00 Y-154.00 F1200
G1 X587.00 Y-154.00 F1200
G1 X588.00 Y-155.00 F1200
G1 X589.00 Y-155.00 F1200
G1 X590.00 Y-154.00 F1200
G1 X593.00 Y-154.00 F1200
G1 X594.00 Y-155.00 F1200
G1 X595.00 Y-154.00 F1200
G1 X595.00 Y-153.00 F1200
G1 X593.00 Y-153.00 F1200
G1 X592.00 Y-154.00 F1200
G1 X591.00 Y-153.00 F1200
G1 X591.00 Y-147.00 F1200
G1 X590.00 Y-147.00 F1200
G1 X589.00 Y-146.00 F1200
G1 X587.00 Y-146.00 F1200
G1 X585.00 Y-148.00 F1200
G1 X584.00 Y-147.00 F1200
G1 X584.00 Y-146.00 F1200
G1 X583.00 Y-145.00 F1200
G0 Z3.0
G0 X587.00 Y-154.00 F1200
G0 Z-0.2 ; Descendre pour dessiner
G1 X588.00 Y-153.00 F1200
G1 X589.00 Y-153.00 F1200
G1 X590.00 Y-154.00 F1200
G1 X589.00 Y-155.00 F1200
G1 X588.00 Y-155.00 F1200
G0 Z3.0
G0 X580.00 Y-146.00 F1200
G0 Z-0.2 ; Descendre pour dessiner
G1 X581.00 Y-145.00 F1200
G1 X583.00 Y-145.00 F1200
G1 X584.00 Y-146.00 F1200
G1 X584.00 Y-147.00 F1200
G1 X583.00 Y-148.00 F1200
G1 X583.00 Y-152.00 F1200
G1 X583.00 Y-148.00 F1200
G1 X584.00 Y-147.00 F1200
G1 X585.00 Y-148.00 F1200
G1 X585.00 Y-152.00 F1200
G1 X585.00 Y-148.00 F1200
G1 X587.00 Y-146.00 F1200
G1 X589.00 Y-146.00 F1200
G1 X591.00 Y-148.00 F1200
G1 X591.00 Y-153.00 F1200
G1 X590.00 Y-154.00 F1200
G1 X589.00 Y-153.00 F1200
G1 X588.00 Y-153.00 F1200
G1 X587.00 Y-152.00 F1200
G1 X588.00 Y-151.00 F1200
G1 X589.00 Y-151.00 F1200
G1 X588.00 Y-151.00 F1200
G1 X587.00 Y-150.00 F1200
G1 X587.00 Y-149.00 F1200
G1 X587.00 Y-152.00 F1200
G1 X588.00 Y-153.00 F1200
G1 X587.00 Y-154.00 F1200
G1 X584.00 Y-154.00 F1200
G1 X583.00 Y-155.00 F1200
G1 X581.00 Y-153.00 F1200
G1 X581.00 Y-148.00 F1200
G1 X580.00 Y-147.00 F1200
G0 Z3.0
G0 X197.00 Y-145.00 F1200
G0 Z-0.2 ; Descendre pour dessiner
G1 X195.00 Y-147.00 F1200
G1 X194.00 Y-147.00 F1200
G1 X193.00 Y-146.00 F1200
G1 X191.00 Y-146.00 F1200
G1 X190.00 Y-147.00 F1200
G1 X186.00 Y-147.00 F1200
G1 X185.00 Y-146.00 F1200
G1 X183.00 Y-146.00 F1200
G1 X182.00 Y-147.00 F1200
G1 X178.00 Y-147.00 F1200
G1 X177.00 Y-148.00 F1200
G1 X176.00 Y-147.00 F1200
G1 X174.00 Y-147.00 F1200
G1 X174.00 Y-151.00 F1200
G1 X175.00 Y-152.00 F1200
G1 X175.00 Y-154.00 F1200
G1 X178.00 Y-154.00 F1200
G1 X178.00 Y-153.00 F1200
G1 X179.00 Y-152.00 F1200
G1 X179.00 Y-149.00 F1200
G1 X178.00 Y-148.00 F1200
G1 X179.00 Y-147.00 F1200
G1 X182.00 Y-147.00 F1200
G1 X183.00 Y-146.00 F1200
G1 X185.00 Y-146.00 F1200
G1 X187.00 Y-148.00 F1200
G1 X187.00 Y-153.00 F1200
G1 X186.00 Y-154.00 F1200
G1 X185.00 Y-154.00 F1200
G1 X184.00 Y-155.00 F1200
G1 X183.00 Y-155.00 F1200
G1 X181.00 Y-153.00 F1200
G1 X181.00 Y-149.00 F1200
G1 X181.00 Y-154.00 F1200
G1 X182.00 Y-154.00 F1200
G1 X183.00 Y-155.00 F1200
G1 X184.00 Y-155.00 F1200
G1 X185.00 Y-154.00 F1200
G1 X198.00 Y-154.00 F1200
G1 X199.00 Y-155.00 F1200
G1 X200.00 Y-154.00 F1200
G1 X203.00 Y-154.00 F1200
G1 X204.00 Y-155.00 F1200
G1 X205.00 Y-155.00 F1200
G1 X206.00 Y-154.00 F1200
G1 X208.00 Y-154.00 F1200
G1 X208.00 Y-151.00 F1200
G1 X207.00 Y-150.00 F1200
G1 X207.00 Y-147.00 F1200
G1 X206.00 Y-147.00 F1200
G1 X205.00 Y-146.00 F1200
G1 X204.00 Y-146.00 F1200
G1 X203.00 Y-147.00 F1200
G1 X201.00 Y-147.00 F1200
G1 X199.00 Y-145.00 F1200
G0 Z3.0
G0 X187.00 Y-148.00 F1200
G0 Z-0.2 ; Descendre pour dessiner
G1 X188.00 Y-147.00 F1200
G1 X189.00 Y-148.00 F1200
G1 X189.00 Y-153.00 F1200
G1 X188.00 Y-154.00 F1200
G1 X187.00 Y-153.00 F1200
G0 Z3.0
G0 X174.00 Y-148.00 F1200
G0 Z-0.2 ; Descendre pour dessiner
G1 X175.00 Y-147.00 F1200
G1 X176.00 Y-148.00 F1200
G1 X178.00 Y-148.00 F1200
G1 X179.00 Y-149.00 F1200
G1 X179.00 Y-152.00 F1200
G1 X177.00 Y-154.00 F1200
G1 X176.00 Y-154.00 F1200
G1 X175.00 Y-153.00 F1200
G1 X175.00 Y-152.00 F1200
G1 X174.00 Y-151.00 F1200
G0 Z3.0
G0 X203.00 Y-147.00 F1200
G0 Z-0.2 ; Descendre pour dessiner
G1 X204.00 Y-146.00 F1200
G1 X205.00 Y-146.00 F1200
G1 X206.00 Y-147.00 F1200
G1 X205.00 Y-148.00 F1200
G1 X204.00 Y-148.00 F1200
G0 Z3.0
G0 X197.00 Y-145.00 F1200
G0 Z-0.2 ; Descendre pour dessiner
G1 X199.00 Y-145.00 F1200
G1 X200.00 Y-146.00 F1200
G1 X200.00 Y-147.00 F1200
G1 X203.00 Y-147.00 F1200
G1 X204.00 Y-148.00 F1200
G1 X204.00 Y-150.00 F1200
G1 X205.00 Y-150.00 F1200
G1 X204.00 Y-149.00 F1200
G1 X206.00 Y-147.00 F1200
G1 X207.00 Y-148.00 F1200
G1 X207.00 Y-151.00 F1200
G1 X208.00 Y-152.00 F1200
G1 X208.00 Y-153.00 F1200
G1 X207.00 Y-154.00 F1200
G1 X206.00 Y-154.00 F1200
G1 X205.00 Y-155.00 F1200
G1 X204.00 Y-155.00 F1200
G1 X203.00 Y-154.00 F1200
G1 X200.00 Y-154.00 F1200
G1 X199.00 Y-155.00 F1200
G1 X197.00 Y-153.00 F1200
G1 X197.00 Y-148.00 F1200
G1 X197.00 Y-153.00 F1200
G1 X196.00 Y-154.00 F1200
G1 X195.00 Y-153.00 F1200
G1 X195.00 Y-149.00 F1200
G1 X195.00 Y-153.00 F1200
G1 X194.00 Y-154.00 F1200
G1 X193.00 Y-153.00 F1200
G1 X193.00 Y-149.00 F1200
G1 X193.00 Y-153.00 F1200
G1 X192.00 Y-154.00 F1200
G1 X191.00 Y-153.00 F1200
G1 X191.00 Y-149.00 F1200
G1 X191.00 Y-153.00 F1200
G1 X190.00 Y-154.00 F1200
G1 X189.00 Y-153.00 F1200
G1 X189.00 Y-148.00 F1200
G1 X191.00 Y-146.00 F1200
G1 X193.00 Y-146.00 F1200
G1 X194.00 Y-147.00 F1200
G1 X195.00 Y-147.00 F1200
G0 Z3.0
G0 X199.00 Y-149.00 F1200
G0 Z-0.2 ; Descendre pour dessiner
G1 X199.00 Y-152.00 F1200
G1 X202.00 Y-152.00 F1200
G1 X200.00 Y-152.00 F1200
G1 X199.00 Y-151.00 F1200
G1 X199.00 Y-150.00 F1200
G1 X200.00 Y-149.00 F1200
G1 X201.00 Y-150.00 F1200
G1 X202.00 Y-150.00 F1200
G1 X201.00 Y-149.00 F1200
G0 Z3.0
G0 X510.00 Y-144.00 F1200
G0 Z-0.2 ; Descendre pour dessiner
G1 X510.00 Y-145.00 F1200
G1 X509.00 Y-146.00 F1200
G1 X508.00 Y-146.00 F1200
G1 X507.00 Y-147.00 F1200
G1 X506.00 Y-147.00 F1200
G1 X505.00 Y-148.00 F1200
G1 X505.00 Y-153.00 F1200
G1 X506.00 Y-154.00 F1200
G1 X507.00 Y-154.00 F1200
G1 X508.00 Y-155.00 F1200
G1 X510.00 Y-155.00 F1200
G1 X511.00 Y-154.00 F1200
G1 X512.00 Y-154.00 F1200
G1 X512.00 Y-144.00 F1200
G0 Z3.0
G0 X511.00 Y-144.00 F1200
G0 Z-0.2 ; Descendre pour dessiner
G1 X512.00 Y-145.00 F1200
G1 X512.00 Y-153.00 F1200
G1 X510.00 Y-155.00 F1200
G1 X508.00 Y-155.00 F1200
G1 X507.00 Y-154.00 F1200
G1 X506.00 Y-154.00 F1200
G1 X505.00 Y-153.00 F1200
G1 X505.00 Y-148.00 F1200
G1 X506.00 Y-147.00 F1200
G1 X507.00 Y-147.00 F1200
G1 X508.00 Y-146.00 F1200
G1 X509.00 Y-146.00 F1200
G0 Z3.0
G0 X508.00 Y-150.00 F1200
G0 Z-0.2 ; Descendre pour dessiner
G1 X509.00 Y-149.00 F1200
G1 X510.00 Y-150.00 F1200
G1 X510.00 Y-151.00 F1200
G1 X509.00 Y-152.00 F1200
G1 X508.00 Y-151.00 F1200
G0 Z3.0
G0 X462.00 Y-144.00 F1200
G0 Z-0.2 ; Descendre pour dessiner
G1 X462.00 Y-146.00 F1200
G1 X464.00 Y-148.00 F1200
G1 X464.00 Y-153.00 F1200
G1 X463.00 Y-154.00 F1200
G1 X462.00 Y-154.00 F1200
G1 X461.00 Y-153.00 F1200
G1 X462.00 Y-152.00 F1200
G1 X462.00 Y-149.00 F1200
G1 X461.00 Y-148.00 F1200
G1 X460.00 Y-148.00 F1200
G1 X459.00 Y-147.00 F1200
G1 X458.00 Y-147.00 F1200
G1 X458.00 Y-150.00 F1200
G1 X457.00 Y-151.00 F1200
G1 X457.00 Y-154.00 F1200
G1 X459.00 Y-154.00 F1200
G1 X460.00 Y-155.00 F1200
G1 X461.00 Y-155.00 F1200
G1 X462.00 Y-154.00 F1200
G1 X464.00 Y-154.00 F1200
G1 X464.00 Y-147.00 F1200
G1 X463.00 Y-147.00 F1200
G1 X462.00 Y-146.00 F1200
G0 Z3.0
G0 X459.00 Y-154.00 F1200
G0 Z-0.2 ; Descendre pour dessiner
G1 X460.00 Y-153.00 F1200
G1 X461.00 Y-153.00 F1200
G1 X462.00 Y-154.00 F1200
G1 X461.00 Y-155.00 F1200
G1 X460.00 Y-155.00 F1200
G0 Z3.0
G0 X458.00 Y-148.00 F1200
G0 Z-0.2 ; Descendre pour dessiner
G1 X459.00 Y-147.00 F1200
G1 X460.00 Y-148.00 F1200
G1 X461.00 Y-148.00 F1200
G1 X462.00 Y-149.00 F1200
G1 X462.00 Y-150.00 F1200
G1 X461.00 Y-151.00 F1200
G1 X460.00 Y-150.00 F1200
G1 X460.00 Y-153.00 F1200
G1 X459.00 Y-154.00 F1200
G1 X458.00 Y-154.00 F1200
G1 X457.00 Y-153.00 F1200
G1 X457.00 Y-151.00 F1200
G1 X458.00 Y-150.00 F1200
G0 Z3.0
G0 X393.00 Y-144.00 F1200
G0 Z-0.2 ; Descendre pour dessiner
G1 X393.00 Y-145.00 F1200
G1 X392.00 Y-146.00 F1200
G1 X391.00 Y-146.00 F1200
G1 X390.00 Y-147.00 F1200
G1 X389.00 Y-147.00 F1200
G1 X388.00 Y-148.00 F1200
G1 X388.00 Y-153.00 F1200
G1 X389.00 Y-154.00 F1200
G1 X390.00 Y-154.00 F1200
G1 X391.00 Y-155.00 F1200
G1 X393.00 Y-155.00 F1200
G1 X394.00 Y-154.00 F1200
G1 X398.00 Y-154.00 F1200
G1 X399.00 Y-155.00 F1200
G1 X401.00 Y-155.00 F1200
G1 X402.00 Y-154.00 F1200
G1 X405.00 Y-154.00 F1200
G1 X406.00 Y-155.00 F1200
G1 X408.00 Y-155.00 F1200
G1 X409.00 Y-154.00 F1200
G1 X410.00 Y-154.00 F1200
G1 X410.00 Y-147.00 F1200
G1 X409.00 Y-147.00 F1200
G1 X408.00 Y-146.00 F1200
G1 X406.00 Y-146.00 F1200
G1 X405.00 Y-147.00 F1200
G1 X402.00 Y-147.00 F1200
G1 X401.00 Y-146.00 F1200
G1 X399.00 Y-146.00 F1200
G1 X398.00 Y-147.00 F1200
G1 X397.00 Y-147.00 F1200
G1 X397.00 Y-148.00 F1200
G1 X399.00 Y-146.00 F1200
G1 X401.00 Y-146.00 F1200
G1 X402.00 Y-147.00 F1200
G1 X405.00 Y-147.00 F1200
G1 X406.00 Y-146.00 F1200
G1 X408.00 Y-146.00 F1200
G1 X410.00 Y-148.00 F1200
G1 X410.00 Y-153.00 F1200
G1 X408.00 Y-155.00 F1200
G1 X406.00 Y-155.00 F1200
G1 X405.00 Y-154.00 F1200
G1 X402.00 Y-154.00 F1200
G1 X401.00 Y-153.00 F1200
G1 X401.00 Y-152.00 F1200
G1 X402.00 Y-151.00 F1200
G1 X403.00 Y-151.00 F1200
G1 X404.00 Y-152.00 F1200
G1 X405.00 Y-152.00 F1200
G1 X404.00 Y-152.00 F1200
G1 X403.00 Y-151.00 F1200
G1 X404.00 Y-150.00 F1200
G1 X405.00 Y-150.00 F1200
G1 X406.00 Y-149.00 F1200
G1 X405.00 Y-150.00 F1200
G1 X403.00 Y-150.00 F1200
G1 X402.00 Y-151.00 F1200
G1 X400.00 Y-151.00 F1200
G1 X399.00 Y-150.00 F1200
G1 X399.00 Y-149.00 F1200
G1 X399.00 Y-152.00 F1200
G1 X400.00 Y-153.00 F1200
G1 X401.00 Y-153.00 F1200
G1 X402.00 Y-154.00 F1200
G1 X401.00 Y-155.00 F1200
G1 X399.00 Y-155.00 F1200
G1 X397.00 Y-153.00 F1200
G1 X397.00 Y-152.00 F1200
G1 X397.00 Y-153.00 F1200
G1 X396.00 Y-154.00 F1200
G1 X395.00 Y-153.00 F1200
G1 X395.00 Y-152.00 F1200
G1 X395.00 Y-153.00 F1200
G1 X393.00 Y-155.00 F1200
G1 X391.00 Y-155.00 F1200
G1 X390.00 Y-154.00 F1200
G1 X389.00 Y-154.00 F1200
G1 X388.00 Y-153.00 F1200
G1 X388.00 Y-148.00 F1200
G1 X389.00 Y-147.00 F1200
G1 X390.00 Y-147.00 F1200
G1 X391.00 Y-146.00 F1200
G1 X392.00 Y-146.00 F1200
G1 X394.00 Y-144.00 F1200
G1 X395.00 Y-145.00 F1200
G1 X395.00 Y-148.00 F1200
G1 X395.00 Y-144.00 F1200
G0 Z3.0
G0 X326.00 Y-144.00 F1200
G0 Z-0.2 ; Descendre pour dessiner
G1 X326.00 Y-145.00 F1200
G1 X325.00 Y-146.00 F1200
G1 X324.00 Y-146.00 F1200
G1 X323.00 Y-147.00 F1200
G1 X322.00 Y-147.00 F1200
G1 X321.00 Y-148.00 F1200
G1 X321.00 Y-153.00 F1200
G1 X322.00 Y-154.00 F1200
G1 X323.00 Y-154.00 F1200
G1 X324.00 Y-155.00 F1200
G1 X326.00 Y-155.00 F1200
G1 X327.00 Y-154.00 F1200
G1 X328.00 Y-154.00 F1200
G1 X328.00 Y-144.00 F1200
G0 Z3.0
G0 X327.00 Y-144.00 F1200
G0 Z-0.2 ; Descendre pour dessiner
G1 X328.00 Y-145.00 F1200
G1 X328.00 Y-153.00 F1200
G1 X326.00 Y-155.00 F1200
G1 X324.00 Y-155.00 F1200
G1 X323.00 Y-154.00 F1200
G1 X322.00 Y-154.00 F1200
G1 X321.00 Y-153.00 F1200
G1 X321.00 Y-148.00 F1200
G1 X322.00 Y-147.00 F1200
G1 X323.00 Y-147.00 F1200
G1 X324.00 Y-146.00 F1200
G1 X325.00 Y-146.00 F1200
G0 Z3.0
G0 X324.00 Y-150.00 F1200
G0 Z-0.2 ; Descendre pour dessiner
G1 X325.00 Y-149.00 F1200
G1 X326.00 Y-150.00 F1200
G1 X326.00 Y-151.00 F1200
G1 X325.00 Y-152.00 F1200
G1 X324.00 Y-151.00 F1200
G0 Z3.0
G0 X57.00 Y-144.00 F1200
G0 Z-0.2 ; Descendre pour dessiner
G1 X57.00 Y-154.00 F1200
G1 X58.00 Y-154.00 F1200
G1 X59.00 Y-155.00 F1200
G1 X63.00 Y-155.00 F1200
G1 X64.00 Y-154.00 F1200
G1 X67.00 Y-154.00 F1200
G1 X68.00 Y-155.00 F1200
G1 X69.00 Y-155.00 F1200
G1 X70.00 Y-154.00 F1200
G1 X74.00 Y-154.00 F1200
G1 X75.00 Y-155.00 F1200
G1 X76.00 Y-155.00 F1200
G1 X77.00 Y-154.00 F1200
G1 X79.00 Y-154.00 F1200
G1 X79.00 Y-151.00 F1200
G1 X78.00 Y-150.00 F1200
G1 X78.00 Y-147.00 F1200
G1 X77.00 Y-147.00 F1200
G1 X76.00 Y-146.00 F1200
G1 X75.00 Y-146.00 F1200
G1 X74.00 Y-147.00 F1200
G1 X70.00 Y-147.00 F1200
G1 X69.00 Y-146.00 F1200
G1 X67.00 Y-146.00 F1200
G1 X66.00 Y-147.00 F1200
G1 X65.00 Y-147.00 F1200
G1 X65.00 Y-151.00 F1200
G1 X63.00 Y-153.00 F1200
G1 X61.00 Y-153.00 F1200
G1 X59.00 Y-151.00 F1200
G1 X59.00 Y-144.00 F1200
G0 Z3.0
G0 X67.00 Y-154.00 F1200
G0 Z-0.2 ; Descendre pour dessiner
G1 X68.00 Y-153.00 F1200
G1 X69.00 Y-153.00 F1200
G1 X70.00 Y-154.00 F1200
G1 X69.00 Y-155.00 F1200
G1 X68.00 Y-155.00 F1200
G0 Z3.0
G0 X74.00 Y-147.00 F1200
G0 Z-0.2 ; Descendre pour dessiner
G1 X75.00 Y-146.00 F1200
G1 X76.00 Y-146.00 F1200
G1 X77.00 Y-147.00 F1200
G1 X76.00 Y-148.00 F1200
G1 X75.00 Y-148.00 F1200
G0 Z3.0
G0 X67.00 Y-146.00 F1200
G0 Z-0.2 ; Descendre pour dessiner
G1 X69.00 Y-146.00 F1200
G1 X70.00 Y-147.00 F1200
G1 X74.00 Y-147.00 F1200
G1 X75.00 Y-148.00 F1200
G1 X75.00 Y-150.00 F1200
G1 X76.00 Y-150.00 F1200
G1 X75.00 Y-149.00 F1200
G1 X77.00 Y-147.00 F1200
G1 X78.00 Y-148.00 F1200
G1 X78.00 Y-151.00 F1200
G1 X79.00 Y-152.00 F1200
G1 X79.00 Y-153.00 F1200
G1 X78.00 Y-154.00 F1200
G1 X77.00 Y-154.00 F1200
G1 X76.00 Y-155.00 F1200
G1 X75.00 Y-155.00 F1200
G1 X74.00 Y-154.00 F1200
G1 X70.00 Y-154.00 F1200
G1 X69.00 Y-153.00 F1200
G1 X68.00 Y-153.00 F1200
G1 X67.00 Y-152.00 F1200
G1 X68.00 Y-151.00 F1200
G1 X69.00 Y-151.00 F1200
G1 X68.00 Y-151.00 F1200
G1 X67.00 Y-150.00 F1200
G1 X67.00 Y-149.00 F1200
G1 X67.00 Y-152.00 F1200
G1 X68.00 Y-153.00 F1200
G1 X67.00 Y-154.00 F1200
G1 X64.00 Y-154.00 F1200
G1 X63.00 Y-153.00 F1200
G1 X65.00 Y-151.00 F1200
G1 X65.00 Y-148.00 F1200
G0 Z3.0
G0 X71.00 Y-150.00 F1200
G0 Z-0.2 ; Descendre pour dessiner
G1 X72.00 Y-150.00 F1200
G1 X73.00 Y-151.00 F1200
G1 X72.00 Y-152.00 F1200
G1 X73.00 Y-152.00 F1200
G1 X73.00 Y-150.00 F1200
G0 Z3.0
G0 X57.00 Y-145.00 F1200
G0 Z-0.2 ; Descendre pour dessiner
G1 X58.00 Y-144.00 F1200
G1 X59.00 Y-145.00 F1200
G1 X59.00 Y-151.00 F1200
G1 X61.00 Y-153.00 F1200
G1 X63.00 Y-153.00 F1200
G1 X64.00 Y-154.00 F1200
G1 X63.00 Y-155.00 F1200
G1 X59.00 Y-155.00 F1200
G1 X57.00 Y-153.00 F1200
G0 Z3.0
G0 X470.00 Y-143.00 F1200
G0 Z-0.2 ; Descendre pour dessiner
G1 X469.00 Y-144.00 F1200
G1 X469.00 Y-154.00 F1200
G1 X471.00 Y-154.00 F1200
G1 X471.00 Y-149.00 F1200
G1 X473.00 Y-147.00 F1200
G1 X475.00 Y-149.00 F1200
G1 X475.00 Y-154.00 F1200
G1 X476.00 Y-154.00 F1200
G1 X477.00 Y-155.00 F1200
G1 X478.00 Y-155.00 F1200
G1 X479.00 Y-154.00 F1200
G1 X485.00 Y-154.00 F1200
G1 X485.00 Y-153.00 F1200
G1 X486.00 Y-152.00 F1200
G1 X487.00 Y-153.00 F1200
G1 X487.00 Y-154.00 F1200
G1 X488.00 Y-154.00 F1200
G1 X489.00 Y-155.00 F1200
G1 X491.00 Y-155.00 F1200
G1 X492.00 Y-154.00 F1200
G1 X496.00 Y-154.00 F1200
G1 X497.00 Y-155.00 F1200
G1 X499.00 Y-155.00 F1200
G1 X500.00 Y-154.00 F1200
G1 X501.00 Y-154.00 F1200
G1 X501.00 Y-147.00 F1200
G1 X499.00 Y-147.00 F1200
G1 X498.00 Y-146.00 F1200
G1 X497.00 Y-146.00 F1200
G1 X496.00 Y-147.00 F1200
G1 X495.00 Y-147.00 F1200
G1 X495.00 Y-148.00 F1200
G1 X494.00 Y-149.00 F1200
G1 X493.00 Y-148.00 F1200
G1 X493.00 Y-144.00 F1200
G1 X491.00 Y-144.00 F1200
G1 X491.00 Y-145.00 F1200
G1 X490.00 Y-146.00 F1200
G1 X489.00 Y-146.00 F1200
G1 X488.00 Y-147.00 F1200
G1 X486.00 Y-147.00 F1200
G1 X485.00 Y-146.00 F1200
G1 X485.00 Y-144.00 F1200
G1 X484.00 Y-143.00 F1200
G1 X483.00 Y-144.00 F1200
G1 X483.00 Y-146.00 F1200
G1 X482.00 Y-147.00 F1200
G1 X480.00 Y-147.00 F1200
G1 X479.00 Y-146.00 F1200
G1 X477.00 Y-146.00 F1200
G1 X475.00 Y-148.00 F1200
G1 X474.00 Y-147.00 F1200
G1 X474.00 Y-144.00 F1200
G1 X471.00 Y-144.00 F1200
G0 Z3.0
G0 X496.00 Y-154.00 F1200
G0 Z-0.2 ; Descendre pour dessiner
G1 X497.00 Y-153.00 F1200
G1 X499.00 Y-153.00 F1200
G1 X500.00 Y-154.00 F1200
G1 X499.00 Y-155.00 F1200
G1 X497.00 Y-155.00 F1200
G0 Z3.0
G0 X499.00 Y-152.00 F1200
G0 Z-0.2 ; Descendre pour dessiner
G1 X500.00 Y-151.00 F1200
G1 X501.00 Y-152.00 F1200
G1 X501.00 Y-153.00 F1200
G1 X500.00 Y-154.00 F1200
G1 X499.00 Y-153.00 F1200
G0 Z3.0
G0 X496.00 Y-152.00 F1200
G0 Z-0.2 ; Descendre pour dessiner
G1 X497.00 Y-151.00 F1200
G1 X498.00 Y-151.00 F1200
G1 X499.00 Y-152.00 F1200
G1 X498.00 Y-153.00 F1200
G1 X497.00 Y-153.00 F1200
G0 Z3.0
G0 X481.00 Y-148.00 F1200
G0 Z-0.2 ; Descendre pour dessiner
G1 X482.00 Y-147.00 F1200
G1 X483.00 Y-148.00 F1200
G1 X483.00 Y-153.00 F1200
G1 X482.00 Y-154.00 F1200
G1 X481.00 Y-153.00 F1200
G0 Z3.0
G0 X496.00 Y-147.00 F1200
G0 Z-0.2 ; Descendre pour dessiner
G1 X497.00 Y-146.00 F1200
G1 X498.00 Y-146.00 F1200
G1 X499.00 Y-147.00 F1200
G1 X498.00 Y-148.00 F1200
G1 X497.00 Y-148.00 F1200
G0 Z3.0
G0 X477.00 Y-146.00 F1200
G0 Z-0.2 ; Descendre pour dessiner
G1 X479.00 Y-146.00 F1200
G1 X481.00 Y-148.00 F1200
G1 X481.00 Y-153.00 F1200
G1 X480.00 Y-154.00 F1200
G1 X479.00 Y-154.00 F1200
G1 X478.00 Y-155.00 F1200
G1 X477.00 Y-155.00 F1200
G1 X475.00 Y-153.00 F1200
G1 X475.00 Y-148.00 F1200
G0 Z3.0
G0 X477.00 Y-149.00 F1200
G0 Z-0.2 ; Descendre pour dessiner
G1 X477.00 Y-152.00 F1200
G1 X478.00 Y-151.00 F1200
G1 X479.00 Y-152.00 F1200
G1 X479.00 Y-149.00 F1200
G1 X479.00 Y-150.00 F1200
G1 X478.00 Y-151.00 F1200
G1 X477.00 Y-150.00 F1200
G0 Z3.0
G0 X492.00 Y-144.00 F1200
G0 Z-0.2 ; Descendre pour dessiner
G1 X493.00 Y-145.00 F1200
G1 X493.00 Y-149.00 F1200
G1 X495.00 Y-149.00 F1200
G1 X495.00 Y-148.00 F1200
G1 X496.00 Y-147.00 F1200
G1 X497.00 Y-148.00 F1200
G1 X497.00 Y-149.00 F1200
G1 X498.00 Y-148.00 F1200
G1 X499.00 Y-149.00 F1200
G1 X498.00 Y-148.00 F1200
G1 X499.00 Y-147.00 F1200
G1 X500.00 Y-147.00 F1200
G1 X501.00 Y-148.00 F1200
G1 X501.00 Y-150.00 F1200
G1 X500.00 Y-151.00 F1200
G1 X496.00 Y-151.00 F1200
G1 X496.00 Y-152.00 F1200
G1 X495.00 Y-153.00 F1200
G1 X494.00 Y-152.00 F1200
G1 X493.00 Y-152.00 F1200
G1 X493.00 Y-153.00 F1200
G1 X491.00 Y-155.00 F1200
G1 X489.00 Y-155.00 F1200
G1 X486.00 Y-152.00 F1200
G1 X485.00 Y-152.00 F1200
G1 X485.00 Y-153.00 F1200
G1 X484.00 Y-154.00 F1200
G1 X483.00 Y-153.00 F1200
G1 X483.00 Y-148.00 F1200
G1 X484.00 Y-147.00 F1200
G1 X488.00 Y-147.00 F1200
G1 X489.00 Y-146.00 F1200
G1 X490.00 Y-146.00 F1200
G0 Z3.0
G0 X489.00 Y-149.00 F1200
G0 Z-0.2 ; Descendre pour dessiner
G1 X488.00 Y-150.00 F1200
G1 X488.00 Y-151.00 F1200
G1 X489.00 Y-152.00 F1200
G1 X490.00 Y-152.00 F1200
G1 X491.00 Y-151.00 F1200
G1 X491.00 Y-150.00 F1200
G1 X490.00 Y-149.00 F1200
G0 Z3.0
G0 X488.00 Y-150.00 F1200
G0 Z-0.2 ; Descendre pour dessiner
G1 X489.00 Y-149.00 F1200
G1 X490.00 Y-149.00 F1200
G1 X491.00 Y-150.00 F1200
G1 X491.00 Y-151.00 F1200
G1 X490.00 Y-152.00 F1200
G1 X489.00 Y-152.00 F1200
G1 X488.00 Y-151.00 F1200
G0 Z3.0
G0 X469.00 Y-144.00 F1200
G0 Z-0.2 ; Descendre pour dessiner
G1 X470.00 Y-143.00 F1200
G1 X471.00 Y-144.00 F1200
G1 X473.00 Y-144.00 F1200
G1 X474.00 Y-145.00 F1200
G1 X474.00 Y-146.00 F1200
G1 X471.00 Y-149.00 F1200
G1 X471.00 Y-153.00 F1200
G1 X470.00 Y-154.00 F1200
G1 X469.00 Y-153.00 F1200
G0 Z3.0
G0 X444.00 Y-143.00 F1200
G0 Z-0.2 ; Descendre pour dessiner
G1 X443.00 Y-144.00 F1200
G1 X443.00 Y-153.00 F1200
G1 X442.00 Y-154.00 F1200
G1 X441.00 Y-153.00 F1200
G1 X441.00 Y-144.00 F1200
G1 X439.00 Y-144.00 F1200
G1 X439.00 Y-147.00 F1200
G1 X439.00 Y-145.00 F1200
G1 X440.00 Y-144.00 F1200
G1 X441.00 Y-145.00 F1200
G1 X441.00 Y-153.00 F1200
G1 X440.00 Y-154.00 F1200
G1 X436.00 Y-154.00 F1200
G1 X435.00 Y-155.00 F1200
G1 X434.00 Y-155.00 F1200
G1 X432.00 Y-157.00 F1200
G1 X431.00 Y-156.00 F1200
G1 X431.00 Y-154.00 F1200
G1 X431.00 Y-157.00 F1200
G1 X433.00 Y-157.00 F1200
G1 X433.00 Y-156.00 F1200
G1 X434.00 Y-155.00 F1200
G1 X435.00 Y-155.00 F1200
G1 X436.00 Y-154.00 F1200
G1 X448.00 Y-154.00 F1200
G1 X449.00 Y-155.00 F1200
G1 X450.00 Y-155.00 F1200
G1 X451.00 Y-154.00 F1200
G1 X453.00 Y-154.00 F1200
G1 X453.00 Y-151.00 F1200
G1 X452.00 Y-150.00 F1200
G1 X452.00 Y-147.00 F1200
G1 X451.00 Y-147.00 F1200
G1 X450.00 Y-146.00 F1200
G1 X449.00 Y-146.00 F1200
G1 X448.00 Y-147.00 F1200
G1 X446.00 Y-147.00 F1200
G1 X445.00 Y-146.00 F1200
G1 X445.00 Y-144.00 F1200
G0 Z3.0
G0 X443.00 Y-148.00 F1200
G0 Z-0.2 ; Descendre pour dessiner
G1 X444.00 Y-147.00 F1200
G1 X448.00 Y-147.00 F1200
G1 X449.00 Y-148.00 F1200
G1 X449.00 Y-150.00 F1200
G1 X450.00 Y-150.00 F1200
G1 X449.00 Y-149.00 F1200
G1 X451.00 Y-147.00 F1200
G1 X452.00 Y-148.00 F1200
G1 X452.00 Y-151.00 F1200
G1 X453.00 Y-152.00 F1200
G1 X453.00 Y-153.00 F1200
G1 X452.00 Y-154.00 F1200
G1 X451.00 Y-154.00 F1200
G1 X450.00 Y-155.00 F1200
G1 X449.00 Y-155.00 F1200
G1 X448.00 Y-154.00 F1200
G1 X444.00 Y-154.00 F1200
G1 X443.00 Y-153.00 F1200
G0 Z3.0
G0 X448.00 Y-147.00 F1200
G0 Z-0.2 ; Descendre pour dessiner
G1 X449.00 Y-146.00 F1200
G1 X450.00 Y-146.00 F1200
G1 X451.00 Y-147.00 F1200
G1 X450.00 Y-148.00 F1200
G1 X449.00 Y-148.00 F1200
G0 Z3.0
G0 X368.00 Y-143.00 F1200
G0 Z-0.2 ; Descendre pour dessiner
G1 X367.00 Y-144.00 F1200
G1 X365.00 Y-144.00 F1200
G1 X365.00 Y-147.00 F1200
G1 X365.00 Y-145.00 F1200
G1 X366.00 Y-144.00 F1200
G1 X367.00 Y-145.00 F1200
G1 X367.00 Y-153.00 F1200
G1 X366.00 Y-154.00 F1200
G1 X362.00 Y-154.00 F1200
G1 X361.00 Y-155.00 F1200
G1 X360.00 Y-155.00 F1200
G1 X359.00 Y-154.00 F1200
G1 X354.00 Y-154.00 F1200
G1 X353.00 Y-155.00 F1200
G1 X351.00 Y-155.00 F1200
G1 X350.00 Y-154.00 F1200
G1 X346.00 Y-154.00 F1200
G1 X345.00 Y-155.00 F1200
G1 X344.00 Y-155.00 F1200
G1 X342.00 Y-157.00 F1200
G1 X341.00 Y-156.00 F1200
G1 X341.00 Y-148.00 F1200
G1 X342.00 Y-147.00 F1200
G1 X343.00 Y-147.00 F1200
G1 X344.00 Y-146.00 F1200
G1 X346.00 Y-146.00 F1200
G1 X347.00 Y-147.00 F1200
G1 X350.00 Y-147.00 F1200
G1 X351.00 Y-148.00 F1200
G1 X351.00 Y-151.00 F1200
G1 X352.00 Y-152.00 F1200
G1 X353.00 Y-152.00 F1200
G1 X354.00 Y-151.00 F1200
G1 X354.00 Y-148.00 F1200
G1 X358.00 Y-144.00 F1200
G1 X360.00 Y-146.00 F1200
G1 X361.00 Y-146.00 F1200
G1 X362.00 Y-147.00 F1200
G1 X363.00 Y-147.00 F1200
G1 X362.00 Y-147.00 F1200
G1 X361.00 Y-146.00 F1200
G1 X360.00 Y-146.00 F1200
G1 X359.00 Y-145.00 F1200
G1 X359.00 Y-144.00 F1200
G1 X357.00 Y-144.00 F1200
G1 X357.00 Y-145.00 F1200
G1 X355.00 Y-147.00 F1200
G1 X354.00 Y-147.00 F1200
G1 X354.00 Y-151.00 F1200
G1 X353.00 Y-152.00 F1200
G1 X352.00 Y-152.00 F1200
G1 X351.00 Y-151.00 F1200
G1 X351.00 Y-147.00 F1200
G1 X347.00 Y-147.00 F1200
G1 X346.00 Y-146.00 F1200
G1 X344.00 Y-146.00 F1200
G1 X343.00 Y-147.00 F1200
G1 X341.00 Y-147.00 F1200
G1 X341.00 Y-157.00 F1200
G1 X343.00 Y-157.00 F1200
G1 X343.00 Y-156.00 F1200
G1 X344.00 Y-155.00 F1200
G1 X345.00 Y-155.00 F1200
G1 X346.00 Y-154.00 F1200
G1 X350.00 Y-154.00 F1200
G1 X351.00 Y-155.00 F1200
G1 X353.00 Y-155.00 F1200
G1 X354.00 Y-154.00 F1200
G1 X359.00 Y-154.00 F1200
G1 X360.00 Y-155.00 F1200
G1 X361.00 Y-155.00 F1200
G1 X362.00 Y-154.00 F1200
G1 X371.00 Y-154.00 F1200
G1 X371.00 Y-153.00 F1200
G1 X372.00 Y-152.00 F1200
G1 X373.00 Y-153.00 F1200
G1 X373.00 Y-154.00 F1200
G1 X374.00 Y-154.00 F1200
G1 X375.00 Y-155.00 F1200
G1 X377.00 Y-155.00 F1200
G1 X378.00 Y-154.00 F1200
G1 X382.00 Y-154.00 F1200
G1 X382.00 Y-150.00 F1200
G1 X384.00 Y-148.00 F1200
G1 X384.00 Y-147.00 F1200
G1 X383.00 Y-146.00 F1200
G1 X382.00 Y-147.00 F1200
G1 X377.00 Y-147.00 F1200
G1 X376.00 Y-146.00 F1200
G1 X375.00 Y-146.00 F1200
G1 X374.00 Y-147.00 F1200
G1 X373.00 Y-147.00 F1200
G1 X373.00 Y-148.00 F1200
G1 X372.00 Y-149.00 F1200
G1 X371.00 Y-148.00 F1200
G1 X371.00 Y-144.00 F1200
G1 X370.00 Y-143.00 F1200
G1 X369.00 Y-144.00 F1200
G0 Z3.0
G0 X374.00 Y-154.00 F1200
G0 Z-0.2 ; Descendre pour dessiner
G1 X375.00 Y-153.00 F1200
G1 X377.00 Y-153.00 F1200
G1 X378.00 Y-154.00 F1200
G1 X377.00 Y-155.00 F1200
G1 X375.00 Y-155.00 F1200
G0 Z3.0
G0 X377.00 Y-152.00 F1200
G0 Z-0.2 ; Descendre pour dessiner
G1 X378.00 Y-151.00 F1200
G1 X379.00 Y-151.00 F1200
G1 X380.00 Y-152.00 F1200
G1 X380.00 Y-153.00 F1200
G1 X379.00 Y-154.00 F1200
G1 X378.00 Y-154.00 F1200
G1 X377.00 Y-153.00 F1200
G0 Z3.0
G0 X374.00 Y-152.00 F1200
G0 Z-0.2 ; Descendre pour dessiner
G1 X375.00 Y-151.00 F1200
G1 X376.00 Y-151.00 F1200
G1 X377.00 Y-152.00 F1200
G1 X376.00 Y-153.00 F1200
G1 X375.00 Y-153.00 F1200
G0 Z3.0
G0 X382.00 Y-147.00 F1200
G0 Z-0.2 ; Descendre pour dessiner
G1 X383.00 Y-146.00 F1200
G1 X384.00 Y-147.00 F1200
G1 X384.00 Y-148.00 F1200
G1 X382.00 Y-150.00 F1200
G1 X382.00 Y-153.00 F1200
G1 X381.00 Y-154.00 F1200
G1 X380.00 Y-153.00 F1200
G1 X380.00 Y-151.00 F1200
G1 X374.00 Y-151.00 F1200
G1 X374.00 Y-152.00 F1200
G1 X373.00 Y-153.00 F1200
G1 X372.00 Y-152.00 F1200
G1 X371.00 Y-152.00 F1200
G1 X371.00 Y-153.00 F1200
G1 X370.00 Y-154.00 F1200
G1 X369.00 Y-153.00 F1200
G1 X369.00 Y-148.00 F1200
G1 X370.00 Y-147.00 F1200
G1 X371.00 Y-148.00 F1200
G1 X371.00 Y-149.00 F1200
G1 X373.00 Y-149.00 F1200
G1 X373.00 Y-148.00 F1200
G1 X374.00 Y-147.00 F1200
G1 X375.00 Y-148.00 F1200
G1 X375.00 Y-149.00 F1200
G1 X376.00 Y-148.00 F1200
G1 X377.00 Y-149.00 F1200
G1 X376.00 Y-148.00 F1200
G1 X377.00 Y-147.00 F1200
G0 Z3.0
G0 X374.00 Y-147.00 F1200
G0 Z-0.2 ; Descendre pour dessiner
G1 X375.00 Y-146.00 F1200
G1 X376.00 Y-146.00 F1200
G1 X377.00 Y-147.00 F1200
G1 X376.00 Y-148.00 F1200
G1 X375.00 Y-148.00 F1200
G0 Z3.0
G0 X367.00 Y-144.00 F1200
G0 Z-0.2 ; Descendre pour dessiner
G1 X368.00 Y-143.00 F1200
G1 X369.00 Y-144.00 F1200
G1 X369.00 Y-153.00 F1200
G1 X368.00 Y-154.00 F1200
G1 X367.00 Y-153.00 F1200
G0 Z3.0
G0 X278.00 Y-143.00 F1200
G0 Z-0.2 ; Descendre pour dessiner
G1 X277.00 Y-144.00 F1200
G1 X276.00 Y-144.00 F1200
G1 X276.00 Y-146.00 F1200
G1 X274.00 Y-148.00 F1200
G1 X273.00 Y-147.00 F1200
G1 X272.00 Y-147.00 F1200
G1 X271.00 Y-146.00 F1200
G1 X269.00 Y-146.00 F1200
G1 X268.00 Y-147.00 F1200
G1 X264.00 Y-147.00 F1200
G1 X263.00 Y-146.00 F1200
G1 X261.00 Y-146.00 F1200
G1 X260.00 Y-147.00 F1200
G1 X259.00 Y-147.00 F1200
G1 X258.00 Y-146.00 F1200
G1 X257.00 Y-146.00 F1200
G1 X256.00 Y-147.00 F1200
G1 X252.00 Y-147.00 F1200
G1 X251.00 Y-146.00 F1200
G1 X249.00 Y-146.00 F1200
G1 X248.00 Y-147.00 F1200
G1 X247.00 Y-147.00 F1200
G1 X246.00 Y-148.00 F1200
G1 X246.00 Y-153.00 F1200
G1 X247.00 Y-154.00 F1200
G1 X248.00 Y-154.00 F1200
G1 X249.00 Y-155.00 F1200
G1 X251.00 Y-155.00 F1200
G1 X252.00 Y-154.00 F1200
G1 X256.00 Y-154.00 F1200
G1 X256.00 Y-150.00 F1200
G1 X257.00 Y-149.00 F1200
G1 X258.00 Y-149.00 F1200
G1 X259.00 Y-150.00 F1200
G1 X259.00 Y-154.00 F1200
G1 X265.00 Y-154.00 F1200
G1 X265.00 Y-148.00 F1200
G1 X266.00 Y-147.00 F1200
G1 X267.00 Y-148.00 F1200
G1 X267.00 Y-157.00 F1200
G1 X269.00 Y-157.00 F1200
G1 X269.00 Y-156.00 F1200
G1 X270.00 Y-155.00 F1200
G1 X271.00 Y-155.00 F1200
G1 X272.00 Y-154.00 F1200
G1 X273.00 Y-154.00 F1200
G1 X274.00 Y-153.00 F1200
G1 X275.00 Y-154.00 F1200
G1 X276.00 Y-154.00 F1200
G1 X277.00 Y-155.00 F1200
G1 X279.00 Y-155.00 F1200
G1 X280.00 Y-154.00 F1200
G1 X284.00 Y-154.00 F1200
G1 X285.00 Y-155.00 F1200
G1 X286.00 Y-155.00 F1200
G1 X287.00 Y-154.00 F1200
G1 X299.00 Y-154.00 F1200
G1 X300.00 Y-155.00 F1200
G1 X302.00 Y-155.00 F1200
G1 X303.00 Y-154.00 F1200
G1 X307.00 Y-154.00 F1200
G1 X307.00 Y-150.00 F1200
G1 X308.00 Y-149.00 F1200
G1 X309.00 Y-149.00 F1200
G1 X310.00 Y-150.00 F1200
G1 X310.00 Y-154.00 F1200
G1 X315.00 Y-154.00 F1200
G1 X316.00 Y-155.00 F1200
G1 X317.00 Y-154.00 F1200
G1 X317.00 Y-152.00 F1200
G1 X316.00 Y-151.00 F1200
G1 X316.00 Y-149.00 F1200
G1 X317.00 Y-148.00 F1200
G1 X317.00 Y-146.00 F1200
G1 X316.00 Y-145.00 F1200
G1 X314.00 Y-145.00 F1200
G1 X312.00 Y-147.00 F1200
G1 X311.00 Y-147.00 F1200
G1 X310.00 Y-146.00 F1200
G1 X308.00 Y-146.00 F1200
G1 X307.00 Y-147.00 F1200
G1 X303.00 Y-147.00 F1200
G1 X302.00 Y-146.00 F1200
G1 X300.00 Y-146.00 F1200
G1 X299.00 Y-147.00 F1200
G1 X298.00 Y-147.00 F1200
G1 X297.00 Y-148.00 F1200
G1 X296.00 Y-147.00 F1200
G1 X295.00 Y-147.00 F1200
G1 X294.00 Y-146.00 F1200
G1 X293.00 Y-146.00 F1200
G1 X292.00 Y-145.00 F1200
G1 X292.00 Y-144.00 F1200
G1 X290.00 Y-144.00 F1200
G1 X290.00 Y-147.00 F1200
G1 X290.00 Y-145.00 F1200
G1 X291.00 Y-144.00 F1200
G1 X293.00 Y-146.00 F1200
G1 X294.00 Y-146.00 F1200
G1 X296.00 Y-148.00 F1200
G1 X298.00 Y-148.00 F1200
G1 X300.00 Y-146.00 F1200
G1 X302.00 Y-146.00 F1200
G1 X303.00 Y-147.00 F1200
G1 X307.00 Y-147.00 F1200
G1 X308.00 Y-146.00 F1200
G1 X310.00 Y-146.00 F1200
G1 X311.00 Y-147.00 F1200
G1 X313.00 Y-147.00 F1200
G1 X314.00 Y-148.00 F1200
G1 X314.00 Y-153.00 F1200
G1 X313.00 Y-154.00 F1200
G1 X312.00 Y-153.00 F1200
G1 X312.00 Y-149.00 F1200
G1 X312.00 Y-153.00 F1200
G1 X311.00 Y-154.00 F1200
G1 X310.00 Y-153.00 F1200
G1 X310.00 Y-150.00 F1200
G1 X309.00 Y-149.00 F1200
G1 X308.00 Y-149.00 F1200
G1 X307.00 Y-150.00 F1200
G1 X307.00 Y-153.00 F1200
G1 X306.00 Y-154.00 F1200
G1 X303.00 Y-154.00 F1200
G1 X302.00 Y-153.00 F1200
G1 X302.00 Y-152.00 F1200
G1 X303.00 Y-151.00 F1200
G1 X304.00 Y-151.00 F1200
G1 X305.00 Y-152.00 F1200
G1 X305.00 Y-151.00 F1200
G1 X301.00 Y-151.00 F1200
G1 X300.00 Y-150.00 F1200
G1 X300.00 Y-149.00 F1200
G1 X300.00 Y-152.00 F1200
G1 X301.00 Y-153.00 F1200
G1 X302.00 Y-153.00 F1200
G1 X303.00 Y-154.00 F1200
G1 X302.00 Y-155.00 F1200
G1 X300.00 Y-155.00 F1200
G1 X298.00 Y-153.00 F1200
G1 X298.00 Y-152.00 F1200
G1 X298.00 Y-153.00 F1200
G1 X297.00 Y-154.00 F1200
G1 X296.00 Y-153.00 F1200
G1 X296.00 Y-152.00 F1200
G1 X296.00 Y-153.00 F1200
G1 X295.00 Y-154.00 F1200
G1 X294.00 Y-153.00 F1200
G1 X294.00 Y-149.00 F1200
G1 X294.00 Y-153.00 F1200
G1 X293.00 Y-154.00 F1200
G1 X292.00 Y-153.00 F1200
G1 X292.00 Y-148.00 F1200
G1 X292.00 Y-153.00 F1200
G1 X291.00 Y-154.00 F1200
G1 X287.00 Y-154.00 F1200
G1 X286.00 Y-155.00 F1200
G1 X285.00 Y-155.00 F1200
G1 X284.00 Y-154.00 F1200
G1 X280.00 Y-154.00 F1200
G1 X279.00 Y-153.00 F1200
G1 X279.00 Y-152.00 F1200
G1 X280.00 Y-151.00 F1200
G1 X281.00 Y-151.00 F1200
G1 X282.00 Y-152.00 F1200
G1 X282.00 Y-151.00 F1200
G1 X278.00 Y-151.00 F1200
G1 X277.00 Y-150.00 F1200
G1 X277.00 Y-149.00 F1200
G1 X277.00 Y-152.00 F1200
G1 X278.00 Y-153.00 F1200
G1 X279.00 Y-153.00 F1200
G1 X280.00 Y-154.00 F1200
G1 X279.00 Y-155.00 F1200
G1 X277.00 Y-155.00 F1200
G1 X275.00 Y-153.00 F1200
G1 X273.00 Y-153.00 F1200
G1 X271.00 Y-155.00 F1200
G1 X270.00 Y-155.00 F1200
G1 X268.00 Y-157.00 F1200
G1 X267.00 Y-156.00 F1200
G1 X267.00 Y-148.00 F1200
G1 X269.00 Y-146.00 F1200
G1 X271.00 Y-146.00 F1200
G1 X273.00 Y-148.00 F1200
G1 X275.00 Y-148.00 F1200
G1 X276.00 Y-147.00 F1200
G1 X284.00 Y-147.00 F1200
G1 X285.00 Y-146.00 F1200
G1 X287.00 Y-146.00 F1200
G1 X288.00 Y-147.00 F1200
G1 X287.00 Y-146.00 F1200
G1 X285.00 Y-146.00 F1200
G1 X284.00 Y-147.00 F1200
G1 X281.00 Y-147.00 F1200
G1 X280.00 Y-146.00 F1200
G1 X279.00 Y-147.00 F1200
G1 X277.00 Y-147.00 F1200
G1 X276.00 Y-146.00 F1200
G1 X276.00 Y-145.00 F1200
G1 X277.00 Y-144.00 F1200
G1 X278.00 Y-145.00 F1200
G1 X279.00 Y-144.00 F1200
G1 X280.00 Y-144.00 F1200
G1 X279.00 Y-144.00 F1200
G0 Z3.0
G0 X249.00 Y-146.00 F1200
G0 Z-0.2 ; Descendre pour dessiner
G1 X251.00 Y-146.00 F1200
G1 X252.00 Y-147.00 F1200
G1 X256.00 Y-147.00 F1200
G1 X257.00 Y-146.00 F1200
G1 X258.00 Y-146.00 F1200
G1 X259.00 Y-147.00 F1200
G1 X260.00 Y-147.00 F1200
G1 X261.00 Y-146.00 F1200
G1 X263.00 Y-146.00 F1200
G1 X265.00 Y-148.00 F1200
G1 X265.00 Y-153.00 F1200
G1 X264.00 Y-154.00 F1200
G1 X263.00 Y-153.00 F1200
G1 X263.00 Y-149.00 F1200
G1 X263.00 Y-153.00 F1200
G1 X262.00 Y-154.00 F1200
G1 X261.00 Y-153.00 F1200
G1 X261.00 Y-149.00 F1200
G1 X261.00 Y-153.00 F1200
G1 X260.00 Y-154.00 F1200
G1 X259.00 Y-153.00 F1200
G1 X259.00 Y-150.00 F1200
G1 X258.00 Y-149.00 F1200
G1 X257.00 Y-149.00 F1200
G1 X256.00 Y-150.00 F1200
G1 X256.00 Y-153.00 F1200
G1 X255.00 Y-154.00 F1200
G1 X252.00 Y-154.00 F1200
G1 X251.00 Y-153.00 F1200
G1 X251.00 Y-152.00 F1200
G1 X252.00 Y-151.00 F1200
G1 X253.00 Y-151.00 F1200
G1 X254.00 Y-152.00 F1200
G1 X254.00 Y-151.00 F1200
G1 X250.00 Y-151.00 F1200
G1 X249.00 Y-150.00 F1200
G1 X249.00 Y-149.00 F1200
G1 X249.00 Y-152.00 F1200
G1 X250.00 Y-153.00 F1200
G1 X251.00 Y-153.00 F1200
G1 X252.00 Y-154.00 F1200
G1 X251.00 Y-155.00 F1200
G1 X249.00 Y-155.00 F1200
G1 X248.00 Y-154.00 F1200
G1 X247.00 Y-154.00 F1200
G1 X246.00 Y-153.00 F1200
G1 X246.00 Y-149.00 F1200
G0 Z3.0
G0 X313.00 Y-146.00 F1200
G0 Z-0.2 ; Descendre pour dessiner
G1 X314.00 Y-145.00 F1200
G1 X316.00 Y-145.00 F1200
G1 X317.00 Y-146.00 F1200
G1 X317.00 Y-148.00 F1200
G1 X316.00 Y-149.00 F1200
G1 X316.00 Y-151.00 F1200
G1 X317.00 Y-152.00 F1200
G1 X317.00 Y-154.00 F1200
G1 X316.00 Y-155.00 F1200
G1 X314.00 Y-153.00 F1200
G1 X314.00 Y-148.00 F1200
G1 X313.00 Y-147.00 F1200
G0 Z3.0
G0 X119.00 Y-143.00 F1200
G0 Z-0.2 ; Descendre pour dessiner
G1 X120.00 Y-144.00 F1200
G1 X119.00 Y-145.00 F1200
G1 X117.00 Y-145.00 F1200
G1 X119.00 Y-145.00 F1200
G1 X120.00 Y-144.00 F1200
G1 X121.00 Y-145.00 F1200
G1 X121.00 Y-147.00 F1200
G1 X120.00 Y-148.00 F1200
G1 X119.00 Y-148.00 F1200
G1 X118.00 Y-147.00 F1200
G1 X117.00 Y-147.00 F1200
G1 X117.00 Y-148.00 F1200
G1 X116.00 Y-149.00 F1200
G1 X115.00 Y-148.00 F1200
G1 X115.00 Y-144.00 F1200
G1 X113.00 Y-144.00 F1200
G1 X113.00 Y-149.00 F1200
G1 X112.00 Y-150.00 F1200
G1 X111.00 Y-149.00 F1200
G1 X111.00 Y-147.00 F1200
G1 X110.00 Y-147.00 F1200
G1 X109.00 Y-146.00 F1200
G1 X108.00 Y-146.00 F1200
G1 X107.00 Y-145.00 F1200
G1 X107.00 Y-144.00 F1200
G1 X105.00 Y-144.00 F1200
G1 X105.00 Y-154.00 F1200
G1 X106.00 Y-154.00 F1200
G1 X107.00 Y-155.00 F1200
G1 X109.00 Y-155.00 F1200
G1 X110.00 Y-154.00 F1200
G1 X115.00 Y-154.00 F1200
G1 X115.00 Y-153.00 F1200
G1 X116.00 Y-152.00 F1200
G1 X117.00 Y-153.00 F1200
G1 X117.00 Y-154.00 F1200
G1 X118.00 Y-154.00 F1200
G1 X119.00 Y-155.00 F1200
G1 X121.00 Y-155.00 F1200
G1 X122.00 Y-154.00 F1200
G1 X130.00 Y-154.00 F1200
G1 X130.00 Y-150.00 F1200
G1 X131.00 Y-149.00 F1200
G1 X132.00 Y-149.00 F1200
G1 X133.00 Y-150.00 F1200
G1 X133.00 Y-154.00 F1200
G1 X135.00 Y-154.00 F1200
G1 X135.00 Y-153.00 F1200
G1 X136.00 Y-152.00 F1200
G1 X137.00 Y-153.00 F1200
G1 X137.00 Y-154.00 F1200
G1 X138.00 Y-154.00 F1200
G1 X139.00 Y-155.00 F1200
G1 X141.00 Y-155.00 F1200
G1 X142.00 Y-154.00 F1200
G1 X145.00 Y-154.00 F1200
G1 X146.00 Y-155.00 F1200
G1 X148.00 Y-155.00 F1200
G1 X149.00 Y-154.00 F1200
G1 X150.00 Y-154.00 F1200
G1 X150.00 Y-147.00 F1200
G1 X149.00 Y-147.00 F1200
G1 X148.00 Y-146.00 F1200
G1 X146.00 Y-146.00 F1200
G1 X145.00 Y-147.00 F1200
G1 X141.00 Y-147.00 F1200
G1 X140.00 Y-146.00 F1200
G1 X139.00 Y-146.00 F1200
G1 X138.00 Y-147.00 F1200
G1 X137.00 Y-147.00 F1200
G1 X136.00 Y-148.00 F1200
G1 X135.00 Y-147.00 F1200
G1 X134.00 Y-147.00 F1200
G1 X133.00 Y-146.00 F1200
G1 X131.00 Y-146.00 F1200
G1 X130.00 Y-147.00 F1200
G1 X129.00 Y-147.00 F1200
G1 X128.00 Y-146.00 F1200
G1 X127.00 Y-146.00 F1200
G1 X126.00 Y-147.00 F1200
G1 X122.00 Y-147.00 F1200
G1 X121.00 Y-146.00 F1200
G1 X121.00 Y-144.00 F1200
G1 X120.00 Y-144.00 F1200
G0 Z3.0
G0 X138.00 Y-154.00 F1200
G0 Z-0.2 ; Descendre pour dessiner
G1 X139.00 Y-153.00 F1200
G1 X141.00 Y-153.00 F1200
G1 X142.00 Y-154.00 F1200
G1 X141.00 Y-155.00 F1200
G1 X139.00 Y-155.00 F1200
G0 Z3.0
G0 X118.00 Y-154.00 F1200
G0 Z-0.2 ; Descendre pour dessiner
G1 X119.00 Y-153.00 F1200
G1 X121.00 Y-153.00 F1200
G1 X122.00 Y-154.00 F1200
G1 X121.00 Y-155.00 F1200
G1 X119.00 Y-155.00 F1200
G0 Z3.0
G0 X138.00 Y-152.00 F1200
G0 Z-0.2 ; Descendre pour dessiner
G1 X139.00 Y-151.00 F1200
G1 X140.00 Y-151.00 F1200
G1 X141.00 Y-152.00 F1200
G1 X140.00 Y-153.00 F1200
G1 X139.00 Y-153.00 F1200
G0 Z3.0
G0 X121.00 Y-152.00 F1200
G0 Z-0.2 ; Descendre pour dessiner
G1 X122.00 Y-151.00 F1200
G1 X123.00 Y-151.00 F1200
G1 X124.00 Y-152.00 F1200
G1 X124.00 Y-153.00 F1200
G1 X123.00 Y-154.00 F1200
G1 X122.00 Y-154.00 F1200
G1 X121.00 Y-153.00 F1200
G0 Z3.0
G0 X118.00 Y-152.00 F1200
G0 Z-0.2 ; Descendre pour dessiner
G1 X119.00 Y-151.00 F1200
G1 X120.00 Y-151.00 F1200
G1 X121.00 Y-152.00 F1200
G1 X120.00 Y-153.00 F1200
G1 X119.00 Y-153.00 F1200
G0 Z3.0
G0 X138.00 Y-147.00 F1200
G0 Z-0.2 ; Descendre pour dessiner
G1 X139.00 Y-146.00 F1200
G1 X140.00 Y-146.00 F1200
G1 X141.00 Y-147.00 F1200
G1 X140.00 Y-148.00 F1200
G1 X139.00 Y-148.00 F1200
G0 Z3.0
G0 X113.00 Y-145.00 F1200
G0 Z-0.2 ; Descendre pour dessiner
G1 X114.00 Y-144.00 F1200
G1 X115.00 Y-145.00 F1200
G1 X115.00 Y-149.00 F1200
G1 X117.00 Y-149.00 F1200
G1 X117.00 Y-148.00 F1200
G1 X118.00 Y-147.00 F1200
G1 X119.00 Y-148.00 F1200
G1 X119.00 Y-149.00 F1200
G1 X120.00 Y-148.00 F1200
G1 X121.00 Y-149.00 F1200
G1 X120.00 Y-148.00 F1200
G1 X121.00 Y-147.00 F1200
G1 X126.00 Y-147.00 F1200
G1 X127.00 Y-146.00 F1200
G1 X128.00 Y-146.00 F1200
G1 X129.00 Y-147.00 F1200
G1 X130.00 Y-147.00 F1200
G1 X131.00 Y-146.00 F1200
G1 X133.00 Y-146.00 F1200
G1 X135.00 Y-148.00 F1200
G1 X137.00 Y-148.00 F1200
G1 X138.00 Y-147.00 F1200
G1 X139.00 Y-148.00 F1200
G1 X139.00 Y-149.00 F1200
G1 X140.00 Y-148.00 F1200
G1 X141.00 Y-149.00 F1200
G1 X140.00 Y-148.00 F1200
G1 X141.00 Y-147.00 F1200
G1 X145.00 Y-147.00 F1200
G1 X146.00 Y-146.00 F1200
G1 X148.00 Y-146.00 F1200
G1 X150.00 Y-148.00 F1200
G1 X150.00 Y-153.00 F1200
G1 X148.00 Y-155.00 F1200
G1 X146.00 Y-155.00 F1200
G1 X144.00 Y-153.00 F1200
G1 X144.00 Y-152.00 F1200
G1 X144.00 Y-153.00 F1200
G1 X143.00 Y-154.00 F1200
G1 X142.00 Y-154.00 F1200
G1 X141.00 Y-153.00 F1200
G1 X141.00 Y-152.00 F1200
G1 X143.00 Y-150.00 F1200
G1 X145.00 Y-150.00 F1200
G1 X146.00 Y-149.00 F1200
G1 X145.00 Y-150.00 F1200
G1 X143.00 Y-150.00 F1200
G1 X142.00 Y-151.00 F1200
G1 X138.00 Y-151.00 F1200
G1 X138.00 Y-152.00 F1200
G1 X137.00 Y-153.00 F1200
G1 X136.00 Y-152.00 F1200
G1 X135.00 Y-152.00 F1200
G1 X135.00 Y-153.00 F1200
G1 X134.00 Y-154.00 F1200
G1 X133.00 Y-153.00 F1200
G1 X133.00 Y-150.00 F1200
G1 X132.00 Y-149.00 F1200
G1 X131.00 Y-149.00 F1200
G1 X130.00 Y-150.00 F1200
G1 X130.00 Y-153.00 F1200
G1 X129.00 Y-154.00 F1200
G1 X128.00 Y-153.00 F1200
G1 X128.00 Y-149.00 F1200
G1 X128.00 Y-153.00 F1200
G1 X127.00 Y-154.00 F1200
G1 X126.00 Y-153.00 F1200
G1 X126.00 Y-149.00 F1200
G1 X126.00 Y-153.00 F1200
G1 X125.00 Y-154.00 F1200
G1 X124.00 Y-153.00 F1200
G1 X124.00 Y-151.00 F1200
G1 X118.00 Y-151.00 F1200
G1 X118.00 Y-152.00 F1200
G1 X117.00 Y-153.00 F1200
G1 X116.00 Y-152.00 F1200
G1 X115.00 Y-152.00 F1200
G1 X115.00 Y-153.00 F1200
G1 X114.00 Y-154.00 F1200
G1 X113.00 Y-153.00 F1200
G0 Z3.0
G0 X105.00 Y-145.00 F1200
G0 Z-0.2 ; Descendre pour dessiner
G1 X106.00 Y-144.00 F1200
G1 X108.00 Y-146.00 F1200
G1 X109.00 Y-146.00 F1200
G1 X111.00 Y-148.00 F1200
G1 X111.00 Y-149.00 F1200
G1 X113.00 Y-151.00 F1200
G1 X113.00 Y-153.00 F1200
G1 X112.00 Y-154.00 F1200
G1 X111.00 Y-153.00 F1200
G1 X111.00 Y-152.00 F1200
G1 X111.00 Y-153.00 F1200
G1 X109.00 Y-155.00 F1200
G1 X107.00 Y-155.00 F1200
G1 X105.00 Y-153.00 F1200
G0 Z3.0
G0 X107.00 Y-150.00 F1200
G0 Z-0.2 ; Descendre pour dessiner
G1 X108.00 Y-149.00 F1200
G1 X109.00 Y-150.00 F1200
G1 X109.00 Y-151.00 F1200
G1 X108.00 Y-152.00 F1200
G1 X107.00 Y-151.00 F1200
G0 Z3.0
G0 X245.00 Y-115.00 F1200
G0 Z-0.2 ; Descendre pour dessiner
G1 X244.00 Y-116.00 F1200
G1 X244.00 Y-117.00 F1200
G1 X245.00 Y-118.00 F1200
G1 X246.00 Y-118.00 F1200
G1 X247.00 Y-117.00 F1200
G1 X247.00 Y-116.00 F1200
G1 X246.00 Y-115.00 F1200
G0 Z3.0
G0 X244.00 Y-116.00 F1200
G0 Z-0.2 ; Descendre pour dessiner
G1 X245.00 Y-115.00 F1200
G1 X246.00 Y-115.00 F1200
G1 X247.00 Y-116.00 F1200
G1 X247.00 Y-117.00 F1200
G1 X246.00 Y-118.00 F1200
G1 X245.00 Y-118.00 F1200
G1 X244.00 Y-117.00 F1200
G0 Z3.0
G0 X195.00 Y-115.00 F1200
G0 Z-0.2 ; Descendre pour dessiner
G1 X194.00 Y-116.00 F1200
G1 X192.00 Y-116.00 F1200
G1 X192.00 Y-118.00 F1200
G1 X194.00 Y-118.00 F1200
G1 X193.00 Y-118.00 F1200
G1 X192.00 Y-117.00 F1200
G1 X193.00 Y-116.00 F1200
G1 X194.00 Y-116.00 F1200
G0 Z3.0
G0 X180.00 Y-115.00 F1200
G0 Z-0.2 ; Descendre pour dessiner
G1 X179.00 Y-116.00 F1200
G1 X179.00 Y-117.00 F1200
G1 X180.00 Y-118.00 F1200
G1 X181.00 Y-118.00 F1200
G1 X182.00 Y-117.00 F1200
G1 X182.00 Y-116.00 F1200
G1 X181.00 Y-115.00 F1200
G0 Z3.0
G0 X179.00 Y-116.00 F1200
G0 Z-0.2 ; Descendre pour dessiner
G1 X180.00 Y-115.00 F1200
G1 X181.00 Y-115.00 F1200
G1 X182.00 Y-116.00 F1200
G1 X182.00 Y-117.00 F1200
G1 X181.00 Y-118.00 F1200
G1 X180.00 Y-118.00 F1200
G1 X179.00 Y-117.00 F1200
G0 Z3.0
G0 X118.00 Y-115.00 F1200
G0 Z-0.2 ; Descendre pour dessiner
G1 X117.00 Y-116.00 F1200
G1 X117.00 Y-117.00 F1200
G1 X118.00 Y-118.00 F1200
G1 X119.00 Y-118.00 F1200
G1 X120.00 Y-117.00 F1200
G1 X120.00 Y-116.00 F1200
G1 X119.00 Y-115.00 F1200
G0 Z3.0
G0 X117.00 Y-116.00 F1200
G0 Z-0.2 ; Descendre pour dessiner
G1 X118.00 Y-115.00 F1200
G1 X119.00 Y-115.00 F1200
G1 X120.00 Y-116.00 F1200
G1 X120.00 Y-117.00 F1200
G1 X119.00 Y-118.00 F1200
G1 X118.00 Y-118.00 F1200
G1 X117.00 Y-117.00 F1200
G0 Z3.0
G0 X98.00 Y-115.00 F1200
G0 Z-0.2 ; Descendre pour dessiner
G1 X98.00 Y-117.00 F1200
G1 X100.00 Y-117.00 F1200
G1 X100.00 Y-115.00 F1200
G1 X100.00 Y-116.00 F1200
G1 X99.00 Y-117.00 F1200
G1 X98.00 Y-116.00 F1200
G0 Z3.0
G0 X76.00 Y-116.00 F1200
G0 Z-0.2 ; Descendre pour dessiner
G1 X77.00 Y-115.00 F1200
G1 X78.00 Y-116.00 F1200
G1 X78.00 Y-117.00 F1200
G1 X77.00 Y-118.00 F1200
G1 X76.00 Y-117.00 F1200
G0 Z3.0
G0 X277.00 Y-112.00 F1200
G0 Z-0.2 ; Descendre pour dessiner
G1 X276.00 Y-113.00 F1200
G1 X275.00 Y-113.00 F1200
G1 X275.00 Y-120.00 F1200
G1 X277.00 Y-120.00 F1200
G1 X278.00 Y-121.00 F1200
G1 X279.00 Y-121.00 F1200
G1 X280.00 Y-120.00 F1200
G1 X284.00 Y-120.00 F1200
G1 X285.00 Y-121.00 F1200
G1 X286.00 Y-121.00 F1200
G1 X287.00 Y-120.00 F1200
G1 X290.00 Y-120.00 F1200
G1 X291.00 Y-121.00 F1200
G1 X292.00 Y-120.00 F1200
G1 X292.00 Y-119.00 F1200
G1 X291.00 Y-119.00 F1200
G1 X288.00 Y-116.00 F1200
G1 X288.00 Y-113.00 F1200
G1 X287.00 Y-113.00 F1200
G1 X286.00 Y-112.00 F1200
G1 X285.00 Y-112.00 F1200
G1 X284.00 Y-113.00 F1200
G1 X280.00 Y-113.00 F1200
G1 X279.00 Y-112.00 F1200
G0 Z3.0
G0 X277.00 Y-120.00 F1200
G0 Z-0.2 ; Descendre pour dessiner
G1 X278.00 Y-119.00 F1200
G1 X279.00 Y-119.00 F1200
G1 X280.00 Y-120.00 F1200
G1 X279.00 Y-121.00 F1200
G1 X278.00 Y-121.00 F1200
G0 Z3.0
G0 X284.00 Y-113.00 F1200
G0 Z-0.2 ; Descendre pour dessiner
G1 X285.00 Y-112.00 F1200
G1 X286.00 Y-112.00 F1200
G1 X287.00 Y-113.00 F1200
G1 X286.00 Y-114.00 F1200
G1 X285.00 Y-114.00 F1200
G0 Z3.0
G0 X277.00 Y-112.00 F1200
G0 Z-0.2 ; Descendre pour dessiner
G1 X279.00 Y-112.00 F1200
G1 X280.00 Y-113.00 F1200
G1 X284.00 Y-113.00 F1200
G1 X285.00 Y-114.00 F1200
G1 X285.00 Y-116.00 F1200
G1 X286.00 Y-116.00 F1200
G1 X285.00 Y-115.00 F1200
G1 X287.00 Y-113.00 F1200
G1 X288.00 Y-114.00 F1200
G1 X288.00 Y-117.00 F1200
G1 X289.00 Y-118.00 F1200
G1 X290.00 Y-118.00 F1200
G1 X291.00 Y-119.00 F1200
G1 X290.00 Y-120.00 F1200
G1 X287.00 Y-120.00 F1200
G1 X286.00 Y-121.00 F1200
G1 X285.00 Y-121.00 F1200
G1 X284.00 Y-120.00 F1200
G1 X280.00 Y-120.00 F1200
G1 X279.00 Y-119.00 F1200
G1 X278.00 Y-119.00 F1200
G1 X277.00 Y-118.00 F1200
G1 X278.00 Y-117.00 F1200
G1 X279.00 Y-117.00 F1200
G1 X278.00 Y-117.00 F1200
G1 X277.00 Y-116.00 F1200
G1 X277.00 Y-115.00 F1200
G1 X277.00 Y-118.00 F1200
G1 X278.00 Y-119.00 F1200
G1 X277.00 Y-120.00 F1200
G1 X276.00 Y-120.00 F1200
G1 X275.00 Y-119.00 F1200
G1 X275.00 Y-114.00 F1200
G0 Z3.0
G0 X281.00 Y-116.00 F1200
G0 Z-0.2 ; Descendre pour dessiner
G1 X282.00 Y-116.00 F1200
G1 X283.00 Y-117.00 F1200
G1 X282.00 Y-118.00 F1200
G1 X283.00 Y-118.00 F1200
G1 X283.00 Y-116.00 F1200
G0 Z3.0
G0 X206.00 Y-112.00 F1200
G0 Z-0.2 ; Descendre pour dessiner
G1 X205.00 Y-113.00 F1200
G1 X204.00 Y-113.00 F1200
G1 X204.00 Y-120.00 F1200
G1 X205.00 Y-120.00 F1200
G1 X206.00 Y-121.00 F1200
G1 X208.00 Y-121.00 F1200
G1 X209.00 Y-120.00 F1200
G1 X210.00 Y-120.00 F1200
G1 X211.00 Y-119.00 F1200
G1 X210.00 Y-118.00 F1200
G1 X210.00 Y-113.00 F1200
G1 X211.00 Y-112.00 F1200
G1 X212.00 Y-113.00 F1200
G1 X212.00 Y-117.00 F1200
G1 X213.00 Y-118.00 F1200
G1 X213.00 Y-120.00 F1200
G1 X216.00 Y-120.00 F1200
G1 X216.00 Y-119.00 F1200
G1 X217.00 Y-118.00 F1200
G1 X219.00 Y-120.00 F1200
G1 X220.00 Y-120.00 F1200
G1 X221.00 Y-121.00 F1200
G1 X223.00 Y-121.00 F1200
G1 X224.00 Y-120.00 F1200
G1 X227.00 Y-120.00 F1200
G1 X228.00 Y-121.00 F1200
G1 X232.00 Y-121.00 F1200
G1 X228.00 Y-121.00 F1200
G1 X227.00 Y-120.00 F1200
G1 X224.00 Y-120.00 F1200
G1 X223.00 Y-119.00 F1200
G1 X223.00 Y-118.00 F1200
G1 X224.00 Y-117.00 F1200
G1 X225.00 Y-118.00 F1200
G1 X225.00 Y-116.00 F1200
G1 X227.00 Y-114.00 F1200
G1 X228.00 Y-115.00 F1200
G1 X228.00 Y-116.00 F1200
G1 X227.00 Y-117.00 F1200
G1 X227.00 Y-118.00 F1200
G1 X227.00 Y-117.00 F1200
G1 X228.00 Y-116.00 F1200
G1 X228.00 Y-114.00 F1200
G1 X227.00 Y-114.00 F1200
G1 X226.00 Y-113.00 F1200
G1 X227.00 Y-112.00 F1200
G1 X231.00 Y-112.00 F1200
G1 X232.00 Y-113.00 F1200
G1 X232.00 Y-115.00 F1200
G1 X230.00 Y-117.00 F1200
G1 X230.00 Y-119.00 F1200
G1 X233.00 Y-119.00 F1200
G1 X231.00 Y-119.00 F1200
G1 X230.00 Y-118.00 F1200
G1 X231.00 Y-117.00 F1200
G1 X231.00 Y-116.00 F1200
G1 X232.00 Y-115.00 F1200
G1 X232.00 Y-113.00 F1200
G1 X231.00 Y-112.00 F1200
G1 X227.00 Y-112.00 F1200
G1 X226.00 Y-113.00 F1200
G1 X224.00 Y-113.00 F1200
G1 X223.00 Y-112.00 F1200
G1 X221.00 Y-112.00 F1200
G1 X220.00 Y-113.00 F1200
G1 X216.00 Y-113.00 F1200
G1 X215.00 Y-114.00 F1200
G1 X214.00 Y-113.00 F1200
G1 X212.00 Y-113.00 F1200
G1 X211.00 Y-112.00 F1200
G1 X210.00 Y-113.00 F1200
G1 X209.00 Y-113.00 F1200
G1 X208.00 Y-112.00 F1200
G0 Z3.0
G0 X220.00 Y-113.00 F1200
G0 Z-0.2 ; Descendre pour dessiner
G1 X221.00 Y-112.00 F1200
G1 X223.00 Y-112.00 F1200
G1 X224.00 Y-113.00 F1200
G1 X226.00 Y-113.00 F1200
G1 X227.00 Y-114.00 F1200
G1 X224.00 Y-117.00 F1200
G1 X222.00 Y-117.00 F1200
G1 X221.00 Y-116.00 F1200
G1 X221.00 Y-115.00 F1200
G1 X221.00 Y-118.00 F1200
G1 X222.00 Y-119.00 F1200
G1 X223.00 Y-119.00 F1200
G1 X224.00 Y-120.00 F1200
G1 X223.00 Y-121.00 F1200
G1 X221.00 Y-121.00 F1200
G1 X220.00 Y-120.00 F1200
G1 X219.00 Y-120.00 F1200
G1 X218.00 Y-119.00 F1200
G1 X218.00 Y-118.00 F1200
G1 X216.00 Y-118.00 F1200
G1 X216.00 Y-119.00 F1200
G1 X215.00 Y-120.00 F1200
G1 X214.00 Y-120.00 F1200
G1 X213.00 Y-119.00 F1200
G1 X213.00 Y-118.00 F1200
G1 X212.00 Y-117.00 F1200
G1 X212.00 Y-114.00 F1200
G1 X213.00 Y-113.00 F1200
G1 X214.00 Y-114.00 F1200
G1 X216.00 Y-114.00 F1200
G1 X217.00 Y-113.00 F1200
G0 Z3.0
G0 X206.00 Y-112.00 F1200
G0 Z-0.2 ; Descendre pour dessiner
G1 X208.00 Y-112.00 F1200
G1 X210.00 Y-114.00 F1200
G1 X210.00 Y-118.00 F1200
G1 X211.00 Y-119.00 F1200
G1 X210.00 Y-120.00 F1200
G1 X209.00 Y-120.00 F1200
G1 X208.00 Y-121.00 F1200
G1 X206.00 Y-121.00 F1200
G1 X204.00 Y-119.00 F1200
G1 X204.00 Y-114.00 F1200
G0 Z3.0
G0 X179.00 Y-112.00 F1200
G0 Z-0.2 ; Descendre pour dessiner
G1 X178.00 Y-113.00 F1200
G1 X171.00 Y-113.00 F1200
G1 X172.00 Y-114.00 F1200
G1 X172.00 Y-115.00 F1200
G1 X173.00 Y-116.00 F1200
G1 X174.00 Y-115.00 F1200
G1 X175.00 Y-116.00 F1200
G1 X175.00 Y-119.00 F1200
G1 X174.00 Y-120.00 F1200
G1 X172.00 Y-120.00 F1200
G1 X171.00 Y-119.00 F1200
G1 X171.00 Y-118.00 F1200
G1 X170.00 Y-117.00 F1200
G1 X170.00 Y-115.00 F1200
G1 X169.00 Y-114.00 F1200
G1 X170.00 Y-115.00 F1200
G1 X170.00 Y-117.00 F1200
G1 X171.00 Y-118.00 F1200
G1 X171.00 Y-120.00 F1200
G1 X174.00 Y-120.00 F1200
G1 X175.00 Y-119.00 F1200
G1 X175.00 Y-116.00 F1200
G1 X174.00 Y-115.00 F1200
G1 X174.00 Y-114.00 F1200
G1 X175.00 Y-113.00 F1200
G1 X178.00 Y-113.00 F1200
G1 X179.00 Y-112.00 F1200
G1 X181.00 Y-112.00 F1200
G1 X184.00 Y-115.00 F1200
G1 X185.00 Y-115.00 F1200
G1 X185.00 Y-114.00 F1200
G1 X186.00 Y-113.00 F1200
G1 X187.00 Y-114.00 F1200
G1 X187.00 Y-117.00 F1200
G1 X188.00 Y-118.00 F1200
G1 X189.00 Y-118.00 F1200
G1 X190.00 Y-117.00 F1200
G1 X190.00 Y-114.00 F1200
G1 X191.00 Y-113.00 F1200
G1 X194.00 Y-113.00 F1200
G1 X195.00 Y-112.00 F1200
G1 X197.00 Y-112.00 F1200
G1 X199.00 Y-114.00 F1200
G1 X199.00 Y-119.00 F1200
G1 X197.00 Y-121.00 F1200
G1 X195.00 Y-121.00 F1200
G1 X194.00 Y-120.00 F1200
G1 X190.00 Y-120.00 F1200
G1 X189.00 Y-121.00 F1200
G1 X187.00 Y-121.00 F1200
G1 X185.00 Y-119.00 F1200
G1 X183.00 Y-119.00 F1200
G1 X181.00 Y-121.00 F1200
G1 X179.00 Y-121.00 F1200
G1 X177.00 Y-119.00 F1200
G1 X177.00 Y-116.00 F1200
G1 X177.00 Y-120.00 F1200
G1 X178.00 Y-120.00 F1200
G1 X179.00 Y-121.00 F1200
G1 X181.00 Y-121.00 F1200
G1 X182.00 Y-120.00 F1200
G1 X183.00 Y-120.00 F1200
G1 X184.00 Y-119.00 F1200
G1 X185.00 Y-120.00 F1200
G1 X186.00 Y-120.00 F1200
G1 X187.00 Y-121.00 F1200
G1 X189.00 Y-121.00 F1200
G1 X190.00 Y-120.00 F1200
G1 X194.00 Y-120.00 F1200
G1 X195.00 Y-121.00 F1200
G1 X197.00 Y-121.00 F1200
G1 X198.00 Y-120.00 F1200
G1 X199.00 Y-120.00 F1200
G1 X199.00 Y-113.00 F1200
G1 X198.00 Y-113.00 F1200
G1 X197.00 Y-112.00 F1200
G1 X195.00 Y-112.00 F1200
G1 X194.00 Y-113.00 F1200
G1 X190.00 Y-113.00 F1200
G1 X190.00 Y-117.00 F1200
G1 X189.00 Y-118.00 F1200
G1 X188.00 Y-118.00 F1200
G1 X187.00 Y-117.00 F1200
G1 X187.00 Y-113.00 F1200
G1 X185.00 Y-113.00 F1200
G1 X185.00 Y-114.00 F1200
G1 X184.00 Y-115.00 F1200
G1 X183.00 Y-114.00 F1200
G1 X183.00 Y-113.00 F1200
G1 X182.00 Y-113.00 F1200
G1 X181.00 Y-112.00 F1200
G0 Z3.0
G0 X172.00 Y-114.00 F1200
G0 Z-0.2 ; Descendre pour dessiner
G1 X173.00 Y-113.00 F1200
G1 X174.00 Y-114.00 F1200
G1 X174.00 Y-115.00 F1200
G1 X173.00 Y-116.00 F1200
G1 X172.00 Y-115.00 F1200
G0 Z3.0
G0 X161.00 Y-112.00 F1200
G0 Z-0.2 ; Descendre pour dessiner
G1 X160.00 Y-113.00 F1200
G1 X159.00 Y-113.00 F1200
G1 X159.00 Y-120.00 F1200
G1 X161.00 Y-120.00 F1200
G1 X162.00 Y-121.00 F1200
G1 X163.00 Y-121.00 F1200
G1 X164.00 Y-120.00 F1200
G1 X165.00 Y-120.00 F1200
G1 X165.00 Y-113.00 F1200
G1 X164.00 Y-113.00 F1200
G1 X163.00 Y-112.00 F1200
G0 Z3.0
G0 X161.00 Y-120.00 F1200
G0 Z-0.2 ; Descendre pour dessiner
G1 X162.00 Y-119.00 F1200
G1 X163.00 Y-119.00 F1200
G1 X164.00 Y-120.00 F1200
G1 X163.00 Y-121.00 F1200
G1 X162.00 Y-121.00 F1200
G0 Z3.0
G0 X161.00 Y-112.00 F1200
G0 Z-0.2 ; Descendre pour dessiner
G1 X163.00 Y-112.00 F1200
G1 X165.00 Y-114.00 F1200
G1 X165.00 Y-119.00 F1200
G1 X164.00 Y-120.00 F1200
G1 X163.00 Y-119.00 F1200
G1 X162.00 Y-119.00 F1200
G1 X161.00 Y-118.00 F1200
G1 X162.00 Y-117.00 F1200
G1 X163.00 Y-117.00 F1200
G1 X162.00 Y-117.00 F1200
G1 X161.00 Y-116.00 F1200
G1 X161.00 Y-115.00 F1200
G1 X161.00 Y-118.00 F1200
G1 X162.00 Y-119.00 F1200
G1 X161.00 Y-120.00 F1200
G1 X160.00 Y-120.00 F1200
G1 X159.00 Y-119.00 F1200
G1 X159.00 Y-114.00 F1200
G0 Z3.0
G0 X145.00 Y-112.00 F1200
G0 Z-0.2 ; Descendre pour dessiner
G1 X144.00 Y-113.00 F1200
G1 X143.00 Y-113.00 F1200
G1 X142.00 Y-114.00 F1200
G1 X142.00 Y-119.00 F1200
G1 X143.00 Y-120.00 F1200
G1 X144.00 Y-120.00 F1200
G1 X145.00 Y-121.00 F1200
G1 X146.00 Y-121.00 F1200
G1 X147.00 Y-122.00 F1200
G1 X147.00 Y-123.00 F1200
G1 X149.00 Y-123.00 F1200
G1 X149.00 Y-114.00 F1200
G1 X150.00 Y-113.00 F1200
G1 X151.00 Y-114.00 F1200
G1 X151.00 Y-120.00 F1200
G1 X152.00 Y-120.00 F1200
G1 X153.00 Y-121.00 F1200
G1 X155.00 Y-121.00 F1200
G1 X156.00 Y-120.00 F1200
G1 X157.00 Y-120.00 F1200
G1 X157.00 Y-113.00 F1200
G1 X148.00 Y-113.00 F1200
G1 X147.00 Y-112.00 F1200
G0 Z3.0
G0 X151.00 Y-114.00 F1200
G0 Z-0.2 ; Descendre pour dessiner
G1 X152.00 Y-113.00 F1200
G1 X153.00 Y-114.00 F1200
G1 X153.00 Y-118.00 F1200
G1 X153.00 Y-114.00 F1200
G1 X154.00 Y-113.00 F1200
G1 X155.00 Y-114.00 F1200
G1 X155.00 Y-118.00 F1200
G1 X155.00 Y-114.00 F1200
G1 X156.00 Y-113.00 F1200
G1 X157.00 Y-114.00 F1200
G1 X157.00 Y-119.00 F1200
G1 X155.00 Y-121.00 F1200
G1 X153.00 Y-121.00 F1200
G1 X151.00 Y-119.00 F1200
G0 Z3.0
G0 X144.00 Y-113.00 F1200
G0 Z-0.2 ; Descendre pour dessiner
G1 X145.00 Y-112.00 F1200
G1 X147.00 Y-112.00 F1200
G1 X149.00 Y-114.00 F1200
G1 X149.00 Y-122.00 F1200
G1 X148.00 Y-123.00 F1200
G1 X146.00 Y-121.00 F1200
G1 X145.00 Y-121.00 F1200
G1 X144.00 Y-120.00 F1200
G1 X143.00 Y-120.00 F1200
G1 X142.00 Y-119.00 F1200
G1 X142.00 Y-114.00 F1200
G1 X143.00 Y-113.00 F1200
G0 Z3.0
G0 X145.00 Y-116.00 F1200
G0 Z-0.2 ; Descendre pour dessiner
G1 X146.00 Y-115.00 F1200
G1 X147.00 Y-116.00 F1200
G1 X147.00 Y-117.00 F1200
G1 X146.00 Y-118.00 F1200
G1 X145.00 Y-117.00 F1200
G0 Z3.0
G0 X126.00 Y-112.00 F1200
G0 Z-0.2 ; Descendre pour dessiner
G1 X125.00 Y-113.00 F1200
G1 X124.00 Y-113.00 F1200
G1 X124.00 Y-120.00 F1200
G1 X133.00 Y-120.00 F1200
G1 X134.00 Y-121.00 F1200
G1 X136.00 Y-121.00 F1200
G1 X137.00 Y-120.00 F1200
G1 X138.00 Y-120.00 F1200
G1 X138.00 Y-117.00 F1200
G1 X137.00 Y-117.00 F1200
G1 X136.00 Y-118.00 F1200
G1 X135.00 Y-117.00 F1200
G1 X134.00 Y-117.00 F1200
G1 X135.00 Y-117.00 F1200
G1 X136.00 Y-118.00 F1200
G1 X135.00 Y-119.00 F1200
G1 X134.00 Y-119.00 F1200
G1 X133.00 Y-120.00 F1200
G1 X129.00 Y-120.00 F1200
G1 X128.00 Y-119.00 F1200
G1 X128.00 Y-115.00 F1200
G1 X128.00 Y-119.00 F1200
G1 X127.00 Y-120.00 F1200
G1 X126.00 Y-119.00 F1200
G1 X126.00 Y-115.00 F1200
G1 X126.00 Y-119.00 F1200
G1 X125.00 Y-120.00 F1200
G1 X124.00 Y-119.00 F1200
G1 X124.00 Y-114.00 F1200
G1 X126.00 Y-112.00 F1200
G1 X128.00 Y-112.00 F1200
G1 X130.00 Y-114.00 F1200
G1 X130.00 Y-117.00 F1200
G1 X130.00 Y-114.00 F1200
G1 X131.00 Y-113.00 F1200
G1 X132.00 Y-114.00 F1200
G1 X132.00 Y-116.00 F1200
G1 X132.00 Y-114.00 F1200
G1 X134.00 Y-112.00 F1200
G1 X135.00 Y-112.00 F1200
G1 X136.00 Y-113.00 F1200
G1 X137.00 Y-113.00 F1200
G1 X138.00 Y-114.00 F1200
G1 X137.00 Y-115.00 F1200
G1 X138.00 Y-115.00 F1200
G1 X138.00 Y-113.00 F1200
G1 X136.00 Y-113.00 F1200
G1 X135.00 Y-112.00 F1200
G1 X134.00 Y-112.00 F1200
G1 X133.00 Y-113.00 F1200
G1 X129.00 Y-113.00 F1200
G1 X128.00 Y-112.00 F1200
G0 Z3.0
G0 X137.00 Y-117.00 F1200
G0 Z-0.2 ; Descendre pour dessiner
G1 X138.00 Y-118.00 F1200
G1 X138.00 Y-119.00 F1200
G1 X136.00 Y-121.00 F1200
G1 X134.00 Y-121.00 F1200
G1 X133.00 Y-120.00 F1200
G1 X134.00 Y-119.00 F1200
G1 X135.00 Y-119.00 F1200
G0 Z3.0
G0 X240.00 Y-109.00 F1200
G0 Z-0.2 ; Descendre pour dessiner
G1 X239.00 Y-110.00 F1200
G1 X238.00 Y-110.00 F1200
G1 X238.00 Y-111.00 F1200
G1 X237.00 Y-112.00 F1200
G1 X237.00 Y-115.00 F1200
G1 X238.00 Y-116.00 F1200
G1 X238.00 Y-120.00 F1200
G1 X240.00 Y-120.00 F1200
G1 X240.00 Y-114.00 F1200
G1 X241.00 Y-113.00 F1200
G1 X244.00 Y-113.00 F1200
G1 X245.00 Y-112.00 F1200
G1 X246.00 Y-112.00 F1200
G1 X247.00 Y-113.00 F1200
G1 X251.00 Y-113.00 F1200
G1 X252.00 Y-114.00 F1200
G1 X252.00 Y-117.00 F1200
G1 X253.00 Y-118.00 F1200
G1 X254.00 Y-118.00 F1200
G1 X255.00 Y-117.00 F1200
G1 X255.00 Y-114.00 F1200
G1 X256.00 Y-113.00 F1200
G1 X259.00 Y-113.00 F1200
G1 X260.00 Y-112.00 F1200
G1 X262.00 Y-112.00 F1200
G1 X263.00 Y-113.00 F1200
G1 X265.00 Y-113.00 F1200
G1 X266.00 Y-112.00 F1200
G1 X267.00 Y-112.00 F1200
G1 X270.00 Y-115.00 F1200
G1 X271.00 Y-115.00 F1200
G1 X271.00 Y-114.00 F1200
G1 X272.00 Y-113.00 F1200
G1 X273.00 Y-114.00 F1200
G1 X273.00 Y-119.00 F1200
G1 X272.00 Y-120.00 F1200
G1 X269.00 Y-120.00 F1200
G1 X268.00 Y-119.00 F1200
G1 X268.00 Y-116.00 F1200
G1 X267.00 Y-115.00 F1200
G1 X266.00 Y-115.00 F1200
G1 X265.00 Y-116.00 F1200
G1 X265.00 Y-119.00 F1200
G1 X264.00 Y-120.00 F1200
G1 X263.00 Y-119.00 F1200
G1 X263.00 Y-116.00 F1200
G1 X262.00 Y-115.00 F1200
G1 X261.00 Y-115.00 F1200
G1 X260.00 Y-116.00 F1200
G1 X260.00 Y-119.00 F1200
G1 X259.00 Y-120.00 F1200
G1 X255.00 Y-120.00 F1200
G1 X254.00 Y-121.00 F1200
G1 X253.00 Y-121.00 F1200
G1 X252.00 Y-120.00 F1200
G1 X247.00 Y-120.00 F1200
G1 X246.00 Y-121.00 F1200
G1 X245.00 Y-121.00 F1200
G1 X244.00 Y-120.00 F1200
G1 X243.00 Y-120.00 F1200
G1 X242.00 Y-119.00 F1200
G1 X242.00 Y-115.00 F1200
G1 X242.00 Y-120.00 F1200
G1 X244.00 Y-120.00 F1200
G1 X245.00 Y-121.00 F1200
G1 X246.00 Y-121.00 F1200
G1 X247.00 Y-120.00 F1200
G1 X252.00 Y-120.00 F1200
G1 X253.00 Y-121.00 F1200
G1 X254.00 Y-121.00 F1200
G1 X255.00 Y-120.00 F1200
G1 X260.00 Y-120.00 F1200
G1 X260.00 Y-116.00 F1200
G1 X261.00 Y-115.00 F1200
G1 X262.00 Y-115.00 F1200
G1 X263.00 Y-116.00 F1200
G1 X263.00 Y-120.00 F1200
G1 X265.00 Y-120.00 F1200
G1 X265.00 Y-116.00 F1200
G1 X266.00 Y-115.00 F1200
G1 X267.00 Y-115.00 F1200
G1 X268.00 Y-116.00 F1200
G1 X268.00 Y-120.00 F1200
G1 X273.00 Y-120.00 F1200
G1 X273.00 Y-110.00 F1200
G1 X272.00 Y-109.00 F1200
G1 X271.00 Y-110.00 F1200
G1 X271.00 Y-114.00 F1200
G1 X270.00 Y-115.00 F1200
G1 X269.00 Y-114.00 F1200
G1 X269.00 Y-113.00 F1200
G1 X268.00 Y-113.00 F1200
G1 X267.00 Y-112.00 F1200
G1 X266.00 Y-112.00 F1200
G1 X265.00 Y-113.00 F1200
G1 X263.00 Y-113.00 F1200
G1 X262.00 Y-112.00 F1200
G1 X260.00 Y-112.00 F1200
G1 X259.00 Y-113.00 F1200
G1 X255.00 Y-113.00 F1200
G1 X255.00 Y-117.00 F1200
G1 X254.00 Y-118.00 F1200
G1 X253.00 Y-118.00 F1200
G1 X252.00 Y-117.00 F1200
G1 X252.00 Y-113.00 F1200
G1 X247.00 Y-113.00 F1200
G1 X246.00 Y-112.00 F1200
G1 X245.00 Y-112.00 F1200
G1 X244.00 Y-113.00 F1200
G1 X242.00 Y-113.00 F1200
G1 X241.00 Y-112.00 F1200
G1 X242.00 Y-111.00 F1200
G1 X242.00 Y-110.00 F1200
G1 X241.00 Y-109.00 F1200
G0 Z3.0
G0 X240.00 Y-109.00 F1200
G0 Z-0.2 ; Descendre pour dessiner
G1 X241.00 Y-109.00 F1200
G1 X242.00 Y-110.00 F1200
G1 X241.00 Y-111.00 F1200
G1 X241.00 Y-113.00 F1200
G1 X240.00 Y-114.00 F1200
G1 X240.00 Y-119.00 F1200
G1 X239.00 Y-120.00 F1200
G1 X238.00 Y-119.00 F1200
G1 X238.00 Y-116.00 F1200
G1 X237.00 Y-115.00 F1200
G1 X237.00 Y-112.00 F1200
G0 Z3.0
G0 X113.00 Y-109.00 F1200
G0 Z-0.2 ; Descendre pour dessiner
G1 X112.00 Y-110.00 F1200
G1 X112.00 Y-111.00 F1200
G1 X113.00 Y-111.00 F1200
G1 X114.00 Y-112.00 F1200
G1 X113.00 Y-113.00 F1200
G1 X112.00 Y-113.00 F1200
G1 X112.00 Y-118.00 F1200
G1 X112.00 Y-114.00 F1200
G1 X113.00 Y-113.00 F1200
G1 X114.00 Y-114.00 F1200
G1 X114.00 Y-115.00 F1200
G1 X115.00 Y-115.00 F1200
G1 X118.00 Y-112.00 F1200
G1 X120.00 Y-112.00 F1200
G1 X122.00 Y-114.00 F1200
G1 X122.00 Y-119.00 F1200
G1 X120.00 Y-121.00 F1200
G1 X118.00 Y-121.00 F1200
G1 X115.00 Y-118.00 F1200
G1 X114.00 Y-118.00 F1200
G1 X114.00 Y-119.00 F1200
G1 X113.00 Y-120.00 F1200
G1 X112.00 Y-120.00 F1200
G1 X111.00 Y-121.00 F1200
G1 X110.00 Y-121.00 F1200
G1 X108.00 Y-119.00 F1200
G1 X108.00 Y-114.00 F1200
G1 X107.00 Y-113.00 F1200
G1 X107.00 Y-112.00 F1200
G1 X108.00 Y-111.00 F1200
G1 X109.00 Y-111.00 F1200
G1 X110.00 Y-112.00 F1200
G1 X110.00 Y-118.00 F1200
G1 X110.00 Y-111.00 F1200
G1 X108.00 Y-111.00 F1200
G1 X107.00 Y-112.00 F1200
G1 X106.00 Y-112.00 F1200
G1 X105.00 Y-113.00 F1200
G1 X104.00 Y-112.00 F1200
G1 X102.00 Y-112.00 F1200
G1 X101.00 Y-113.00 F1200
G1 X97.00 Y-113.00 F1200
G1 X96.00 Y-112.00 F1200
G1 X94.00 Y-112.00 F1200
G1 X93.00 Y-113.00 F1200
G1 X92.00 Y-113.00 F1200
G1 X91.00 Y-112.00 F1200
G1 X90.00 Y-112.00 F1200
G1 X89.00 Y-113.00 F1200
G1 X87.00 Y-113.00 F1200
G1 X86.00 Y-112.00 F1200
G1 X85.00 Y-112.00 F1200
G1 X84.00 Y-113.00 F1200
G1 X82.00 Y-113.00 F1200
G1 X82.00 Y-114.00 F1200
G1 X83.00 Y-113.00 F1200
G1 X84.00 Y-113.00 F1200
G1 X85.00 Y-112.00 F1200
G1 X86.00 Y-112.00 F1200
G1 X87.00 Y-113.00 F1200
G1 X89.00 Y-113.00 F1200
G1 X90.00 Y-112.00 F1200
G1 X91.00 Y-112.00 F1200
G1 X92.00 Y-113.00 F1200
G1 X93.00 Y-113.00 F1200
G1 X94.00 Y-112.00 F1200
G1 X96.00 Y-112.00 F1200
G1 X97.00 Y-113.00 F1200
G1 X101.00 Y-113.00 F1200
G1 X103.00 Y-115.00 F1200
G1 X102.00 Y-116.00 F1200
G1 X102.00 Y-117.00 F1200
G1 X103.00 Y-117.00 F1200
G1 X104.00 Y-118.00 F1200
G1 X103.00 Y-119.00 F1200
G1 X102.00 Y-119.00 F1200
G1 X101.00 Y-120.00 F1200
G1 X97.00 Y-120.00 F1200
G1 X96.00 Y-119.00 F1200
G1 X96.00 Y-116.00 F1200
G1 X95.00 Y-115.00 F1200
G1 X94.00 Y-115.00 F1200
G1 X93.00 Y-116.00 F1200
G1 X93.00 Y-119.00 F1200
G1 X92.00 Y-120.00 F1200
G1 X91.00 Y-119.00 F1200
G1 X91.00 Y-115.00 F1200
G1 X91.00 Y-119.00 F1200
G1 X90.00 Y-120.00 F1200
G1 X89.00 Y-119.00 F1200
G1 X89.00 Y-115.00 F1200
G1 X89.00 Y-119.00 F1200
G1 X88.00 Y-120.00 F1200
G1 X87.00 Y-119.00 F1200
G1 X87.00 Y-116.00 F1200
G1 X86.00 Y-115.00 F1200
G1 X85.00 Y-115.00 F1200
G1 X84.00 Y-116.00 F1200
G1 X84.00 Y-119.00 F1200
G1 X83.00 Y-120.00 F1200
G1 X82.00 Y-119.00 F1200
G1 X82.00 Y-120.00 F1200
G1 X84.00 Y-120.00 F1200
G1 X84.00 Y-116.00 F1200
G1 X85.00 Y-115.00 F1200
G1 X86.00 Y-115.00 F1200
G1 X87.00 Y-116.00 F1200
G1 X87.00 Y-120.00 F1200
G1 X93.00 Y-120.00 F1200
G1 X93.00 Y-116.00 F1200
G1 X94.00 Y-115.00 F1200
G1 X95.00 Y-115.00 F1200
G1 X96.00 Y-116.00 F1200
G1 X96.00 Y-120.00 F1200
G1 X101.00 Y-120.00 F1200
G1 X102.00 Y-121.00 F1200
G1 X103.00 Y-121.00 F1200
G1 X104.00 Y-120.00 F1200
G1 X109.00 Y-120.00 F1200
G1 X110.00 Y-121.00 F1200
G1 X111.00 Y-121.00 F1200
G1 X112.00 Y-120.00 F1200
G1 X114.00 Y-120.00 F1200
G1 X114.00 Y-119.00 F1200
G1 X115.00 Y-118.00 F1200
G1 X116.00 Y-119.00 F1200
G1 X116.00 Y-120.00 F1200
G1 X117.00 Y-120.00 F1200
G1 X118.00 Y-121.00 F1200
G1 X120.00 Y-121.00 F1200
G1 X121.00 Y-120.00 F1200
G1 X122.00 Y-120.00 F1200
G1 X122.00 Y-113.00 F1200
G1 X121.00 Y-113.00 F1200
G1 X120.00 Y-112.00 F1200
G1 X118.00 Y-112.00 F1200
G1 X117.00 Y-113.00 F1200
G1 X116.00 Y-113.00 F1200
G1 X116.00 Y-114.00 F1200
G1 X115.00 Y-115.00 F1200
G1 X114.00 Y-114.00 F1200
G1 X114.00 Y-110.00 F1200
G0 Z3.0
G0 X101.00 Y-120.00 F1200
G0 Z-0.2 ; Descendre pour dessiner
G1 X102.00 Y-119.00 F1200
G1 X103.00 Y-119.00 F1200
G1 X104.00 Y-120.00 F1200
G1 X103.00 Y-121.00 F1200
G1 X102.00 Y-121.00 F1200
G0 Z3.0
G0 X101.00 Y-113.00 F1200
G0 Z-0.2 ; Descendre pour dessiner
G1 X102.00 Y-112.00 F1200
G1 X104.00 Y-112.00 F1200
G1 X105.00 Y-113.00 F1200
G1 X106.00 Y-112.00 F1200
G1 X108.00 Y-114.00 F1200
G1 X108.00 Y-119.00 F1200
G1 X107.00 Y-120.00 F1200
G1 X106.00 Y-119.00 F1200
G1 X106.00 Y-115.00 F1200
G1 X106.00 Y-119.00 F1200
G1 X105.00 Y-120.00 F1200
G1 X104.00 Y-120.00 F1200
G1 X103.00 Y-119.00 F1200
G1 X104.00 Y-118.00 F1200
G1 X103.00 Y-117.00 F1200
G1 X104.00 Y-116.00 F1200
G1 X103.00 Y-115.00 F1200
G1 X103.00 Y-114.00 F1200
G1 X102.00 Y-114.00 F1200
G0 Z3.0
G0 X58.00 Y-109.00 F1200
G0 Z-0.2 ; Descendre pour dessiner
G1 X57.00 Y-110.00 F1200
G1 X57.00 Y-120.00 F1200
G1 X71.00 Y-120.00 F1200
G1 X71.00 Y-115.00 F1200
G1 X72.00 Y-114.00 F1200
G1 X73.00 Y-115.00 F1200
G1 X73.00 Y-119.00 F1200
G1 X74.00 Y-120.00 F1200
G1 X75.00 Y-120.00 F1200
G1 X76.00 Y-121.00 F1200
G1 X78.00 Y-121.00 F1200
G1 X79.00 Y-120.00 F1200
G1 X80.00 Y-120.00 F1200
G1 X80.00 Y-119.00 F1200
G1 X78.00 Y-121.00 F1200
G1 X76.00 Y-121.00 F1200
G1 X73.00 Y-118.00 F1200
G1 X73.00 Y-115.00 F1200
G1 X76.00 Y-112.00 F1200
G1 X78.00 Y-112.00 F1200
G1 X80.00 Y-114.00 F1200
G1 X80.00 Y-113.00 F1200
G1 X79.00 Y-113.00 F1200
G1 X78.00 Y-112.00 F1200
G1 X76.00 Y-112.00 F1200
G1 X73.00 Y-115.00 F1200
G1 X72.00 Y-114.00 F1200
G1 X72.00 Y-113.00 F1200
G1 X71.00 Y-112.00 F1200
G1 X72.00 Y-111.00 F1200
G1 X73.00 Y-111.00 F1200
G1 X73.00 Y-110.00 F1200
G1 X72.00 Y-109.00 F1200
G1 X71.00 Y-110.00 F1200
G1 X69.00 Y-110.00 F1200
G1 X69.00 Y-111.00 F1200
G1 X67.00 Y-113.00 F1200
G1 X66.00 Y-113.00 F1200
G1 X65.00 Y-112.00 F1200
G1 X63.00 Y-112.00 F1200
G1 X62.00 Y-113.00 F1200
G1 X60.00 Y-113.00 F1200
G1 X59.00 Y-112.00 F1200
G1 X59.00 Y-110.00 F1200
G0 Z3.0
G0 X59.00 Y-114.00 F1200
G0 Z-0.2 ; Descendre pour dessiner
G1 X60.00 Y-113.00 F1200
G1 X61.00 Y-114.00 F1200
G1 X61.00 Y-119.00 F1200
G1 X60.00 Y-120.00 F1200
G1 X59.00 Y-119.00 F1200
G0 Z3.0
G0 X57.00 Y-114.00 F1200
G0 Z-0.2 ; Descendre pour dessiner
G1 X58.00 Y-113.00 F1200
G1 X59.00 Y-114.00 F1200
G1 X59.00 Y-119.00 F1200
G1 X58.00 Y-120.00 F1200
G1 X57.00 Y-119.00 F1200
G0 Z3.0
G0 X67.00 Y-113.00 F1200
G0 Z-0.2 ; Descendre pour dessiner
G1 X68.00 Y-112.00 F1200
G1 X69.00 Y-113.00 F1200
G1 X69.00 Y-119.00 F1200
G1 X68.00 Y-120.00 F1200
G1 X67.00 Y-119.00 F1200
G0 Z3.0
G0 X63.00 Y-112.00 F1200
G0 Z-0.2 ; Descendre pour dessiner
G1 X65.00 Y-112.00 F1200
G1 X67.00 Y-114.00 F1200
G1 X67.00 Y-119.00 F1200
G1 X66.00 Y-120.00 F1200
G1 X65.00 Y-119.00 F1200
G1 X65.00 Y-115.00 F1200
G1 X65.00 Y-119.00 F1200
G1 X64.00 Y-120.00 F1200
G1 X63.00 Y-119.00 F1200
G1 X63.00 Y-115.00 F1200
G1 X63.00 Y-119.00 F1200
G1 X62.00 Y-120.00 F1200
G1 X61.00 Y-119.00 F1200
G1 X61.00 Y-114.00 F1200
G0 Z3.0
G0 X70.00 Y-110.00 F1200
G0 Z-0.2 ; Descendre pour dessiner
G1 X71.00 Y-110.00 F1200
G1 X72.00 Y-111.00 F1200
G1 X71.00 Y-112.00 F1200
G1 X72.00 Y-113.00 F1200
G1 X71.00 Y-114.00 F1200
G1 X71.00 Y-119.00 F1200
G1 X70.00 Y-120.00 F1200
G1 X69.00 Y-119.00 F1200
G1 X69.00 Y-113.00 F1200
G1 X68.00 Y-112.00 F1200
G0 Z3.0
G0 X633.00 Y-95.00 F1200
G0 Z-0.2 ; Descendre pour dessiner
G1 X632.00 Y-96.00 F1200
G1 X632.00 Y-97.00 F1200
G1 X633.00 Y-98.00 F1200
G1 X634.00 Y-98.00 F1200
G1 X635.00 Y-97.00 F1200
G1 X635.00 Y-96.00 F1200
G1 X634.00 Y-95.00 F1200
G0 Z3.0
G0 X632.00 Y-96.00 F1200
G0 Z-0.2 ; Descendre pour dessiner
G1 X633.00 Y-95.00 F1200
G1 X634.00 Y-95.00 F1200
G1 X635.00 Y-96.00 F1200
G1 X635.00 Y-97.00 F1200
G1 X634.00 Y-98.00 F1200
G1 X633.00 Y-98.00 F1200
G1 X632.00 Y-97.00 F1200
G0 Z3.0
G0 X624.00 Y-96.00 F1200
G0 Z-0.2 ; Descendre pour dessiner
G1 X625.00 Y-95.00 F1200
G1 X626.00 Y-96.00 F1200
G1 X626.00 Y-97.00 F1200
G1 X625.00 Y-98.00 F1200
G1 X624.00 Y-97.00 F1200
G0 Z3.0
G0 X621.00 Y-95.00 F1200
G0 Z-0.2 ; Descendre pour dessiner
G1 X621.00 Y-99.00 F1200
G1 X622.00 Y-100.00 F1200
G1 X623.00 Y-100.00 F1200
G1 X624.00 Y-101.00 F1200
G1 X626.00 Y-101.00 F1200
G1 X627.00 Y-100.00 F1200
G1 X628.00 Y-100.00 F1200
G1 X628.00 Y-99.00 F1200
G1 X626.00 Y-101.00 F1200
G1 X624.00 Y-101.00 F1200
G1 X621.00 Y-98.00 F1200
G0 Z3.0
G0 X612.00 Y-95.00 F1200
G0 Z-0.2 ; Descendre pour dessiner
G1 X611.00 Y-96.00 F1200
G1 X611.00 Y-98.00 F1200
G1 X613.00 Y-98.00 F1200
G1 X613.00 Y-97.00 F1200
G1 X614.00 Y-96.00 F1200
G1 X613.00 Y-95.00 F1200
G0 Z3.0
G0 X611.00 Y-96.00 F1200
G0 Z-0.2 ; Descendre pour dessiner
G1 X612.00 Y-95.00 F1200
G1 X613.00 Y-95.00 F1200
G1 X614.00 Y-96.00 F1200
G1 X612.00 Y-98.00 F1200
G1 X611.00 Y-97.00 F1200
G0 Z3.0
G0 X592.00 Y-95.00 F1200
G0 Z-0.2 ; Descendre pour dessiner
G1 X591.00 Y-96.00 F1200
G1 X591.00 Y-97.00 F1200
G1 X592.00 Y-98.00 F1200
G1 X593.00 Y-98.00 F1200
G1 X594.00 Y-97.00 F1200
G1 X594.00 Y-96.00 F1200
G1 X593.00 Y-95.00 F1200
G0 Z3.0
G0 X591.00 Y-96.00 F1200
G0 Z-0.2 ; Descendre pour dessiner
G1 X592.00 Y-95.00 F1200
G1 X593.00 Y-95.00 F1200
G1 X594.00 Y-96.00 F1200
G1 X594.00 Y-97.00 F1200
G1 X593.00 Y-98.00 F1200
G1 X592.00 Y-98.00 F1200
G1 X591.00 Y-97.00 F1200
G0 Z3.0
G0 X506.00 Y-96.00 F1200
G0 Z-0.2 ; Descendre pour dessiner
G1 X507.00 Y-95.00 F1200
G1 X508.00 Y-96.00 F1200
G1 X508.00 Y-97.00 F1200
G1 X507.00 Y-98.00 F1200
G1 X506.00 Y-97.00 F1200
G0 Z3.0
G0 X421.00 Y-95.00 F1200
G0 Z-0.2 ; Descendre pour dessiner
G1 X420.00 Y-96.00 F1200
G1 X420.00 Y-97.00 F1200
G1 X421.00 Y-98.00 F1200
G1 X422.00 Y-98.00 F1200
G1 X423.00 Y-97.00 F1200
G1 X423.00 Y-96.00 F1200
G1 X422.00 Y-95.00 F1200
G0 Z3.0
G0 X420.00 Y-96.00 F1200
G0 Z-0.2 ; Descendre pour dessiner
G1 X421.00 Y-95.00 F1200
G1 X422.00 Y-95.00 F1200
G1 X423.00 Y-96.00 F1200
G1 X423.00 Y-97.00 F1200
G1 X422.00 Y-98.00 F1200
G1 X421.00 Y-98.00 F1200
G1 X420.00 Y-97.00 F1200
G0 Z3.0
G0 X408.00 Y-95.00 F1200
G0 Z-0.2 ; Descendre pour dessiner
G1 X408.00 Y-99.00 F1200
G1 X407.00 Y-100.00 F1200
G1 X406.00 Y-99.00 F1200
G1 X406.00 Y-100.00 F1200
G1 X412.00 Y-100.00 F1200
G1 X412.00 Y-96.00 F1200
G1 X413.00 Y-95.00 F1200
G1 X414.00 Y-95.00 F1200
G1 X415.00 Y-96.00 F1200
G1 X415.00 Y-100.00 F1200
G1 X416.00 Y-100.00 F1200
G1 X418.00 Y-102.00 F1200
G1 X418.00 Y-103.00 F1200
G1 X420.00 Y-103.00 F1200
G1 X420.00 Y-102.00 F1200
G1 X421.00 Y-101.00 F1200
G1 X422.00 Y-101.00 F1200
G1 X423.00 Y-100.00 F1200
G1 X425.00 Y-100.00 F1200
G1 X425.00 Y-95.00 F1200
G1 X425.00 Y-99.00 F1200
G1 X424.00 Y-100.00 F1200
G1 X423.00 Y-100.00 F1200
G1 X422.00 Y-101.00 F1200
G1 X421.00 Y-101.00 F1200
G1 X419.00 Y-103.00 F1200
G1 X415.00 Y-99.00 F1200
G1 X415.00 Y-96.00 F1200
G1 X414.00 Y-95.00 F1200
G1 X413.00 Y-95.00 F1200
G1 X412.00 Y-96.00 F1200
G1 X412.00 Y-99.00 F1200
G1 X411.00 Y-100.00 F1200
G1 X410.00 Y-99.00 F1200
G1 X410.00 Y-95.00 F1200
G1 X410.00 Y-99.00 F1200
G1 X409.00 Y-100.00 F1200
G1 X408.00 Y-99.00 F1200
G0 Z3.0
G0 X400.00 Y-96.00 F1200
G0 Z-0.2 ; Descendre pour dessiner
G1 X401.00 Y-95.00 F1200
G1 X402.00 Y-96.00 F1200
G1 X402.00 Y-97.00 F1200
G1 X401.00 Y-98.00 F1200
G1 X400.00 Y-97.00 F1200
G0 Z3.0
G0 X364.00 Y-95.00 F1200
G0 Z-0.2 ; Descendre pour dessiner
G1 X363.00 Y-96.00 F1200
G1 X363.00 Y-97.00 F1200
G1 X364.00 Y-98.00 F1200
G1 X365.00 Y-98.00 F1200
G1 X366.00 Y-97.00 F1200
G1 X366.00 Y-96.00 F1200
G1 X365.00 Y-95.00 F1200
G0 Z3.0
G0 X363.00 Y-96.00 F1200
G0 Z-0.2 ; Descendre pour dessiner
G1 X364.00 Y-95.00 F1200
G1 X365.00 Y-95.00 F1200
G1 X366.00 Y-96.00 F1200
G1 X366.00 Y-97.00 F1200
G1 X365.00 Y-98.00 F1200
G1 X364.00 Y-98.00 F1200
G1 X363.00 Y-97.00 F1200
G0 Z3.0
G0 X294.00 Y-96.00 F1200
G0 Z-0.2 ; Descendre pour dessiner
G1 X295.00 Y-95.00 F1200
G1 X296.00 Y-96.00 F1200
G1 X296.00 Y-97.00 F1200
G1 X295.00 Y-98.00 F1200
G1 X294.00 Y-97.00 F1200
G0 Z3.0
G0 X286.00 Y-96.00 F1200
G0 Z-0.2 ; Descendre pour dessiner
G1 X287.00 Y-95.00 F1200
G1 X288.00 Y-96.00 F1200
G1 X288.00 Y-97.00 F1200
G1 X287.00 Y-98.00 F1200
G1 X286.00 Y-97.00 F1200
G0 Z3.0
G0 X278.00 Y-95.00 F1200
G0 Z-0.2 ; Descendre pour dessiner
G1 X277.00 Y-96.00 F1200
G1 X277.00 Y-97.00 F1200
G1 X278.00 Y-98.00 F1200
G1 X279.00 Y-98.00 F1200
G1 X280.00 Y-97.00 F1200
G1 X280.00 Y-96.00 F1200
G1 X279.00 Y-95.00 F1200
G0 Z3.0
G0 X277.00 Y-96.00 F1200
G0 Z-0.2 ; Descendre pour dessiner
G1 X278.00 Y-95.00 F1200
G1 X279.00 Y-95.00 F1200
G1 X280.00 Y-96.00 F1200
G1 X280.00 Y-97.00 F1200
G1 X279.00 Y-98.00 F1200
G1 X278.00 Y-98.00 F1200
G1 X277.00 Y-97.00 F1200
G0 Z3.0
G0 X123.00 Y-95.00 F1200
G0 Z-0.2 ; Descendre pour dessiner
G1 X123.00 Y-97.00 F1200
G1 X124.00 Y-98.00 F1200
G1 X126.00 Y-98.00 F1200
G1 X127.00 Y-97.00 F1200
G1 X127.00 Y-96.00 F1200
G1 X126.00 Y-95.00 F1200
G0 Z3.0
G0 X123.00 Y-96.00 F1200
G0 Z-0.2 ; Descendre pour dessiner
G1 X124.00 Y-95.00 F1200
G1 X126.00 Y-95.00 F1200
G1 X127.00 Y-96.00 F1200
G1 X127.00 Y-97.00 F1200
G1 X126.00 Y-98.00 F1200
G1 X124.00 Y-98.00 F1200
G1 X123.00 Y-97.00 F1200
G0 Z3.0
G0 X69.00 Y-95.00 F1200
G0 Z-0.2 ; Descendre pour dessiner
G1 X68.00 Y-96.00 F1200
G1 X68.00 Y-97.00 F1200
G1 X69.00 Y-98.00 F1200
G1 X70.00 Y-98.00 F1200
G1 X71.00 Y-97.00 F1200
G1 X71.00 Y-96.00 F1200
G1 X70.00 Y-95.00 F1200
G0 Z3.0
G0 X68.00 Y-96.00 F1200
G0 Z-0.2 ; Descendre pour dessiner
G1 X69.00 Y-95.00 F1200
G1 X70.00 Y-95.00 F1200
G1 X71.00 Y-96.00 F1200
G1 X71.00 Y-97.00 F1200
G1 X70.00 Y-98.00 F1200
G1 X69.00 Y-98.00 F1200
G1 X68.00 Y-97.00 F1200
G0 Z3.0
G0 X865.00 Y-92.00 F1200
G0 Z-0.2 ; Descendre pour dessiner
G1 X864.00 Y-93.00 F1200
G1 X862.00 Y-93.00 F1200
G1 X862.00 Y-100.00 F1200
G1 X864.00 Y-100.00 F1200
G1 X865.00 Y-101.00 F1200
G1 X866.00 Y-101.00 F1200
G1 X867.00 Y-100.00 F1200
G1 X871.00 Y-100.00 F1200
G1 X872.00 Y-101.00 F1200
G1 X874.00 Y-101.00 F1200
G1 X875.00 Y-100.00 F1200
G1 X876.00 Y-100.00 F1200
G1 X876.00 Y-97.00 F1200
G1 X875.00 Y-97.00 F1200
G1 X874.00 Y-98.00 F1200
G1 X873.00 Y-97.00 F1200
G1 X872.00 Y-97.00 F1200
G1 X873.00 Y-97.00 F1200
G1 X874.00 Y-98.00 F1200
G1 X873.00 Y-99.00 F1200
G1 X872.00 Y-99.00 F1200
G1 X871.00 Y-100.00 F1200
G1 X867.00 Y-100.00 F1200
G1 X866.00 Y-99.00 F1200
G1 X867.00 Y-98.00 F1200
G1 X867.00 Y-97.00 F1200
G1 X864.00 Y-97.00 F1200
G1 X864.00 Y-98.00 F1200
G1 X865.00 Y-99.00 F1200
G1 X864.00 Y-100.00 F1200
G1 X863.00 Y-100.00 F1200
G1 X862.00 Y-99.00 F1200
G1 X862.00 Y-94.00 F1200
G1 X863.00 Y-93.00 F1200
G1 X864.00 Y-93.00 F1200
G1 X865.00 Y-94.00 F1200
G1 X864.00 Y-95.00 F1200
G1 X865.00 Y-94.00 F1200
G1 X866.00 Y-95.00 F1200
G1 X866.00 Y-94.00 F1200
G1 X867.00 Y-93.00 F1200
G1 X868.00 Y-94.00 F1200
G1 X868.00 Y-95.00 F1200
G1 X869.00 Y-94.00 F1200
G1 X870.00 Y-94.00 F1200
G1 X872.00 Y-92.00 F1200
G1 X873.00 Y-92.00 F1200
G1 X874.00 Y-93.00 F1200
G1 X875.00 Y-93.00 F1200
G1 X876.00 Y-94.00 F1200
G1 X875.00 Y-95.00 F1200
G1 X876.00 Y-95.00 F1200
G1 X876.00 Y-93.00 F1200
G1 X874.00 Y-93.00 F1200
G1 X873.00 Y-92.00 F1200
G1 X872.00 Y-92.00 F1200
G1 X871.00 Y-93.00 F1200
G1 X870.00 Y-93.00 F1200
G1 X869.00 Y-94.00 F1200
G1 X868.00 Y-93.00 F1200
G1 X867.00 Y-93.00 F1200
G1 X866.00 Y-92.00 F1200
G0 Z3.0
G0 X864.00 Y-100.00 F1200
G0 Z-0.2 ; Descendre pour dessiner
G1 X865.00 Y-99.00 F1200
G1 X866.00 Y-99.00 F1200
G1 X867.00 Y-100.00 F1200
G1 X866.00 Y-101.00 F1200
G1 X865.00 Y-101.00 F1200
G0 Z3.0
G0 X875.00 Y-97.00 F1200
G0 Z-0.2 ; Descendre pour dessiner
G1 X876.00 Y-98.00 F1200
G1 X876.00 Y-99.00 F1200
G1 X874.00 Y-101.00 F1200
G1 X872.00 Y-101.00 F1200
G1 X871.00 Y-100.00 F1200
G1 X872.00 Y-99.00 F1200
G1 X873.00 Y-99.00 F1200
G0 Z3.0
G0 X864.00 Y-98.00 F1200
G0 Z-0.2 ; Descendre pour dessiner
G1 X865.00 Y-97.00 F1200
G1 X866.00 Y-97.00 F1200
G1 X867.00 Y-98.00 F1200
G1 X866.00 Y-99.00 F1200
G1 X865.00 Y-99.00 F1200
G0 Z3.0
G0 X864.00 Y-93.00 F1200
G0 Z-0.2 ; Descendre pour dessiner
G1 X865.00 Y-92.00 F1200
G1 X866.00 Y-92.00 F1200
G1 X867.00 Y-93.00 F1200
G1 X866.00 Y-94.00 F1200
G1 X865.00 Y-94.00 F1200
G0 Z3.0
G0 X765.00 Y-92.00 F1200
G0 Z-0.2 ; Descendre pour dessiner
G1 X764.00 Y-93.00 F1200
G1 X763.00 Y-93.00 F1200
G1 X763.00 Y-100.00 F1200
G1 X764.00 Y-100.00 F1200
G1 X765.00 Y-101.00 F1200
G1 X767.00 Y-101.00 F1200
G1 X768.00 Y-100.00 F1200
G1 X769.00 Y-100.00 F1200
G1 X770.00 Y-99.00 F1200
G1 X771.00 Y-100.00 F1200
G1 X772.00 Y-100.00 F1200
G1 X773.00 Y-101.00 F1200
G1 X775.00 Y-101.00 F1200
G1 X776.00 Y-100.00 F1200
G1 X778.00 Y-100.00 F1200
G1 X778.00 Y-93.00 F1200
G1 X776.00 Y-93.00 F1200
G1 X776.00 Y-97.00 F1200
G1 X775.00 Y-98.00 F1200
G1 X774.00 Y-98.00 F1200
G1 X773.00 Y-97.00 F1200
G1 X773.00 Y-93.00 F1200
G1 X771.00 Y-93.00 F1200
G1 X771.00 Y-94.00 F1200
G1 X770.00 Y-95.00 F1200
G1 X769.00 Y-94.00 F1200
G1 X769.00 Y-93.00 F1200
G1 X768.00 Y-93.00 F1200
G1 X767.00 Y-92.00 F1200
G0 Z3.0
G0 X765.00 Y-92.00 F1200
G0 Z-0.2 ; Descendre pour dessiner
G1 X767.00 Y-92.00 F1200
G1 X770.00 Y-95.00 F1200
G1 X771.00 Y-95.00 F1200
G1 X771.00 Y-94.00 F1200
G1 X772.00 Y-93.00 F1200
G1 X773.00 Y-94.00 F1200
G1 X773.00 Y-97.00 F1200
G1 X774.00 Y-98.00 F1200
G1 X775.00 Y-98.00 F1200
G1 X776.00 Y-97.00 F1200
G1 X776.00 Y-94.00 F1200
G1 X777.00 Y-93.00 F1200
G1 X778.00 Y-94.00 F1200
G1 X778.00 Y-99.00 F1200
G1 X777.00 Y-100.00 F1200
G1 X776.00 Y-100.00 F1200
G1 X775.00 Y-101.00 F1200
G1 X773.00 Y-101.00 F1200
G1 X771.00 Y-99.00 F1200
G1 X769.00 Y-99.00 F1200
G1 X767.00 Y-101.00 F1200
G1 X765.00 Y-101.00 F1200
G1 X763.00 Y-99.00 F1200
G1 X763.00 Y-94.00 F1200
G0 Z3.0
G0 X766.00 Y-95.00 F1200
G0 Z-0.2 ; Descendre pour dessiner
G1 X765.00 Y-96.00 F1200
G1 X765.00 Y-97.00 F1200
G1 X766.00 Y-98.00 F1200
G1 X767.00 Y-98.00 F1200
G1 X768.00 Y-97.00 F1200
G1 X768.00 Y-96.00 F1200
G1 X767.00 Y-95.00 F1200
G0 Z3.0
G0 X765.00 Y-96.00 F1200
G0 Z-0.2 ; Descendre pour dessiner
G1 X766.00 Y-95.00 F1200
G1 X767.00 Y-95.00 F1200
G1 X768.00 Y-96.00 F1200
G1 X768.00 Y-97.00 F1200
G1 X767.00 Y-98.00 F1200
G1 X766.00 Y-98.00 F1200
G1 X765.00 Y-97.00 F1200
G0 Z3.0
G0 X683.00 Y-92.00 F1200
G0 Z-0.2 ; Descendre pour dessiner
G1 X682.00 Y-93.00 F1200
G1 X680.00 Y-93.00 F1200
G1 X680.00 Y-100.00 F1200
G1 X682.00 Y-100.00 F1200
G1 X683.00 Y-101.00 F1200
G1 X684.00 Y-101.00 F1200
G1 X685.00 Y-100.00 F1200
G1 X687.00 Y-100.00 F1200
G1 X687.00 Y-97.00 F1200
G1 X688.00 Y-96.00 F1200
G1 X689.00 Y-97.00 F1200
G1 X689.00 Y-100.00 F1200
G1 X692.00 Y-100.00 F1200
G1 X693.00 Y-99.00 F1200
G1 X693.00 Y-96.00 F1200
G1 X692.00 Y-95.00 F1200
G1 X692.00 Y-94.00 F1200
G1 X693.00 Y-93.00 F1200
G1 X696.00 Y-93.00 F1200
G1 X697.00 Y-92.00 F1200
G1 X699.00 Y-92.00 F1200
G1 X701.00 Y-94.00 F1200
G1 X701.00 Y-95.00 F1200
G1 X702.00 Y-94.00 F1200
G1 X703.00 Y-94.00 F1200
G1 X705.00 Y-92.00 F1200
G1 X707.00 Y-92.00 F1200
G1 X709.00 Y-94.00 F1200
G1 X708.00 Y-95.00 F1200
G1 X705.00 Y-95.00 F1200
G1 X705.00 Y-98.00 F1200
G1 X708.00 Y-98.00 F1200
G1 X709.00 Y-99.00 F1200
G1 X707.00 Y-101.00 F1200
G1 X705.00 Y-101.00 F1200
G1 X702.00 Y-98.00 F1200
G1 X701.00 Y-99.00 F1200
G1 X700.00 Y-98.00 F1200
G1 X700.00 Y-97.00 F1200
G1 X698.00 Y-97.00 F1200
G1 X697.00 Y-96.00 F1200
G1 X697.00 Y-95.00 F1200
G1 X697.00 Y-98.00 F1200
G1 X698.00 Y-99.00 F1200
G1 X697.00 Y-100.00 F1200
G1 X696.00 Y-100.00 F1200
G1 X695.00 Y-99.00 F1200
G1 X695.00 Y-96.00 F1200
G1 X695.00 Y-100.00 F1200
G1 X697.00 Y-100.00 F1200
G1 X698.00 Y-101.00 F1200
G1 X699.00 Y-101.00 F1200
G1 X700.00 Y-100.00 F1200
G1 X704.00 Y-100.00 F1200
G1 X705.00 Y-101.00 F1200
G1 X707.00 Y-101.00 F1200
G1 X708.00 Y-100.00 F1200
G1 X709.00 Y-100.00 F1200
G1 X709.00 Y-98.00 F1200
G1 X706.00 Y-98.00 F1200
G1 X705.00 Y-97.00 F1200
G1 X705.00 Y-96.00 F1200
G1 X706.00 Y-95.00 F1200
G1 X709.00 Y-95.00 F1200
G1 X709.00 Y-93.00 F1200
G1 X708.00 Y-93.00 F1200
G1 X707.00 Y-92.00 F1200
G1 X705.00 Y-92.00 F1200
G1 X704.00 Y-93.00 F1200
G1 X703.00 Y-93.00 F1200
G1 X702.00 Y-94.00 F1200
G1 X701.00 Y-93.00 F1200
G1 X700.00 Y-93.00 F1200
G1 X699.00 Y-92.00 F1200
G1 X697.00 Y-92.00 F1200
G1 X696.00 Y-93.00 F1200
G1 X686.00 Y-93.00 F1200
G1 X685.00 Y-92.00 F1200
G0 Z3.0
G0 X697.00 Y-100.00 F1200
G0 Z-0.2 ; Descendre pour dessiner
G1 X698.00 Y-99.00 F1200
G1 X699.00 Y-99.00 F1200
G1 X700.00 Y-100.00 F1200
G1 X699.00 Y-101.00 F1200
G1 X698.00 Y-101.00 F1200
G0 Z3.0
G0 X682.00 Y-100.00 F1200
G0 Z-0.2 ; Descendre pour dessiner
G1 X683.00 Y-99.00 F1200
G1 X684.00 Y-99.00 F1200
G1 X685.00 Y-100.00 F1200
G1 X684.00 Y-101.00 F1200
G1 X683.00 Y-101.00 F1200
G0 Z3.0
G0 X697.00 Y-98.00 F1200
G0 Z-0.2 ; Descendre pour dessiner
G1 X698.00 Y-97.00 F1200
G1 X699.00 Y-97.00 F1200
G1 X700.00 Y-98.00 F1200
G1 X699.00 Y-99.00 F1200
G1 X698.00 Y-99.00 F1200
G0 Z3.0
G0 X690.00 Y-94.00 F1200
G0 Z-0.2 ; Descendre pour dessiner
G1 X691.00 Y-93.00 F1200
G1 X692.00 Y-94.00 F1200
G1 X692.00 Y-95.00 F1200
G1 X691.00 Y-96.00 F1200
G1 X690.00 Y-95.00 F1200
G0 Z3.0
G0 X680.00 Y-94.00 F1200
G0 Z-0.2 ; Descendre pour dessiner
G1 X681.00 Y-93.00 F1200
G1 X682.00 Y-93.00 F1200
G1 X684.00 Y-95.00 F1200
G1 X683.00 Y-96.00 F1200
G1 X683.00 Y-97.00 F1200
G1 X684.00 Y-97.00 F1200
G1 X685.00 Y-98.00 F1200
G1 X684.00 Y-99.00 F1200
G1 X683.00 Y-99.00 F1200
G1 X682.00 Y-100.00 F1200
G1 X681.00 Y-100.00 F1200
G1 X680.00 Y-99.00 F1200
G0 Z3.0
G0 X682.00 Y-93.00 F1200
G0 Z-0.2 ; Descendre pour dessiner
G1 X683.00 Y-92.00 F1200
G1 X685.00 Y-92.00 F1200
G1 X686.00 Y-93.00 F1200
G1 X689.00 Y-93.00 F1200
G1 X690.00 Y-94.00 F1200
G1 X690.00 Y-95.00 F1200
G1 X691.00 Y-96.00 F1200
G1 X692.00 Y-95.00 F1200
G1 X693.00 Y-96.00 F1200
G1 X693.00 Y-99.00 F1200
G1 X692.00 Y-100.00 F1200
G1 X690.00 Y-100.00 F1200
G1 X689.00 Y-99.00 F1200
G1 X689.00 Y-97.00 F1200
G1 X688.00 Y-96.00 F1200
G1 X687.00 Y-96.00 F1200
G1 X687.00 Y-99.00 F1200
G1 X686.00 Y-100.00 F1200
G1 X685.00 Y-100.00 F1200
G1 X684.00 Y-99.00 F1200
G1 X685.00 Y-98.00 F1200
G1 X684.00 Y-97.00 F1200
G1 X685.00 Y-96.00 F1200
G1 X684.00 Y-95.00 F1200
G1 X684.00 Y-94.00 F1200
G1 X683.00 Y-94.00 F1200
G0 Z3.0
G0 X611.00 Y-92.00 F1200
G0 Z-0.2 ; Descendre pour dessiner
G1 X610.00 Y-93.00 F1200
G1 X609.00 Y-93.00 F1200
G1 X609.00 Y-103.00 F1200
G1 X611.00 Y-103.00 F1200
G1 X611.00 Y-102.00 F1200
G1 X612.00 Y-101.00 F1200
G1 X613.00 Y-101.00 F1200
G1 X614.00 Y-100.00 F1200
G1 X619.00 Y-100.00 F1200
G1 X619.00 Y-95.00 F1200
G1 X619.00 Y-99.00 F1200
G1 X618.00 Y-100.00 F1200
G1 X617.00 Y-99.00 F1200
G1 X617.00 Y-98.00 F1200
G1 X616.00 Y-98.00 F1200
G1 X613.00 Y-101.00 F1200
G1 X612.00 Y-101.00 F1200
G1 X610.00 Y-103.00 F1200
G1 X609.00 Y-102.00 F1200
G1 X609.00 Y-94.00 F1200
G1 X611.00 Y-92.00 F1200
G1 X613.00 Y-92.00 F1200
G1 X616.00 Y-95.00 F1200
G1 X617.00 Y-95.00 F1200
G1 X617.00 Y-94.00 F1200
G1 X618.00 Y-93.00 F1200
G1 X619.00 Y-93.00 F1200
G1 X620.00 Y-92.00 F1200
G1 X621.00 Y-93.00 F1200
G1 X623.00 Y-93.00 F1200
G1 X624.00 Y-92.00 F1200
G1 X626.00 Y-92.00 F1200
G1 X628.00 Y-94.00 F1200
G1 X628.00 Y-93.00 F1200
G1 X627.00 Y-93.00 F1200
G1 X626.00 Y-92.00 F1200
G1 X624.00 Y-92.00 F1200
G1 X623.00 Y-93.00 F1200
G1 X621.00 Y-93.00 F1200
G1 X620.00 Y-92.00 F1200
G1 X619.00 Y-93.00 F1200
G1 X614.00 Y-93.00 F1200
G1 X613.00 Y-92.00 F1200
G0 Z3.0
G0 X566.00 Y-92.00 F1200
G0 Z-0.2 ; Descendre pour dessiner
G1 X565.00 Y-93.00 F1200
G1 X563.00 Y-93.00 F1200
G1 X563.00 Y-100.00 F1200
G1 X565.00 Y-100.00 F1200
G1 X566.00 Y-101.00 F1200
G1 X567.00 Y-101.00 F1200
G1 X568.00 Y-100.00 F1200
G1 X572.00 Y-100.00 F1200
G1 X573.00 Y-101.00 F1200
G1 X574.00 Y-101.00 F1200
G1 X575.00 Y-100.00 F1200
G1 X580.00 Y-100.00 F1200
G1 X581.00 Y-101.00 F1200
G1 X582.00 Y-101.00 F1200
G1 X583.00 Y-100.00 F1200
G1 X585.00 Y-100.00 F1200
G1 X585.00 Y-97.00 F1200
G1 X584.00 Y-96.00 F1200
G1 X584.00 Y-93.00 F1200
G1 X583.00 Y-93.00 F1200
G1 X582.00 Y-92.00 F1200
G1 X581.00 Y-92.00 F1200
G1 X580.00 Y-93.00 F1200
G1 X576.00 Y-93.00 F1200
G1 X575.00 Y-92.00 F1200
G1 X573.00 Y-92.00 F1200
G1 X572.00 Y-93.00 F1200
G1 X571.00 Y-93.00 F1200
G1 X570.00 Y-94.00 F1200
G1 X569.00 Y-93.00 F1200
G1 X568.00 Y-93.00 F1200
G1 X567.00 Y-92.00 F1200
G0 Z3.0
G0 X572.00 Y-100.00 F1200
G0 Z-0.2 ; Descendre pour dessiner
G1 X573.00 Y-99.00 F1200
G1 X574.00 Y-99.00 F1200
G1 X575.00 Y-100.00 F1200
G1 X574.00 Y-101.00 F1200
G1 X573.00 Y-101.00 F1200
G0 Z3.0
G0 X568.00 Y-95.00 F1200
G0 Z-0.2 ; Descendre pour dessiner
G1 X569.00 Y-94.00 F1200
G1 X570.00 Y-94.00 F1200
G1 X571.00 Y-95.00 F1200
G1 X570.00 Y-96.00 F1200
G1 X570.00 Y-97.00 F1200
G1 X569.00 Y-98.00 F1200
G1 X566.00 Y-98.00 F1200
G1 X565.00 Y-97.00 F1200
G1 X565.00 Y-96.00 F1200
G1 X566.00 Y-95.00 F1200
G0 Z3.0
G0 X580.00 Y-93.00 F1200
G0 Z-0.2 ; Descendre pour dessiner
G1 X581.00 Y-92.00 F1200
G1 X582.00 Y-92.00 F1200
G1 X583.00 Y-93.00 F1200
G1 X582.00 Y-94.00 F1200
G1 X581.00 Y-94.00 F1200
G0 Z3.0
G0 X572.00 Y-93.00 F1200
G0 Z-0.2 ; Descendre pour dessiner
G1 X573.00 Y-92.00 F1200
G1 X575.00 Y-92.00 F1200
G1 X576.00 Y-93.00 F1200
G1 X580.00 Y-93.00 F1200
G1 X581.00 Y-94.00 F1200
G1 X581.00 Y-96.00 F1200
G1 X582.00 Y-96.00 F1200
G1 X581.00 Y-95.00 F1200
G1 X583.00 Y-93.00 F1200
G1 X584.00 Y-94.00 F1200
G1 X584.00 Y-97.00 F1200
G1 X585.00 Y-98.00 F1200
G1 X585.00 Y-99.00 F1200
G1 X584.00 Y-100.00 F1200
G1 X583.00 Y-100.00 F1200
G1 X582.00 Y-101.00 F1200
G1 X581.00 Y-101.00 F1200
G1 X580.00 Y-100.00 F1200
G1 X575.00 Y-100.00 F1200
G1 X574.00 Y-99.00 F1200
G1 X575.00 Y-98.00 F1200
G1 X575.00 Y-95.00 F1200
G1 X574.00 Y-94.00 F1200
G1 X573.00 Y-94.00 F1200
G0 Z3.0
G0 X565.00 Y-93.00 F1200
G0 Z-0.2 ; Descendre pour dessiner
G1 X566.00 Y-92.00 F1200
G1 X567.00 Y-92.00 F1200
G1 X569.00 Y-94.00 F1200
G1 X568.00 Y-95.00 F1200
G1 X566.00 Y-95.00 F1200
G1 X565.00 Y-96.00 F1200
G1 X565.00 Y-97.00 F1200
G1 X566.00 Y-98.00 F1200
G1 X569.00 Y-98.00 F1200
G1 X570.00 Y-97.00 F1200
G1 X570.00 Y-96.00 F1200
G1 X571.00 Y-95.00 F1200
G1 X571.00 Y-94.00 F1200
G1 X572.00 Y-93.00 F1200
G1 X573.00 Y-94.00 F1200
G1 X574.00 Y-94.00 F1200
G1 X575.00 Y-95.00 F1200
G1 X575.00 Y-96.00 F1200
G1 X574.00 Y-97.00 F1200
G1 X573.00 Y-96.00 F1200
G1 X573.00 Y-99.00 F1200
G1 X572.00 Y-100.00 F1200
G1 X568.00 Y-100.00 F1200
G1 X567.00 Y-101.00 F1200
G1 X566.00 Y-101.00 F1200
G1 X565.00 Y-100.00 F1200
G1 X564.00 Y-100.00 F1200
G1 X563.00 Y-99.00 F1200
G1 X563.00 Y-94.00 F1200
G1 X564.00 Y-93.00 F1200
G0 Z3.0
G0 X546.00 Y-92.00 F1200
G0 Z-0.2 ; Descendre pour dessiner
G1 X545.00 Y-93.00 F1200
G1 X544.00 Y-93.00 F1200
G1 X544.00 Y-100.00 F1200
G1 X546.00 Y-100.00 F1200
G1 X547.00 Y-101.00 F1200
G1 X548.00 Y-101.00 F1200
G1 X549.00 Y-100.00 F1200
G1 X553.00 Y-100.00 F1200
G1 X553.00 Y-96.00 F1200
G1 X554.00 Y-95.00 F1200
G1 X555.00 Y-95.00 F1200
G1 X556.00 Y-96.00 F1200
G1 X556.00 Y-100.00 F1200
G1 X558.00 Y-100.00 F1200
G1 X558.00 Y-93.00 F1200
G1 X557.00 Y-93.00 F1200
G1 X556.00 Y-92.00 F1200
G1 X554.00 Y-92.00 F1200
G1 X553.00 Y-93.00 F1200
G1 X549.00 Y-93.00 F1200
G1 X548.00 Y-92.00 F1200
G0 Z3.0
G0 X546.00 Y-100.00 F1200
G0 Z-0.2 ; Descendre pour dessiner
G1 X547.00 Y-99.00 F1200
G1 X548.00 Y-99.00 F1200
G1 X549.00 Y-100.00 F1200
G1 X548.00 Y-101.00 F1200
G1 X547.00 Y-101.00 F1200
G0 Z3.0
G0 X546.00 Y-98.00 F1200
G0 Z-0.2 ; Descendre pour dessiner
G1 X547.00 Y-97.00 F1200
G1 X548.00 Y-97.00 F1200
G1 X549.00 Y-98.00 F1200
G1 X548.00 Y-99.00 F1200
G1 X547.00 Y-99.00 F1200
G0 Z3.0
G0 X546.00 Y-92.00 F1200
G0 Z-0.2 ; Descendre pour dessiner
G1 X548.00 Y-92.00 F1200
G1 X549.00 Y-93.00 F1200
G1 X553.00 Y-93.00 F1200
G1 X554.00 Y-92.00 F1200
G1 X556.00 Y-92.00 F1200
G1 X558.00 Y-94.00 F1200
G1 X558.00 Y-99.00 F1200
G1 X557.00 Y-100.00 F1200
G1 X556.00 Y-99.00 F1200
G1 X556.00 Y-96.00 F1200
G1 X555.00 Y-95.00 F1200
G1 X554.00 Y-95.00 F1200
G1 X553.00 Y-96.00 F1200
G1 X553.00 Y-99.00 F1200
G1 X552.00 Y-100.00 F1200
G1 X549.00 Y-100.00 F1200
G1 X548.00 Y-99.00 F1200
G1 X549.00 Y-98.00 F1200
G1 X549.00 Y-97.00 F1200
G1 X547.00 Y-97.00 F1200
G1 X546.00 Y-96.00 F1200
G1 X546.00 Y-95.00 F1200
G1 X546.00 Y-98.00 F1200
G1 X547.00 Y-99.00 F1200
G1 X546.00 Y-100.00 F1200
G1 X545.00 Y-100.00 F1200
G1 X544.00 Y-99.00 F1200
G1 X544.00 Y-94.00 F1200
G0 Z3.0
G0 X506.00 Y-92.00 F1200
G0 Z-0.2 ; Descendre pour dessiner
G1 X505.00 Y-93.00 F1200
G1 X504.00 Y-93.00 F1200
G1 X504.00 Y-103.00 F1200
G1 X506.00 Y-103.00 F1200
G1 X506.00 Y-102.00 F1200
G1 X507.00 Y-101.00 F1200
G1 X508.00 Y-101.00 F1200
G1 X509.00 Y-100.00 F1200
G1 X510.00 Y-100.00 F1200
G1 X510.00 Y-98.00 F1200
G1 X510.00 Y-99.00 F1200
G1 X508.00 Y-101.00 F1200
G1 X507.00 Y-101.00 F1200
G1 X505.00 Y-103.00 F1200
G1 X504.00 Y-102.00 F1200
G1 X504.00 Y-94.00 F1200
G1 X506.00 Y-92.00 F1200
G1 X508.00 Y-92.00 F1200
G1 X510.00 Y-94.00 F1200
G1 X510.00 Y-95.00 F1200
G1 X512.00 Y-97.00 F1200
G1 X512.00 Y-103.00 F1200
G1 X514.00 Y-103.00 F1200
G1 X514.00 Y-102.00 F1200
G1 X515.00 Y-101.00 F1200
G1 X516.00 Y-101.00 F1200
G1 X517.00 Y-100.00 F1200
G1 X518.00 Y-100.00 F1200
G1 X519.00 Y-99.00 F1200
G1 X520.00 Y-100.00 F1200
G1 X521.00 Y-100.00 F1200
G1 X522.00 Y-101.00 F1200
G1 X524.00 Y-101.00 F1200
G1 X525.00 Y-100.00 F1200
G1 X529.00 Y-100.00 F1200
G1 X530.00 Y-101.00 F1200
G1 X531.00 Y-101.00 F1200
G1 X532.00 Y-100.00 F1200
G1 X537.00 Y-100.00 F1200
G1 X537.00 Y-96.00 F1200
G1 X539.00 Y-94.00 F1200
G1 X539.00 Y-93.00 F1200
G1 X538.00 Y-92.00 F1200
G1 X537.00 Y-93.00 F1200
G1 X532.00 Y-93.00 F1200
G1 X532.00 Y-97.00 F1200
G1 X531.00 Y-98.00 F1200
G1 X530.00 Y-98.00 F1200
G1 X529.00 Y-97.00 F1200
G1 X529.00 Y-93.00 F1200
G1 X525.00 Y-93.00 F1200
G1 X524.00 Y-92.00 F1200
G1 X522.00 Y-92.00 F1200
G1 X521.00 Y-93.00 F1200
G1 X520.00 Y-93.00 F1200
G1 X519.00 Y-94.00 F1200
G1 X518.00 Y-93.00 F1200
G1 X517.00 Y-93.00 F1200
G1 X516.00 Y-92.00 F1200
G1 X514.00 Y-92.00 F1200
G1 X513.00 Y-93.00 F1200
G1 X509.00 Y-93.00 F1200
G1 X508.00 Y-92.00 F1200
G0 Z3.0
G0 X510.00 Y-94.00 F1200
G0 Z-0.2 ; Descendre pour dessiner
G1 X511.00 Y-93.00 F1200
G1 X512.00 Y-94.00 F1200
G1 X512.00 Y-95.00 F1200
G1 X511.00 Y-96.00 F1200
G1 X510.00 Y-95.00 F1200
G0 Z3.0
G0 X514.00 Y-92.00 F1200
G0 Z-0.2 ; Descendre pour dessiner
G1 X516.00 Y-92.00 F1200
G1 X518.00 Y-94.00 F1200
G1 X520.00 Y-94.00 F1200
G1 X522.00 Y-92.00 F1200
G1 X524.00 Y-92.00 F1200
G1 X525.00 Y-93.00 F1200
G1 X528.00 Y-93.00 F1200
G1 X529.00 Y-94.00 F1200
G1 X529.00 Y-97.00 F1200
G1 X530.00 Y-98.00 F1200
G1 X531.00 Y-98.00 F1200
G1 X532.00 Y-97.00 F1200
G1 X532.00 Y-94.00 F1200
G1 X533.00 Y-93.00 F1200
G1 X537.00 Y-93.00 F1200
G1 X538.00 Y-92.00 F1200
G1 X539.00 Y-93.00 F1200
G1 X539.00 Y-94.00 F1200
G1 X537.00 Y-96.00 F1200
G1 X537.00 Y-99.00 F1200
G1 X536.00 Y-100.00 F1200
G1 X532.00 Y-100.00 F1200
G1 X531.00 Y-101.00 F1200
G1 X530.00 Y-101.00 F1200
G1 X529.00 Y-100.00 F1200
G1 X525.00 Y-100.00 F1200
G1 X524.00 Y-99.00 F1200
G1 X524.00 Y-98.00 F1200
G1 X525.00 Y-97.00 F1200
G1 X526.00 Y-97.00 F1200
G1 X527.00 Y-98.00 F1200
G1 X527.00 Y-97.00 F1200
G1 X523.00 Y-97.00 F1200
G1 X522.00 Y-96.00 F1200
G1 X522.00 Y-95.00 F1200
G1 X522.00 Y-98.00 F1200
G1 X523.00 Y-99.00 F1200
G1 X524.00 Y-99.00 F1200
G1 X525.00 Y-100.00 F1200
G1 X524.00 Y-101.00 F1200
G1 X522.00 Y-101.00 F1200
G1 X520.00 Y-99.00 F1200
G1 X518.00 Y-99.00 F1200
G1 X516.00 Y-101.00 F1200
G1 X515.00 Y-101.00 F1200
G1 X513.00 Y-103.00 F1200
G1 X512.00 Y-102.00 F1200
G1 X512.00 Y-94.00 F1200
G0 Z3.0
G0 X514.00 Y-96.00 F1200
G0 Z-0.2 ; Descendre pour dessiner
G1 X515.00 Y-95.00 F1200
G1 X516.00 Y-96.00 F1200
G1 X516.00 Y-97.00 F1200
G1 X515.00 Y-98.00 F1200
G1 X514.00 Y-97.00 F1200
G0 Z3.0
G0 X393.00 Y-92.00 F1200
G0 Z-0.2 ; Descendre pour dessiner
G1 X392.00 Y-93.00 F1200
G1 X390.00 Y-93.00 F1200
G1 X390.00 Y-100.00 F1200
G1 X392.00 Y-100.00 F1200
G1 X393.00 Y-101.00 F1200
G1 X394.00 Y-101.00 F1200
G1 X395.00 Y-100.00 F1200
G1 X396.00 Y-100.00 F1200
G1 X397.00 Y-99.00 F1200
G1 X398.00 Y-100.00 F1200
G1 X399.00 Y-100.00 F1200
G1 X400.00 Y-101.00 F1200
G1 X402.00 Y-101.00 F1200
G1 X403.00 Y-100.00 F1200
G1 X404.00 Y-100.00 F1200
G1 X404.00 Y-99.00 F1200
G1 X402.00 Y-101.00 F1200
G1 X400.00 Y-101.00 F1200
G1 X398.00 Y-99.00 F1200
G1 X396.00 Y-99.00 F1200
G1 X395.00 Y-98.00 F1200
G1 X396.00 Y-97.00 F1200
G1 X396.00 Y-96.00 F1200
G1 X395.00 Y-95.00 F1200
G1 X396.00 Y-94.00 F1200
G1 X398.00 Y-94.00 F1200
G1 X400.00 Y-92.00 F1200
G1 X402.00 Y-92.00 F1200
G1 X404.00 Y-94.00 F1200
G1 X404.00 Y-93.00 F1200
G1 X403.00 Y-93.00 F1200
G1 X402.00 Y-92.00 F1200
G1 X400.00 Y-92.00 F1200
G1 X399.00 Y-93.00 F1200
G1 X398.00 Y-93.00 F1200
G1 X397.00 Y-94.00 F1200
G1 X396.00 Y-93.00 F1200
G1 X395.00 Y-93.00 F1200
G1 X394.00 Y-92.00 F1200
G0 Z3.0
G0 X392.00 Y-96.00 F1200
G0 Z-0.2 ; Descendre pour dessiner
G1 X393.00 Y-95.00 F1200
G1 X395.00 Y-95.00 F1200
G1 X396.00 Y-96.00 F1200
G1 X396.00 Y-97.00 F1200
G1 X395.00 Y-98.00 F1200
G1 X393.00 Y-98.00 F1200
G1 X392.00 Y-97.00 F1200
G0 Z3.0
G0 X392.00 Y-93.00 F1200
G0 Z-0.2 ; Descendre pour dessiner
G1 X393.00 Y-92.00 F1200
G1 X394.00 Y-92.00 F1200
G1 X396.00 Y-94.00 F1200
G1 X395.00 Y-95.00 F1200
G1 X393.00 Y-95.00 F1200
G1 X392.00 Y-96.00 F1200
G1 X392.00 Y-97.00 F1200
G1 X393.00 Y-98.00 F1200
G1 X395.00 Y-98.00 F1200
G1 X396.00 Y-99.00 F1200
G1 X394.00 Y-101.00 F1200
G1 X393.00 Y-101.00 F1200
G1 X392.00 Y-100.00 F1200
G1 X391.00 Y-100.00 F1200
G1 X390.00 Y-99.00 F1200
G1 X390.00 Y-94.00 F1200
G1 X391.00 Y-93.00 F1200
G0 Z3.0
G0 X69.00 Y-92.00 F1200
G0 Z-0.2 ; Descendre pour dessiner
G1 X68.00 Y-93.00 F1200
G1 X67.00 Y-93.00 F1200
G1 X68.00 Y-93.00 F1200
G1 X69.00 Y-92.00 F1200
G1 X70.00 Y-92.00 F1200
G1 X71.00 Y-93.00 F1200
G1 X75.00 Y-93.00 F1200
G1 X76.00 Y-94.00 F1200
G1 X76.00 Y-97.00 F1200
G1 X77.00 Y-98.00 F1200
G1 X78.00 Y-98.00 F1200
G1 X79.00 Y-97.00 F1200
G1 X79.00 Y-94.00 F1200
G1 X80.00 Y-93.00 F1200
G1 X84.00 Y-93.00 F1200
G1 X85.00 Y-92.00 F1200
G1 X86.00 Y-93.00 F1200
G1 X86.00 Y-94.00 F1200
G1 X84.00 Y-96.00 F1200
G1 X84.00 Y-99.00 F1200
G1 X83.00 Y-100.00 F1200
G1 X79.00 Y-100.00 F1200
G1 X78.00 Y-101.00 F1200
G1 X77.00 Y-101.00 F1200
G1 X76.00 Y-100.00 F1200
G1 X71.00 Y-100.00 F1200
G1 X70.00 Y-101.00 F1200
G1 X69.00 Y-101.00 F1200
G1 X68.00 Y-100.00 F1200
G1 X67.00 Y-100.00 F1200
G1 X66.00 Y-99.00 F1200
G1 X66.00 Y-96.00 F1200
G1 X66.00 Y-100.00 F1200
G1 X68.00 Y-100.00 F1200
G1 X69.00 Y-101.00 F1200
G1 X70.00 Y-101.00 F1200
G1 X71.00 Y-100.00 F1200
G1 X76.00 Y-100.00 F1200
G1 X77.00 Y-101.00 F1200
G1 X78.00 Y-101.00 F1200
G1 X79.00 Y-100.00 F1200
G1 X84.00 Y-100.00 F1200
G1 X84.00 Y-96.00 F1200
G1 X86.00 Y-94.00 F1200
G1 X86.00 Y-93.00 F1200
G1 X85.00 Y-92.00 F1200
G1 X84.00 Y-93.00 F1200
G1 X79.00 Y-93.00 F1200
G1 X79.00 Y-97.00 F1200
G1 X78.00 Y-98.00 F1200
G1 X77.00 Y-98.00 F1200
G1 X76.00 Y-97.00 F1200
G1 X76.00 Y-93.00 F1200
G1 X71.00 Y-93.00 F1200
G1 X70.00 Y-92.00 F1200
G0 Z3.0
G0 X851.00 Y-91.00 F1200
G0 Z-0.2 ; Descendre pour dessiner
G1 X850.00 Y-92.00 F1200
G1 X849.00 Y-92.00 F1200
G1 X848.00 Y-93.00 F1200
G1 X847.00 Y-93.00 F1200
G1 X846.00 Y-92.00 F1200
G1 X845.00 Y-92.00 F1200
G1 X844.00 Y-93.00 F1200
G1 X840.00 Y-93.00 F1200
G1 X839.00 Y-92.00 F1200
G1 X837.00 Y-92.00 F1200
G1 X836.00 Y-93.00 F1200
G1 X832.00 Y-93.00 F1200
G1 X831.00 Y-92.00 F1200
G1 X829.00 Y-92.00 F1200
G1 X828.00 Y-93.00 F1200
G1 X827.00 Y-93.00 F1200
G1 X826.00 Y-92.00 F1200
G1 X823.00 Y-92.00 F1200
G1 X822.00 Y-93.00 F1200
G1 X819.00 Y-93.00 F1200
G1 X818.00 Y-92.00 F1200
G1 X816.00 Y-92.00 F1200
G1 X815.00 Y-93.00 F1200
G1 X812.00 Y-93.00 F1200
G1 X811.00 Y-92.00 F1200
G1 X809.00 Y-92.00 F1200
G1 X808.00 Y-93.00 F1200
G1 X804.00 Y-93.00 F1200
G1 X803.00 Y-92.00 F1200
G1 X801.00 Y-92.00 F1200
G1 X800.00 Y-93.00 F1200
G1 X795.00 Y-93.00 F1200
G1 X794.00 Y-92.00 F1200
G1 X793.00 Y-92.00 F1200
G1 X792.00 Y-93.00 F1200
G1 X788.00 Y-93.00 F1200
G1 X787.00 Y-92.00 F1200
G1 X785.00 Y-92.00 F1200
G1 X784.00 Y-93.00 F1200
G1 X783.00 Y-93.00 F1200
G1 X782.00 Y-94.00 F1200
G1 X782.00 Y-99.00 F1200
G1 X783.00 Y-100.00 F1200
G1 X784.00 Y-100.00 F1200
G1 X785.00 Y-101.00 F1200
G1 X787.00 Y-101.00 F1200
G1 X788.00 Y-100.00 F1200
G1 X792.00 Y-100.00 F1200
G1 X793.00 Y-101.00 F1200
G1 X794.00 Y-101.00 F1200
G1 X795.00 Y-100.00 F1200
G1 X800.00 Y-100.00 F1200
G1 X800.00 Y-96.00 F1200
G1 X801.00 Y-95.00 F1200
G1 X802.00 Y-95.00 F1200
G1 X803.00 Y-96.00 F1200
G1 X803.00 Y-100.00 F1200
G1 X808.00 Y-100.00 F1200
G1 X809.00 Y-101.00 F1200
G1 X810.00 Y-101.00 F1200
G1 X811.00 Y-100.00 F1200
G1 X816.00 Y-100.00 F1200
G1 X817.00 Y-101.00 F1200
G1 X818.00 Y-101.00 F1200
G1 X819.00 Y-100.00 F1200
G1 X823.00 Y-100.00 F1200
G1 X823.00 Y-96.00 F1200
G1 X824.00 Y-95.00 F1200
G1 X825.00 Y-95.00 F1200
G1 X826.00 Y-96.00 F1200
G1 X826.00 Y-100.00 F1200
G1 X828.00 Y-100.00 F1200
G1 X828.00 Y-96.00 F1200
G1 X829.00 Y-95.00 F1200
G1 X830.00 Y-95.00 F1200
G1 X831.00 Y-96.00 F1200
G1 X831.00 Y-100.00 F1200
G1 X836.00 Y-100.00 F1200
G1 X837.00 Y-101.00 F1200
G1 X838.00 Y-101.00 F1200
G1 X839.00 Y-100.00 F1200
G1 X844.00 Y-100.00 F1200
G1 X844.00 Y-96.00 F1200
G1 X845.00 Y-95.00 F1200
G1 X846.00 Y-95.00 F1200
G1 X847.00 Y-96.00 F1200
G1 X847.00 Y-100.00 F1200
G1 X852.00 Y-100.00 F1200
G1 X853.00 Y-101.00 F1200
G1 X854.00 Y-100.00 F1200
G1 X854.00 Y-98.00 F1200
G1 X853.00 Y-97.00 F1200
G1 X853.00 Y-95.00 F1200
G1 X854.00 Y-94.00 F1200
G1 X854.00 Y-92.00 F1200
G1 X853.00 Y-91.00 F1200
G0 Z3.0
G0 X836.00 Y-100.00 F1200
G0 Z-0.2 ; Descendre pour dessiner
G1 X837.00 Y-99.00 F1200
G1 X838.00 Y-99.00 F1200
G1 X839.00 Y-100.00 F1200
G1 X838.00 Y-101.00 F1200
G1 X837.00 Y-101.00 F1200
G0 Z3.0
G0 X816.00 Y-100.00 F1200
G0 Z-0.2 ; Descendre pour dessiner
G1 X817.00 Y-99.00 F1200
G1 X818.00 Y-99.00 F1200
G1 X819.00 Y-100.00 F1200
G1 X818.00 Y-101.00 F1200
G1 X817.00 Y-101.00 F1200
G0 Z3.0
G0 X816.00 Y-98.00 F1200
G0 Z-0.2 ; Descendre pour dessiner
G1 X817.00 Y-97.00 F1200
G1 X818.00 Y-97.00 F1200
G1 X819.00 Y-98.00 F1200
G1 X818.00 Y-99.00 F1200
G1 X817.00 Y-99.00 F1200
G0 Z3.0
G0 X849.00 Y-95.00 F1200
G0 Z-0.2 ; Descendre pour dessiner
G1 X850.00 Y-94.00 F1200
G1 X851.00 Y-95.00 F1200
G1 X851.00 Y-99.00 F1200
G1 X850.00 Y-100.00 F1200
G1 X849.00 Y-99.00 F1200
G0 Z3.0
G0 X848.00 Y-93.00 F1200
G0 Z-0.2 ; Descendre pour dessiner
G1 X849.00 Y-92.00 F1200
G1 X850.00 Y-93.00 F1200
G1 X850.00 Y-94.00 F1200
G1 X849.00 Y-95.00 F1200
G1 X848.00 Y-94.00 F1200
G0 Z3.0
G0 X836.00 Y-93.00 F1200
G0 Z-0.2 ; Descendre pour dessiner
G1 X837.00 Y-92.00 F1200
G1 X839.00 Y-92.00 F1200
G1 X840.00 Y-93.00 F1200
G1 X844.00 Y-93.00 F1200
G1 X845.00 Y-92.00 F1200
G1 X846.00 Y-92.00 F1200
G1 X849.00 Y-95.00 F1200
G1 X849.00 Y-99.00 F1200
G1 X848.00 Y-100.00 F1200
G1 X847.00 Y-99.00 F1200
G1 X847.00 Y-96.00 F1200
G1 X846.00 Y-95.00 F1200
G1 X845.00 Y-95.00 F1200
G1 X844.00 Y-96.00 F1200
G1 X844.00 Y-99.00 F1200
G1 X843.00 Y-100.00 F1200
G1 X839.00 Y-100.00 F1200
G1 X838.00 Y-99.00 F1200
G1 X839.00 Y-98.00 F1200
G1 X838.00 Y-97.00 F1200
G1 X839.00 Y-96.00 F1200
G1 X838.00 Y-95.00 F1200
G1 X838.00 Y-94.00 F1200
G1 X837.00 Y-94.00 F1200
G0 Z3.0
G0 X784.00 Y-93.00 F1200
G0 Z-0.2 ; Descendre pour dessiner
G1 X785.00 Y-92.00 F1200
G1 X787.00 Y-92.00 F1200
G1 X788.00 Y-93.00 F1200
G1 X792.00 Y-93.00 F1200
G1 X793.00 Y-92.00 F1200
G1 X794.00 Y-92.00 F1200
G1 X795.00 Y-93.00 F1200
G1 X800.00 Y-93.00 F1200
G1 X801.00 Y-92.00 F1200
G1 X803.00 Y-92.00 F1200
G1 X804.00 Y-93.00 F1200
G1 X808.00 Y-93.00 F1200
G1 X809.00 Y-92.00 F1200
G1 X811.00 Y-92.00 F1200
G1 X812.00 Y-93.00 F1200
G1 X815.00 Y-93.00 F1200
G1 X816.00 Y-92.00 F1200
G1 X818.00 Y-92.00 F1200
G1 X819.00 Y-93.00 F1200
G1 X822.00 Y-93.00 F1200
G1 X823.00 Y-92.00 F1200
G1 X826.00 Y-92.00 F1200
G1 X827.00 Y-93.00 F1200
G1 X828.00 Y-93.00 F1200
G1 X829.00 Y-92.00 F1200
G1 X831.00 Y-92.00 F1200
G1 X832.00 Y-93.00 F1200
G1 X836.00 Y-93.00 F1200
G1 X838.00 Y-95.00 F1200
G1 X837.00 Y-96.00 F1200
G1 X837.00 Y-97.00 F1200
G1 X838.00 Y-97.00 F1200
G1 X839.00 Y-98.00 F1200
G1 X838.00 Y-99.00 F1200
G1 X837.00 Y-99.00 F1200
G1 X836.00 Y-100.00 F1200
G1 X832.00 Y-100.00 F1200
G1 X831.00 Y-99.00 F1200
G1 X831.00 Y-96.00 F1200
G1 X830.00 Y-95.00 F1200
G1 X829.00 Y-95.00 F1200
G1 X828.00 Y-96.00 F1200
G1 X828.00 Y-99.00 F1200
G1 X827.00 Y-100.00 F1200
G1 X826.00 Y-99.00 F1200
G1 X826.00 Y-96.00 F1200
G1 X825.00 Y-95.00 F1200
G1 X824.00 Y-95.00 F1200
G1 X823.00 Y-96.00 F1200
G1 X823.00 Y-99.00 F1200
G1 X822.00 Y-100.00 F1200
G1 X819.00 Y-100.00 F1200
G1 X818.00 Y-99.00 F1200
G1 X819.00 Y-98.00 F1200
G1 X819.00 Y-97.00 F1200
G1 X817.00 Y-97.00 F1200
G1 X816.00 Y-96.00 F1200
G1 X816.00 Y-95.00 F1200
G1 X816.00 Y-98.00 F1200
G1 X817.00 Y-99.00 F1200
G1 X816.00 Y-100.00 F1200
G1 X811.00 Y-100.00 F1200
G1 X810.00 Y-101.00 F1200
G1 X809.00 Y-101.00 F1200
G1 X808.00 Y-100.00 F1200
G1 X804.00 Y-100.00 F1200
G1 X803.00 Y-99.00 F1200
G1 X803.00 Y-96.00 F1200
G1 X802.00 Y-95.00 F1200
G1 X801.00 Y-95.00 F1200
G1 X800.00 Y-96.00 F1200
G1 X800.00 Y-99.00 F1200
G1 X799.00 Y-100.00 F1200
G1 X795.00 Y-100.00 F1200
G1 X794.00 Y-101.00 F1200
G1 X793.00 Y-101.00 F1200
G1 X792.00 Y-100.00 F1200
G1 X788.00 Y-100.00 F1200
G1 X787.00 Y-101.00 F1200
G1 X785.00 Y-101.00 F1200
G1 X784.00 Y-100.00 F1200
G1 X783.00 Y-100.00 F1200
G1 X782.00 Y-99.00 F1200
G1 X782.00 Y-94.00 F1200
G1 X783.00 Y-93.00 F1200
G0 Z3.0
G0 X833.00 Y-95.00 F1200
G0 Z-0.2 ; Descendre pour dessiner
G1 X833.00 Y-97.00 F1200
G1 X835.00 Y-97.00 F1200
G1 X835.00 Y-95.00 F1200
G1 X835.00 Y-96.00 F1200
G1 X834.00 Y-97.00 F1200
G1 X833.00 Y-96.00 F1200
G0 Z3.0
G0 X809.00 Y-95.00 F1200
G0 Z-0.2 ; Descendre pour dessiner
G1 X808.00 Y-96.00 F1200
G1 X808.00 Y-97.00 F1200
G1 X809.00 Y-98.00 F1200
G1 X812.00 Y-98.00 F1200
G1 X813.00 Y-97.00 F1200
G1 X813.00 Y-96.00 F1200
G1 X812.00 Y-95.00 F1200
G0 Z3.0
G0 X808.00 Y-96.00 F1200
G0 Z-0.2 ; Descendre pour dessiner
G1 X809.00 Y-95.00 F1200
G1 X812.00 Y-95.00 F1200
G1 X813.00 Y-96.00 F1200
G1 X813.00 Y-97.00 F1200
G1 X812.00 Y-98.00 F1200
G1 X809.00 Y-98.00 F1200
G1 X808.00 Y-97.00 F1200
G0 Z3.0
G0 X793.00 Y-95.00 F1200
G0 Z-0.2 ; Descendre pour dessiner
G1 X792.00 Y-96.00 F1200
G1 X792.00 Y-97.00 F1200
G1 X793.00 Y-98.00 F1200
G1 X794.00 Y-98.00 F1200
G1 X795.00 Y-97.00 F1200
G1 X795.00 Y-96.00 F1200
G1 X794.00 Y-95.00 F1200
G0 Z3.0
G0 X792.00 Y-96.00 F1200
G0 Z-0.2 ; Descendre pour dessiner
G1 X793.00 Y-95.00 F1200
G1 X794.00 Y-95.00 F1200
G1 X795.00 Y-96.00 F1200
G1 X795.00 Y-97.00 F1200
G1 X794.00 Y-98.00 F1200
G1 X793.00 Y-98.00 F1200
G1 X792.00 Y-97.00 F1200
G0 Z3.0
G0 X785.00 Y-95.00 F1200
G0 Z-0.2 ; Descendre pour dessiner
G1 X785.00 Y-98.00 F1200
G1 X788.00 Y-98.00 F1200
G1 X789.00 Y-97.00 F1200
G1 X789.00 Y-96.00 F1200
G1 X788.00 Y-95.00 F1200
G0 Z3.0
G0 X785.00 Y-96.00 F1200
G0 Z-0.2 ; Descendre pour dessiner
G1 X786.00 Y-95.00 F1200
G1 X788.00 Y-95.00 F1200
G1 X789.00 Y-96.00 F1200
G1 X789.00 Y-97.00 F1200
G1 X788.00 Y-98.00 F1200
G1 X786.00 Y-98.00 F1200
G1 X785.00 Y-97.00 F1200
G0 Z3.0
G0 X850.00 Y-92.00 F1200
G0 Z-0.2 ; Descendre pour dessiner
G1 X851.00 Y-91.00 F1200
G1 X853.00 Y-91.00 F1200
G1 X854.00 Y-92.00 F1200
G1 X854.00 Y-94.00 F1200
G1 X853.00 Y-95.00 F1200
G1 X853.00 Y-97.00 F1200
G1 X854.00 Y-98.00 F1200
G1 X854.00 Y-100.00 F1200
G1 X853.00 Y-101.00 F1200
G1 X851.00 Y-99.00 F1200
G1 X851.00 Y-94.00 F1200
G1 X850.00 Y-93.00 F1200
G0 Z3.0
G0 X427.00 Y-91.00 F1200
G0 Z-0.2 ; Descendre pour dessiner
G1 X426.00 Y-92.00 F1200
G1 X425.00 Y-92.00 F1200
G1 X424.00 Y-93.00 F1200
G1 X423.00 Y-92.00 F1200
G1 X421.00 Y-92.00 F1200
G1 X420.00 Y-93.00 F1200
G1 X415.00 Y-93.00 F1200
G1 X414.00 Y-92.00 F1200
G1 X413.00 Y-92.00 F1200
G1 X412.00 Y-93.00 F1200
G1 X411.00 Y-93.00 F1200
G1 X410.00 Y-92.00 F1200
G1 X408.00 Y-92.00 F1200
G1 X407.00 Y-93.00 F1200
G1 X406.00 Y-93.00 F1200
G1 X406.00 Y-94.00 F1200
G1 X408.00 Y-92.00 F1200
G1 X410.00 Y-92.00 F1200
G1 X411.00 Y-93.00 F1200
G1 X412.00 Y-93.00 F1200
G1 X413.00 Y-92.00 F1200
G1 X414.00 Y-92.00 F1200
G1 X415.00 Y-93.00 F1200
G1 X420.00 Y-93.00 F1200
G1 X421.00 Y-92.00 F1200
G1 X423.00 Y-92.00 F1200
G1 X424.00 Y-93.00 F1200
G1 X425.00 Y-92.00 F1200
G1 X427.00 Y-94.00 F1200
G1 X427.00 Y-100.00 F1200
G1 X428.00 Y-100.00 F1200
G1 X429.00 Y-101.00 F1200
G1 X430.00 Y-100.00 F1200
G1 X433.00 Y-100.00 F1200
G1 X434.00 Y-101.00 F1200
G1 X435.00 Y-101.00 F1200
G1 X436.00 Y-100.00 F1200
G1 X438.00 Y-100.00 F1200
G1 X438.00 Y-94.00 F1200
G1 X437.00 Y-93.00 F1200
G1 X436.00 Y-93.00 F1200
G1 X435.00 Y-92.00 F1200
G1 X434.00 Y-92.00 F1200
G1 X433.00 Y-93.00 F1200
G1 X432.00 Y-93.00 F1200
G1 X431.00 Y-94.00 F1200
G1 X430.00 Y-93.00 F1200
G1 X430.00 Y-92.00 F1200
G1 X429.00 Y-91.00 F1200
G0 Z3.0
G0 X433.00 Y-100.00 F1200
G0 Z-0.2 ; Descendre pour dessiner
G1 X434.00 Y-99.00 F1200
G1 X435.00 Y-99.00 F1200
G1 X436.00 Y-100.00 F1200
G1 X435.00 Y-101.00 F1200
G1 X434.00 Y-101.00 F1200
G0 Z3.0
G0 X433.00 Y-93.00 F1200
G0 Z-0.2 ; Descendre pour dessiner
G1 X434.00 Y-92.00 F1200
G1 X435.00 Y-92.00 F1200
G1 X436.00 Y-93.00 F1200
G1 X435.00 Y-94.00 F1200
G1 X434.00 Y-94.00 F1200
G0 Z3.0
G0 X426.00 Y-92.00 F1200
G0 Z-0.2 ; Descendre pour dessiner
G1 X427.00 Y-91.00 F1200
G1 X429.00 Y-91.00 F1200
G1 X430.00 Y-92.00 F1200
G1 X430.00 Y-93.00 F1200
G1 X429.00 Y-94.00 F1200
G1 X429.00 Y-98.00 F1200
G1 X429.00 Y-94.00 F1200
G1 X430.00 Y-93.00 F1200
G1 X431.00 Y-94.00 F1200
G1 X431.00 Y-98.00 F1200
G1 X431.00 Y-94.00 F1200
G1 X432.00 Y-93.00 F1200
G1 X433.00 Y-93.00 F1200
G1 X434.00 Y-94.00 F1200
G1 X433.00 Y-95.00 F1200
G1 X434.00 Y-94.00 F1200
G1 X435.00 Y-95.00 F1200
G1 X435.00 Y-94.00 F1200
G1 X436.00 Y-93.00 F1200
G1 X437.00 Y-93.00 F1200
G1 X438.00 Y-94.00 F1200
G1 X438.00 Y-99.00 F1200
G1 X437.00 Y-100.00 F1200
G1 X436.00 Y-100.00 F1200
G1 X435.00 Y-99.00 F1200
G1 X434.00 Y-99.00 F1200
G1 X433.00 Y-98.00 F1200
G1 X434.00 Y-97.00 F1200
G1 X436.00 Y-97.00 F1200
G1 X433.00 Y-97.00 F1200
G1 X433.00 Y-98.00 F1200
G1 X434.00 Y-99.00 F1200
G1 X433.00 Y-100.00 F1200
G1 X430.00 Y-100.00 F1200
G1 X429.00 Y-101.00 F1200
G1 X427.00 Y-99.00 F1200
G1 X427.00 Y-94.00 F1200
G1 X426.00 Y-93.00 F1200
G0 Z3.0
G0 X370.00 Y-91.00 F1200
G0 Z-0.2 ; Descendre pour dessiner
G1 X369.00 Y-92.00 F1200
G1 X368.00 Y-92.00 F1200
G1 X367.00 Y-93.00 F1200
G1 X366.00 Y-93.00 F1200
G1 X365.00 Y-92.00 F1200
G1 X363.00 Y-92.00 F1200
G1 X362.00 Y-93.00 F1200
G1 X355.00 Y-93.00 F1200
G1 X356.00 Y-94.00 F1200
G1 X356.00 Y-95.00 F1200
G1 X357.00 Y-96.00 F1200
G1 X358.00 Y-95.00 F1200
G1 X359.00 Y-96.00 F1200
G1 X359.00 Y-99.00 F1200
G1 X358.00 Y-100.00 F1200
G1 X356.00 Y-100.00 F1200
G1 X355.00 Y-99.00 F1200
G1 X355.00 Y-98.00 F1200
G1 X354.00 Y-97.00 F1200
G1 X354.00 Y-95.00 F1200
G1 X353.00 Y-94.00 F1200
G1 X354.00 Y-95.00 F1200
G1 X354.00 Y-97.00 F1200
G1 X355.00 Y-98.00 F1200
G1 X355.00 Y-100.00 F1200
G1 X358.00 Y-100.00 F1200
G1 X359.00 Y-99.00 F1200
G1 X359.00 Y-96.00 F1200
G1 X358.00 Y-95.00 F1200
G1 X358.00 Y-94.00 F1200
G1 X359.00 Y-93.00 F1200
G1 X362.00 Y-93.00 F1200
G1 X363.00 Y-92.00 F1200
G1 X365.00 Y-92.00 F1200
G1 X368.00 Y-95.00 F1200
G1 X368.00 Y-99.00 F1200
G1 X367.00 Y-100.00 F1200
G1 X366.00 Y-100.00 F1200
G1 X365.00 Y-101.00 F1200
G1 X363.00 Y-101.00 F1200
G1 X361.00 Y-99.00 F1200
G1 X361.00 Y-96.00 F1200
G1 X361.00 Y-100.00 F1200
G1 X362.00 Y-100.00 F1200
G1 X363.00 Y-101.00 F1200
G1 X365.00 Y-101.00 F1200
G1 X366.00 Y-100.00 F1200
G1 X367.00 Y-100.00 F1200
G1 X368.00 Y-99.00 F1200
G1 X368.00 Y-95.00 F1200
G1 X369.00 Y-94.00 F1200
G1 X370.00 Y-95.00 F1200
G1 X370.00 Y-100.00 F1200
G1 X371.00 Y-100.00 F1200
G1 X372.00 Y-101.00 F1200
G1 X373.00 Y-101.00 F1200
G1 X374.00 Y-100.00 F1200
G1 X376.00 Y-100.00 F1200
G1 X376.00 Y-95.00 F1200
G1 X376.00 Y-99.00 F1200
G1 X375.00 Y-100.00 F1200
G1 X374.00 Y-100.00 F1200
G1 X373.00 Y-101.00 F1200
G1 X372.00 Y-101.00 F1200
G1 X370.00 Y-99.00 F1200
G1 X370.00 Y-94.00 F1200
G1 X369.00 Y-93.00 F1200
G1 X369.00 Y-92.00 F1200
G1 X370.00 Y-91.00 F1200
G1 X372.00 Y-91.00 F1200
G1 X373.00 Y-92.00 F1200
G1 X372.00 Y-93.00 F1200
G1 X372.00 Y-98.00 F1200
G1 X374.00 Y-98.00 F1200
G1 X374.00 Y-94.00 F1200
G1 X375.00 Y-93.00 F1200
G1 X376.00 Y-93.00 F1200
G1 X377.00 Y-92.00 F1200
G1 X378.00 Y-93.00 F1200
G1 X380.00 Y-93.00 F1200
G1 X381.00 Y-92.00 F1200
G1 X383.00 Y-92.00 F1200
G1 X385.00 Y-94.00 F1200
G1 X385.00 Y-96.00 F1200
G1 X384.00 Y-97.00 F1200
G1 X382.00 Y-97.00 F1200
G1 X381.00 Y-96.00 F1200
G1 X381.00 Y-95.00 F1200
G1 X381.00 Y-98.00 F1200
G1 X382.00 Y-99.00 F1200
G1 X383.00 Y-99.00 F1200
G1 X384.00 Y-100.00 F1200
G1 X383.00 Y-101.00 F1200
G1 X381.00 Y-101.00 F1200
G1 X380.00 Y-100.00 F1200
G1 X379.00 Y-100.00 F1200
G1 X378.00 Y-99.00 F1200
G1 X378.00 Y-95.00 F1200
G1 X378.00 Y-99.00 F1200
G1 X379.00 Y-100.00 F1200
G1 X380.00 Y-100.00 F1200
G1 X381.00 Y-101.00 F1200
G1 X383.00 Y-101.00 F1200
G1 X384.00 Y-100.00 F1200
G1 X385.00 Y-100.00 F1200
G1 X385.00 Y-93.00 F1200
G1 X384.00 Y-93.00 F1200
G1 X383.00 Y-92.00 F1200
G1 X381.00 Y-92.00 F1200
G1 X380.00 Y-93.00 F1200
G1 X378.00 Y-93.00 F1200
G1 X377.00 Y-92.00 F1200
G1 X376.00 Y-93.00 F1200
G1 X374.00 Y-93.00 F1200
G1 X372.00 Y-91.00 F1200
G0 Z3.0
G0 X383.00 Y-98.00 F1200
G0 Z-0.2 ; Descendre pour dessiner
G1 X384.00 Y-97.00 F1200
G1 X385.00 Y-98.00 F1200
G1 X385.00 Y-99.00 F1200
G1 X384.00 Y-100.00 F1200
G1 X383.00 Y-99.00 F1200
G0 Z3.0
G0 X372.00 Y-95.00 F1200
G0 Z-0.2 ; Descendre pour dessiner
G1 X373.00 Y-94.00 F1200
G1 X374.00 Y-95.00 F1200
G1 X374.00 Y-97.00 F1200
G1 X373.00 Y-98.00 F1200
G1 X372.00 Y-97.00 F1200
G0 Z3.0
G0 X356.00 Y-94.00 F1200
G0 Z-0.2 ; Descendre pour dessiner
G1 X357.00 Y-93.00 F1200
G1 X358.00 Y-94.00 F1200
G1 X358.00 Y-95.00 F1200
G1 X357.00 Y-96.00 F1200
G1 X356.00 Y-95.00 F1200
G0 Z3.0
G0 X367.00 Y-93.00 F1200
G0 Z-0.2 ; Descendre pour dessiner
G1 X368.00 Y-92.00 F1200
G1 X369.00 Y-93.00 F1200
G1 X369.00 Y-94.00 F1200
G1 X368.00 Y-95.00 F1200
G1 X367.00 Y-94.00 F1200
G0 Z3.0
G0 X141.00 Y-91.00 F1200
G0 Z-0.2 ; Descendre pour dessiner
G1 X140.00 Y-92.00 F1200
G1 X138.00 Y-92.00 F1200
G1 X137.00 Y-93.00 F1200
G1 X133.00 Y-93.00 F1200
G1 X133.00 Y-97.00 F1200
G1 X132.00 Y-98.00 F1200
G1 X131.00 Y-98.00 F1200
G1 X130.00 Y-97.00 F1200
G1 X130.00 Y-93.00 F1200
G1 X126.00 Y-93.00 F1200
G1 X125.00 Y-92.00 F1200
G1 X123.00 Y-92.00 F1200
G1 X122.00 Y-93.00 F1200
G1 X118.00 Y-93.00 F1200
G1 X117.00 Y-94.00 F1200
G1 X116.00 Y-94.00 F1200
G1 X116.00 Y-95.00 F1200
G1 X117.00 Y-94.00 F1200
G1 X118.00 Y-95.00 F1200
G1 X117.00 Y-94.00 F1200
G1 X118.00 Y-93.00 F1200
G1 X122.00 Y-93.00 F1200
G1 X123.00 Y-92.00 F1200
G1 X125.00 Y-92.00 F1200
G1 X126.00 Y-93.00 F1200
G1 X129.00 Y-93.00 F1200
G1 X130.00 Y-94.00 F1200
G1 X130.00 Y-97.00 F1200
G1 X131.00 Y-98.00 F1200
G1 X132.00 Y-98.00 F1200
G1 X133.00 Y-97.00 F1200
G1 X133.00 Y-94.00 F1200
G1 X134.00 Y-93.00 F1200
G1 X137.00 Y-93.00 F1200
G1 X138.00 Y-92.00 F1200
G1 X140.00 Y-92.00 F1200
G1 X141.00 Y-91.00 F1200
G1 X143.00 Y-91.00 F1200
G0 Z3.0
G0 X61.00 Y-91.00 F1200
G0 Z-0.2 ; Descendre pour dessiner
G1 X59.00 Y-93.00 F1200
G1 X59.00 Y-94.00 F1200
G1 X60.00 Y-95.00 F1200
G1 X62.00 Y-95.00 F1200
G1 X62.00 Y-94.00 F1200
G1 X63.00 Y-93.00 F1200
G0 Z3.0
G0 X61.00 Y-91.00 F1200
G0 Z-0.2 ; Descendre pour dessiner
G1 X63.00 Y-93.00 F1200
G1 X61.00 Y-95.00 F1200
G1 X60.00 Y-95.00 F1200
G1 X59.00 Y-94.00 F1200
G1 X59.00 Y-93.00 F1200
G0 Z3.0
G0 X858.00 Y-91.00 F1200
G0 Z-0.2 ; Descendre pour dessiner
G1 X859.00 Y-90.00 F1200
G1 X860.00 Y-91.00 F1200
G1 X860.00 Y-99.00 F1200
G1 X859.00 Y-100.00 F1200
G1 X858.00 Y-99.00 F1200
G0 Z3.0
G0 X594.00 Y-90.00 F1200
G0 Z-0.2 ; Descendre pour dessiner
G1 X594.00 Y-91.00 F1200
G1 X593.00 Y-92.00 F1200
G1 X592.00 Y-92.00 F1200
G1 X591.00 Y-93.00 F1200
G1 X589.00 Y-93.00 F1200
G1 X589.00 Y-99.00 F1200
G1 X590.00 Y-100.00 F1200
G1 X591.00 Y-100.00 F1200
G1 X592.00 Y-101.00 F1200
G1 X594.00 Y-101.00 F1200
G1 X595.00 Y-100.00 F1200
G1 X599.00 Y-100.00 F1200
G1 X600.00 Y-101.00 F1200
G1 X602.00 Y-101.00 F1200
G1 X603.00 Y-100.00 F1200
G1 X604.00 Y-100.00 F1200
G1 X604.00 Y-93.00 F1200
G1 X603.00 Y-93.00 F1200
G1 X602.00 Y-92.00 F1200
G1 X600.00 Y-92.00 F1200
G1 X599.00 Y-93.00 F1200
G1 X598.00 Y-93.00 F1200
G1 X598.00 Y-94.00 F1200
G1 X600.00 Y-92.00 F1200
G1 X602.00 Y-92.00 F1200
G1 X604.00 Y-94.00 F1200
G1 X604.00 Y-96.00 F1200
G1 X603.00 Y-97.00 F1200
G1 X601.00 Y-97.00 F1200
G1 X600.00 Y-96.00 F1200
G1 X600.00 Y-95.00 F1200
G1 X600.00 Y-98.00 F1200
G1 X601.00 Y-99.00 F1200
G1 X602.00 Y-99.00 F1200
G1 X603.00 Y-100.00 F1200
G1 X602.00 Y-101.00 F1200
G1 X600.00 Y-101.00 F1200
G1 X598.00 Y-99.00 F1200
G1 X598.00 Y-98.00 F1200
G1 X596.00 Y-98.00 F1200
G1 X596.00 Y-99.00 F1200
G1 X594.00 Y-101.00 F1200
G1 X592.00 Y-101.00 F1200
G1 X591.00 Y-100.00 F1200
G1 X590.00 Y-100.00 F1200
G1 X589.00 Y-99.00 F1200
G1 X589.00 Y-94.00 F1200
G1 X590.00 Y-93.00 F1200
G1 X591.00 Y-93.00 F1200
G1 X592.00 Y-92.00 F1200
G1 X593.00 Y-92.00 F1200
G1 X595.00 Y-90.00 F1200
G1 X596.00 Y-91.00 F1200
G1 X596.00 Y-94.00 F1200
G1 X596.00 Y-90.00 F1200
G0 Z3.0
G0 X602.00 Y-98.00 F1200
G0 Z-0.2 ; Descendre pour dessiner
G1 X603.00 Y-97.00 F1200
G1 X604.00 Y-98.00 F1200
G1 X604.00 Y-99.00 F1200
G1 X603.00 Y-100.00 F1200
G1 X602.00 Y-99.00 F1200
G0 Z3.0
G0 X466.00 Y-90.00 F1200
G0 Z-0.2 ; Descendre pour dessiner
G1 X466.00 Y-91.00 F1200
G1 X465.00 Y-92.00 F1200
G1 X464.00 Y-92.00 F1200
G1 X463.00 Y-93.00 F1200
G1 X462.00 Y-93.00 F1200
G1 X461.00 Y-94.00 F1200
G1 X461.00 Y-99.00 F1200
G1 X462.00 Y-100.00 F1200
G1 X463.00 Y-100.00 F1200
G1 X464.00 Y-101.00 F1200
G1 X466.00 Y-101.00 F1200
G1 X467.00 Y-100.00 F1200
G1 X468.00 Y-100.00 F1200
G1 X468.00 Y-90.00 F1200
G0 Z3.0
G0 X467.00 Y-90.00 F1200
G0 Z-0.2 ; Descendre pour dessiner
G1 X468.00 Y-91.00 F1200
G1 X468.00 Y-99.00 F1200
G1 X466.00 Y-101.00 F1200
G1 X464.00 Y-101.00 F1200
G1 X463.00 Y-100.00 F1200
G1 X462.00 Y-100.00 F1200
G1 X461.00 Y-99.00 F1200
G1 X461.00 Y-94.00 F1200
G1 X462.00 Y-93.00 F1200
G1 X463.00 Y-93.00 F1200
G1 X464.00 Y-92.00 F1200
G1 X465.00 Y-92.00 F1200
G0 Z3.0
G0 X464.00 Y-96.00 F1200
G0 Z-0.2 ; Descendre pour dessiner
G1 X465.00 Y-95.00 F1200
G1 X466.00 Y-96.00 F1200
G1 X466.00 Y-97.00 F1200
G1 X465.00 Y-98.00 F1200
G1 X464.00 Y-97.00 F1200
G0 Z3.0
G0 X447.00 Y-90.00 F1200
G0 Z-0.2 ; Descendre pour dessiner
G1 X447.00 Y-91.00 F1200
G1 X446.00 Y-92.00 F1200
G1 X445.00 Y-92.00 F1200
G1 X444.00 Y-93.00 F1200
G1 X442.00 Y-93.00 F1200
G1 X442.00 Y-99.00 F1200
G1 X443.00 Y-100.00 F1200
G1 X444.00 Y-100.00 F1200
G1 X445.00 Y-101.00 F1200
G1 X447.00 Y-101.00 F1200
G1 X448.00 Y-100.00 F1200
G1 X452.00 Y-100.00 F1200
G1 X453.00 Y-101.00 F1200
G1 X455.00 Y-101.00 F1200
G1 X456.00 Y-100.00 F1200
G1 X457.00 Y-100.00 F1200
G1 X457.00 Y-93.00 F1200
G1 X455.00 Y-93.00 F1200
G1 X454.00 Y-92.00 F1200
G1 X453.00 Y-92.00 F1200
G1 X452.00 Y-93.00 F1200
G1 X451.00 Y-93.00 F1200
G1 X451.00 Y-94.00 F1200
G1 X450.00 Y-95.00 F1200
G1 X449.00 Y-94.00 F1200
G1 X449.00 Y-90.00 F1200
G0 Z3.0
G0 X452.00 Y-100.00 F1200
G0 Z-0.2 ; Descendre pour dessiner
G1 X453.00 Y-99.00 F1200
G1 X455.00 Y-99.00 F1200
G1 X456.00 Y-100.00 F1200
G1 X455.00 Y-101.00 F1200
G1 X453.00 Y-101.00 F1200
G0 Z3.0
G0 X455.00 Y-98.00 F1200
G0 Z-0.2 ; Descendre pour dessiner
G1 X456.00 Y-97.00 F1200
G1 X457.00 Y-98.00 F1200
G1 X457.00 Y-99.00 F1200
G1 X456.00 Y-100.00 F1200
G1 X455.00 Y-99.00 F1200
G0 Z3.0
G0 X452.00 Y-98.00 F1200
G0 Z-0.2 ; Descendre pour dessiner
G1 X453.00 Y-97.00 F1200
G1 X454.00 Y-97.00 F1200
G1 X455.00 Y-98.00 F1200
G1 X454.00 Y-99.00 F1200
G1 X453.00 Y-99.00 F1200
G0 Z3.0
G0 X452.00 Y-93.00 F1200
G0 Z-0.2 ; Descendre pour dessiner
G1 X453.00 Y-92.00 F1200
G1 X454.00 Y-92.00 F1200
G1 X455.00 Y-93.00 F1200
G1 X454.00 Y-94.00 F1200
G1 X453.00 Y-94.00 F1200
G0 Z3.0
G0 X448.00 Y-90.00 F1200
G0 Z-0.2 ; Descendre pour dessiner
G1 X449.00 Y-91.00 F1200
G1 X449.00 Y-95.00 F1200
G1 X451.00 Y-95.00 F1200
G1 X451.00 Y-94.00 F1200
G1 X452.00 Y-93.00 F1200
G1 X453.00 Y-94.00 F1200
G1 X453.00 Y-95.00 F1200
G1 X454.00 Y-94.00 F1200
G1 X455.00 Y-95.00 F1200
G1 X454.00 Y-94.00 F1200
G1 X455.00 Y-93.00 F1200
G1 X456.00 Y-93.00 F1200
G1 X457.00 Y-94.00 F1200
G1 X457.00 Y-96.00 F1200
G1 X456.00 Y-97.00 F1200
G1 X452.00 Y-97.00 F1200
G1 X452.00 Y-98.00 F1200
G1 X451.00 Y-99.00 F1200
G1 X450.00 Y-98.00 F1200
G1 X449.00 Y-98.00 F1200
G1 X449.00 Y-99.00 F1200
G1 X447.00 Y-101.00 F1200
G1 X445.00 Y-101.00 F1200
G1 X444.00 Y-100.00 F1200
G1 X443.00 Y-100.00 F1200
G1 X442.00 Y-99.00 F1200
G1 X442.00 Y-94.00 F1200
G1 X443.00 Y-93.00 F1200
G1 X444.00 Y-93.00 F1200
G1 X445.00 Y-92.00 F1200
G1 X446.00 Y-92.00 F1200
G0 Z3.0
G0 X445.00 Y-95.00 F1200
G0 Z-0.2 ; Descendre pour dessiner
G1 X444.00 Y-96.00 F1200
G1 X444.00 Y-97.00 F1200
G1 X445.00 Y-98.00 F1200
G1 X446.00 Y-98.00 F1200
G1 X447.00 Y-97.00 F1200
G1 X447.00 Y-96.00 F1200
G1 X446.00 Y-95.00 F1200
G0 Z3.0
G0 X444.00 Y-96.00 F1200
G0 Z-0.2 ; Descendre pour dessiner
G1 X445.00 Y-95.00 F1200
G1 X446.00 Y-95.00 F1200
G1 X447.00 Y-96.00 F1200
G1 X447.00 Y-97.00 F1200
G1 X446.00 Y-98.00 F1200
G1 X445.00 Y-98.00 F1200
G1 X444.00 Y-97.00 F1200
G0 Z3.0
G0 X165.00 Y-90.00 F1200
G0 Z-0.2 ; Descendre pour dessiner
G1 X165.00 Y-91.00 F1200
G1 X164.00 Y-92.00 F1200
G1 X163.00 Y-92.00 F1200
G1 X162.00 Y-93.00 F1200
G1 X161.00 Y-93.00 F1200
G1 X161.00 Y-100.00 F1200
G1 X162.00 Y-100.00 F1200
G1 X163.00 Y-101.00 F1200
G1 X165.00 Y-101.00 F1200
G1 X166.00 Y-100.00 F1200
G1 X167.00 Y-100.00 F1200
G1 X167.00 Y-93.00 F1200
G1 X168.00 Y-92.00 F1200
G1 X169.00 Y-93.00 F1200
G1 X169.00 Y-100.00 F1200
G1 X171.00 Y-100.00 F1200
G1 X172.00 Y-101.00 F1200
G1 X173.00 Y-101.00 F1200
G1 X174.00 Y-100.00 F1200
G1 X178.00 Y-100.00 F1200
G1 X179.00 Y-101.00 F1200
G1 X181.00 Y-101.00 F1200
G1 X182.00 Y-100.00 F1200
G1 X183.00 Y-100.00 F1200
G1 X183.00 Y-97.00 F1200
G1 X182.00 Y-97.00 F1200
G1 X181.00 Y-98.00 F1200
G1 X180.00 Y-97.00 F1200
G1 X179.00 Y-97.00 F1200
G1 X180.00 Y-97.00 F1200
G1 X181.00 Y-98.00 F1200
G1 X180.00 Y-99.00 F1200
G1 X179.00 Y-99.00 F1200
G1 X178.00 Y-100.00 F1200
G1 X174.00 Y-100.00 F1200
G1 X173.00 Y-99.00 F1200
G1 X174.00 Y-98.00 F1200
G1 X174.00 Y-97.00 F1200
G1 X171.00 Y-97.00 F1200
G1 X171.00 Y-98.00 F1200
G1 X172.00 Y-99.00 F1200
G1 X171.00 Y-100.00 F1200
G1 X170.00 Y-100.00 F1200
G1 X169.00 Y-99.00 F1200
G1 X169.00 Y-94.00 F1200
G1 X170.00 Y-93.00 F1200
G1 X171.00 Y-93.00 F1200
G1 X172.00 Y-94.00 F1200
G1 X171.00 Y-95.00 F1200
G1 X172.00 Y-94.00 F1200
G1 X173.00 Y-95.00 F1200
G1 X173.00 Y-94.00 F1200
G1 X174.00 Y-93.00 F1200
G1 X175.00 Y-94.00 F1200
G1 X175.00 Y-95.00 F1200
G1 X176.00 Y-94.00 F1200
G1 X177.00 Y-94.00 F1200
G1 X179.00 Y-92.00 F1200
G1 X180.00 Y-92.00 F1200
G1 X181.00 Y-93.00 F1200
G1 X182.00 Y-93.00 F1200
G1 X183.00 Y-94.00 F1200
G1 X182.00 Y-95.00 F1200
G1 X183.00 Y-95.00 F1200
G1 X183.00 Y-93.00 F1200
G1 X181.00 Y-93.00 F1200
G1 X180.00 Y-92.00 F1200
G1 X179.00 Y-92.00 F1200
G1 X178.00 Y-93.00 F1200
G1 X177.00 Y-93.00 F1200
G1 X176.00 Y-94.00 F1200
G1 X175.00 Y-93.00 F1200
G1 X174.00 Y-93.00 F1200
G1 X173.00 Y-92.00 F1200
G1 X172.00 Y-92.00 F1200
G1 X171.00 Y-93.00 F1200
G1 X169.00 Y-93.00 F1200
G1 X168.00 Y-92.00 F1200
G1 X168.00 Y-91.00 F1200
G1 X167.00 Y-90.00 F1200
G0 Z3.0
G0 X171.00 Y-100.00 F1200
G0 Z-0.2 ; Descendre pour dessiner
G1 X172.00 Y-99.00 F1200
G1 X173.00 Y-99.00 F1200
G1 X174.00 Y-100.00 F1200
G1 X173.00 Y-101.00 F1200
G1 X172.00 Y-101.00 F1200
G0 Z3.0
G0 X182.00 Y-97.00 F1200
G0 Z-0.2 ; Descendre pour dessiner
G1 X183.00 Y-98.00 F1200
G1 X183.00 Y-99.00 F1200
G1 X181.00 Y-101.00 F1200
G1 X179.00 Y-101.00 F1200
G1 X178.00 Y-100.00 F1200
G1 X179.00 Y-99.00 F1200
G1 X180.00 Y-99.00 F1200
G0 Z3.0
G0 X171.00 Y-98.00 F1200
G0 Z-0.2 ; Descendre pour dessiner
G1 X172.00 Y-97.00 F1200
G1 X173.00 Y-97.00 F1200
G1 X174.00 Y-98.00 F1200
G1 X173.00 Y-99.00 F1200
G1 X172.00 Y-99.00 F1200
G0 Z3.0
G0 X171.00 Y-93.00 F1200
G0 Z-0.2 ; Descendre pour dessiner
G1 X172.00 Y-92.00 F1200
G1 X173.00 Y-92.00 F1200
G1 X174.00 Y-93.00 F1200
G1 X173.00 Y-94.00 F1200
G1 X172.00 Y-94.00 F1200
G0 Z3.0
G0 X166.00 Y-90.00 F1200
G0 Z-0.2 ; Descendre pour dessiner
G1 X167.00 Y-90.00 F1200
G1 X168.00 Y-91.00 F1200
G1 X168.00 Y-92.00 F1200
G1 X167.00 Y-93.00 F1200
G1 X167.00 Y-99.00 F1200
G1 X165.00 Y-101.00 F1200
G1 X163.00 Y-101.00 F1200
G1 X161.00 Y-99.00 F1200
G1 X161.00 Y-94.00 F1200
G1 X163.00 Y-92.00 F1200
G1 X164.00 Y-92.00 F1200
G0 Z3.0
G0 X116.00 Y-90.00 F1200
G0 Z-0.2 ; Descendre pour dessiner
G1 X116.00 Y-91.00 F1200
G1 X113.00 Y-94.00 F1200
G1 X112.00 Y-93.00 F1200
G1 X111.00 Y-93.00 F1200
G1 X110.00 Y-92.00 F1200
G1 X108.00 Y-92.00 F1200
G1 X107.00 Y-93.00 F1200
G1 X106.00 Y-93.00 F1200
G1 X106.00 Y-100.00 F1200
G1 X107.00 Y-100.00 F1200
G1 X108.00 Y-101.00 F1200
G1 X110.00 Y-101.00 F1200
G1 X111.00 Y-100.00 F1200
G1 X112.00 Y-100.00 F1200
G1 X113.00 Y-99.00 F1200
G1 X114.00 Y-100.00 F1200
G1 X115.00 Y-100.00 F1200
G1 X116.00 Y-101.00 F1200
G1 X118.00 Y-101.00 F1200
G1 X119.00 Y-100.00 F1200
G1 X122.00 Y-100.00 F1200
G1 X123.00 Y-101.00 F1200
G1 X125.00 Y-101.00 F1200
G1 X126.00 Y-100.00 F1200
G1 X130.00 Y-100.00 F1200
G1 X131.00 Y-101.00 F1200
G1 X132.00 Y-101.00 F1200
G1 X133.00 Y-100.00 F1200
G1 X138.00 Y-100.00 F1200
G1 X138.00 Y-96.00 F1200
G1 X139.00 Y-95.00 F1200
G1 X140.00 Y-95.00 F1200
G1 X141.00 Y-96.00 F1200
G1 X141.00 Y-100.00 F1200
G1 X143.00 Y-100.00 F1200
G1 X143.00 Y-95.00 F1200
G1 X144.00 Y-94.00 F1200
G1 X145.00 Y-95.00 F1200
G1 X145.00 Y-100.00 F1200
G1 X146.00 Y-100.00 F1200
G1 X147.00 Y-101.00 F1200
G1 X148.00 Y-100.00 F1200
G1 X151.00 Y-100.00 F1200
G1 X152.00 Y-101.00 F1200
G1 X154.00 Y-101.00 F1200
G1 X155.00 Y-100.00 F1200
G1 X156.00 Y-100.00 F1200
G1 X156.00 Y-93.00 F1200
G1 X155.00 Y-93.00 F1200
G1 X154.00 Y-92.00 F1200
G1 X155.00 Y-91.00 F1200
G1 X154.00 Y-92.00 F1200
G1 X154.00 Y-93.00 F1200
G1 X152.00 Y-95.00 F1200
G1 X152.00 Y-98.00 F1200
G1 X153.00 Y-99.00 F1200
G1 X154.00 Y-99.00 F1200
G1 X155.00 Y-100.00 F1200
G1 X154.00 Y-101.00 F1200
G1 X152.00 Y-101.00 F1200
G1 X151.00 Y-100.00 F1200
G1 X148.00 Y-100.00 F1200
G1 X147.00 Y-101.00 F1200
G1 X145.00 Y-99.00 F1200
G1 X145.00 Y-92.00 F1200
G1 X146.00 Y-91.00 F1200
G1 X147.00 Y-91.00 F1200
G1 X148.00 Y-92.00 F1200
G1 X148.00 Y-93.00 F1200
G1 X147.00 Y-94.00 F1200
G1 X147.00 Y-98.00 F1200
G1 X147.00 Y-95.00 F1200
G1 X148.00 Y-94.00 F1200
G1 X149.00 Y-95.00 F1200
G1 X149.00 Y-98.00 F1200
G1 X149.00 Y-96.00 F1200
G1 X150.00 Y-95.00 F1200
G1 X150.00 Y-94.00 F1200
G1 X152.00 Y-92.00 F1200
G1 X152.00 Y-90.00 F1200
G1 X152.00 Y-92.00 F1200
G1 X149.00 Y-95.00 F1200
G1 X148.00 Y-94.00 F1200
G1 X148.00 Y-93.00 F1200
G1 X149.00 Y-92.00 F1200
G1 X148.00 Y-92.00 F1200
G1 X147.00 Y-91.00 F1200
G1 X145.00 Y-91.00 F1200
G1 X145.00 Y-93.00 F1200
G1 X144.00 Y-94.00 F1200
G1 X143.00 Y-93.00 F1200
G1 X142.00 Y-93.00 F1200
G1 X143.00 Y-94.00 F1200
G1 X143.00 Y-99.00 F1200
G1 X142.00 Y-100.00 F1200
G1 X141.00 Y-99.00 F1200
G1 X141.00 Y-96.00 F1200
G1 X140.00 Y-95.00 F1200
G1 X139.00 Y-95.00 F1200
G1 X138.00 Y-96.00 F1200
G1 X138.00 Y-99.00 F1200
G1 X137.00 Y-100.00 F1200
G1 X133.00 Y-100.00 F1200
G1 X132.00 Y-101.00 F1200
G1 X131.00 Y-101.00 F1200
G1 X130.00 Y-100.00 F1200
G1 X126.00 Y-100.00 F1200
G1 X125.00 Y-101.00 F1200
G1 X123.00 Y-101.00 F1200
G1 X122.00 Y-100.00 F1200
G1 X119.00 Y-100.00 F1200
G1 X118.00 Y-99.00 F1200
G1 X118.00 Y-98.00 F1200
G1 X119.00 Y-97.00 F1200
G1 X120.00 Y-97.00 F1200
G1 X121.00 Y-98.00 F1200
G1 X121.00 Y-97.00 F1200
G1 X115.00 Y-97.00 F1200
G1 X115.00 Y-98.00 F1200
G1 X114.00 Y-99.00 F1200
G1 X112.00 Y-99.00 F1200
G1 X110.00 Y-101.00 F1200
G1 X108.00 Y-101.00 F1200
G1 X106.00 Y-99.00 F1200
G1 X106.00 Y-94.00 F1200
G1 X108.00 Y-92.00 F1200
G1 X110.00 Y-92.00 F1200
G1 X112.00 Y-94.00 F1200
G1 X114.00 Y-94.00 F1200
G1 X114.00 Y-93.00 F1200
G1 X117.00 Y-90.00 F1200
G1 X118.00 Y-91.00 F1200
G1 X119.00 Y-91.00 F1200
G1 X118.00 Y-91.00 F1200
G1 X117.00 Y-90.00 F1200
G0 Z3.0
G0 X115.00 Y-100.00 F1200
G0 Z-0.2 ; Descendre pour dessiner
G1 X116.00 Y-99.00 F1200
G1 X118.00 Y-99.00 F1200
G1 X119.00 Y-100.00 F1200
G1 X118.00 Y-101.00 F1200
G1 X116.00 Y-101.00 F1200
G0 Z3.0
G0 X154.00 Y-98.00 F1200
G0 Z-0.2 ; Descendre pour dessiner
G1 X155.00 Y-97.00 F1200
G1 X156.00 Y-98.00 F1200
G1 X156.00 Y-99.00 F1200
G1 X155.00 Y-100.00 F1200
G1 X154.00 Y-99.00 F1200
G0 Z3.0
G0 X115.00 Y-98.00 F1200
G0 Z-0.2 ; Descendre pour dessiner
G1 X116.00 Y-97.00 F1200
G1 X117.00 Y-97.00 F1200
G1 X118.00 Y-98.00 F1200
G1 X117.00 Y-99.00 F1200
G1 X116.00 Y-99.00 F1200
G0 Z3.0
G0 X153.00 Y-94.00 F1200
G0 Z-0.2 ; Descendre pour dessiner
G1 X154.00 Y-93.00 F1200
G1 X155.00 Y-93.00 F1200
G1 X156.00 Y-94.00 F1200
G1 X156.00 Y-96.00 F1200
G1 X155.00 Y-97.00 F1200
G1 X153.00 Y-97.00 F1200
G1 X152.00 Y-96.00 F1200
G1 X152.00 Y-95.00 F1200
G1 X153.00 Y-94.00 F1200
G1 X154.00 Y-95.00 F1200
G0 Z3.0
G0 X730.00 Y-89.00 F1200
G0 Z-0.2 ; Descendre pour dessiner
G1 X729.00 Y-90.00 F1200
G1 X729.00 Y-93.00 F1200
G1 X729.00 Y-90.00 F1200
G1 X730.00 Y-89.00 F1200
G1 X731.00 Y-90.00 F1200
G1 X731.00 Y-91.00 F1200
G1 X734.00 Y-94.00 F1200
G1 X734.00 Y-97.00 F1200
G1 X735.00 Y-98.00 F1200
G1 X736.00 Y-98.00 F1200
G1 X737.00 Y-97.00 F1200
G1 X737.00 Y-94.00 F1200
G1 X738.00 Y-93.00 F1200
G1 X741.00 Y-93.00 F1200
G1 X743.00 Y-95.00 F1200
G1 X742.00 Y-96.00 F1200
G1 X742.00 Y-99.00 F1200
G1 X741.00 Y-100.00 F1200
G1 X737.00 Y-100.00 F1200
G1 X736.00 Y-101.00 F1200
G1 X735.00 Y-101.00 F1200
G1 X734.00 Y-100.00 F1200
G1 X730.00 Y-100.00 F1200
G1 X729.00 Y-99.00 F1200
G1 X729.00 Y-97.00 F1200
G1 X723.00 Y-97.00 F1200
G1 X723.00 Y-98.00 F1200
G1 X722.00 Y-99.00 F1200
G1 X720.00 Y-99.00 F1200
G1 X719.00 Y-98.00 F1200
G1 X720.00 Y-97.00 F1200
G1 X720.00 Y-96.00 F1200
G1 X719.00 Y-95.00 F1200
G1 X720.00 Y-94.00 F1200
G1 X722.00 Y-94.00 F1200
G1 X723.00 Y-93.00 F1200
G1 X724.00 Y-94.00 F1200
G1 X724.00 Y-95.00 F1200
G1 X725.00 Y-94.00 F1200
G1 X726.00 Y-95.00 F1200
G1 X725.00 Y-94.00 F1200
G1 X726.00 Y-93.00 F1200
G1 X727.00 Y-93.00 F1200
G1 X726.00 Y-93.00 F1200
G1 X725.00 Y-92.00 F1200
G1 X724.00 Y-92.00 F1200
G1 X723.00 Y-93.00 F1200
G1 X722.00 Y-93.00 F1200
G1 X721.00 Y-94.00 F1200
G1 X720.00 Y-93.00 F1200
G1 X719.00 Y-93.00 F1200
G1 X718.00 Y-92.00 F1200
G1 X716.00 Y-92.00 F1200
G1 X715.00 Y-93.00 F1200
G1 X714.00 Y-93.00 F1200
G1 X713.00 Y-94.00 F1200
G1 X713.00 Y-99.00 F1200
G1 X714.00 Y-100.00 F1200
G1 X715.00 Y-100.00 F1200
G1 X716.00 Y-101.00 F1200
G1 X718.00 Y-101.00 F1200
G1 X719.00 Y-100.00 F1200
G1 X720.00 Y-100.00 F1200
G1 X721.00 Y-99.00 F1200
G1 X722.00 Y-100.00 F1200
G1 X723.00 Y-100.00 F1200
G1 X724.00 Y-101.00 F1200
G1 X726.00 Y-101.00 F1200
G1 X727.00 Y-100.00 F1200
G1 X734.00 Y-100.00 F1200
G1 X735.00 Y-101.00 F1200
G1 X736.00 Y-101.00 F1200
G1 X737.00 Y-100.00 F1200
G1 X742.00 Y-100.00 F1200
G1 X742.00 Y-96.00 F1200
G1 X743.00 Y-95.00 F1200
G1 X747.00 Y-95.00 F1200
G1 X749.00 Y-93.00 F1200
G1 X750.00 Y-93.00 F1200
G1 X751.00 Y-92.00 F1200
G1 X752.00 Y-92.00 F1200
G1 X754.00 Y-94.00 F1200
G1 X753.00 Y-95.00 F1200
G1 X751.00 Y-95.00 F1200
G1 X750.00 Y-96.00 F1200
G1 X750.00 Y-97.00 F1200
G1 X751.00 Y-98.00 F1200
G1 X753.00 Y-98.00 F1200
G1 X754.00 Y-99.00 F1200
G1 X752.00 Y-101.00 F1200
G1 X751.00 Y-101.00 F1200
G1 X750.00 Y-100.00 F1200
G1 X749.00 Y-100.00 F1200
G1 X746.00 Y-97.00 F1200
G1 X744.00 Y-97.00 F1200
G1 X746.00 Y-97.00 F1200
G1 X748.00 Y-99.00 F1200
G1 X748.00 Y-100.00 F1200
G1 X750.00 Y-100.00 F1200
G1 X751.00 Y-101.00 F1200
G1 X752.00 Y-101.00 F1200
G1 X753.00 Y-100.00 F1200
G1 X758.00 Y-100.00 F1200
G1 X758.00 Y-90.00 F1200
G1 X757.00 Y-89.00 F1200
G1 X756.00 Y-90.00 F1200
G1 X756.00 Y-92.00 F1200
G1 X755.00 Y-93.00 F1200
G1 X753.00 Y-93.00 F1200
G1 X752.00 Y-92.00 F1200
G1 X751.00 Y-92.00 F1200
G1 X750.00 Y-93.00 F1200
G1 X748.00 Y-93.00 F1200
G1 X748.00 Y-94.00 F1200
G1 X747.00 Y-95.00 F1200
G1 X743.00 Y-95.00 F1200
G1 X742.00 Y-94.00 F1200
G1 X742.00 Y-93.00 F1200
G1 X737.00 Y-93.00 F1200
G1 X737.00 Y-97.00 F1200
G1 X736.00 Y-98.00 F1200
G1 X735.00 Y-98.00 F1200
G1 X734.00 Y-97.00 F1200
G1 X734.00 Y-93.00 F1200
G1 X733.00 Y-93.00 F1200
G1 X731.00 Y-91.00 F1200
G1 X731.00 Y-90.00 F1200
G0 Z3.0
G0 X723.00 Y-100.00 F1200
G0 Z-0.2 ; Descendre pour dessiner
G1 X724.00 Y-99.00 F1200
G1 X726.00 Y-99.00 F1200
G1 X727.00 Y-100.00 F1200
G1 X726.00 Y-101.00 F1200
G1 X724.00 Y-101.00 F1200
G0 Z3.0
G0 X754.00 Y-98.00 F1200
G0 Z-0.2 ; Descendre pour dessiner
G1 X755.00 Y-97.00 F1200
G1 X756.00 Y-98.00 F1200
G1 X756.00 Y-99.00 F1200
G1 X755.00 Y-100.00 F1200
G1 X754.00 Y-99.00 F1200
G0 Z3.0
G0 X726.00 Y-98.00 F1200
G0 Z-0.2 ; Descendre pour dessiner
G1 X727.00 Y-97.00 F1200
G1 X728.00 Y-97.00 F1200
G1 X729.00 Y-98.00 F1200
G1 X729.00 Y-99.00 F1200
G1 X728.00 Y-100.00 F1200
G1 X727.00 Y-100.00 F1200
G1 X726.00 Y-99.00 F1200
G0 Z3.0
G0 X723.00 Y-98.00 F1200
G0 Z-0.2 ; Descendre pour dessiner
G1 X724.00 Y-97.00 F1200
G1 X725.00 Y-97.00 F1200
G1 X726.00 Y-98.00 F1200
G1 X725.00 Y-99.00 F1200
G1 X724.00 Y-99.00 F1200
G0 Z3.0
G0 X716.00 Y-96.00 F1200
G0 Z-0.2 ; Descendre pour dessiner
G1 X717.00 Y-95.00 F1200
G1 X719.00 Y-95.00 F1200
G1 X720.00 Y-96.00 F1200
G1 X720.00 Y-97.00 F1200
G1 X719.00 Y-98.00 F1200
G1 X717.00 Y-98.00 F1200
G1 X716.00 Y-97.00 F1200
G0 Z3.0
G0 X756.00 Y-94.00 F1200
G0 Z-0.2 ; Descendre pour dessiner
G1 X757.00 Y-93.00 F1200
G1 X758.00 Y-94.00 F1200
G1 X758.00 Y-99.00 F1200
G1 X757.00 Y-100.00 F1200
G1 X756.00 Y-99.00 F1200
G1 X756.00 Y-98.00 F1200
G1 X755.00 Y-97.00 F1200
G1 X755.00 Y-96.00 F1200
G1 X756.00 Y-95.00 F1200
G0 Z3.0
G0 X755.00 Y-93.00 F1200
G0 Z-0.2 ; Descendre pour dessiner
G1 X756.00 Y-94.00 F1200
G1 X756.00 Y-95.00 F1200
G1 X755.00 Y-96.00 F1200
G1 X755.00 Y-97.00 F1200
G1 X754.00 Y-98.00 F1200
G1 X751.00 Y-98.00 F1200
G1 X750.00 Y-97.00 F1200
G1 X750.00 Y-96.00 F1200
G1 X751.00 Y-95.00 F1200
G1 X753.00 Y-95.00 F1200
G0 Z3.0
G0 X723.00 Y-93.00 F1200
G0 Z-0.2 ; Descendre pour dessiner
G1 X724.00 Y-92.00 F1200
G1 X725.00 Y-92.00 F1200
G1 X726.00 Y-93.00 F1200
G1 X725.00 Y-94.00 F1200
G1 X724.00 Y-94.00 F1200
G0 Z3.0
G0 X715.00 Y-93.00 F1200
G0 Z-0.2 ; Descendre pour dessiner
G1 X716.00 Y-92.00 F1200
G1 X718.00 Y-92.00 F1200
G1 X720.00 Y-94.00 F1200
G1 X719.00 Y-95.00 F1200
G1 X716.00 Y-95.00 F1200
G1 X716.00 Y-98.00 F1200
G1 X719.00 Y-98.00 F1200
G1 X720.00 Y-99.00 F1200
G1 X718.00 Y-101.00 F1200
G1 X716.00 Y-101.00 F1200
G1 X715.00 Y-100.00 F1200
G1 X714.00 Y-100.00 F1200
G1 X713.00 Y-99.00 F1200
G1 X713.00 Y-94.00 F1200
G1 X714.00 Y-93.00 F1200
G0 Z3.0
G0 X644.00 Y-89.00 F1200
G0 Z-0.2 ; Descendre pour dessiner
G1 X643.00 Y-90.00 F1200
G1 X643.00 Y-91.00 F1200
G1 X644.00 Y-92.00 F1200
G1 X643.00 Y-93.00 F1200
G1 X642.00 Y-93.00 F1200
G1 X642.00 Y-94.00 F1200
G1 X643.00 Y-93.00 F1200
G1 X644.00 Y-93.00 F1200
G1 X645.00 Y-94.00 F1200
G1 X644.00 Y-95.00 F1200
G1 X644.00 Y-98.00 F1200
G1 X645.00 Y-99.00 F1200
G1 X646.00 Y-99.00 F1200
G1 X647.00 Y-100.00 F1200
G1 X646.00 Y-101.00 F1200
G1 X644.00 Y-101.00 F1200
G1 X642.00 Y-99.00 F1200
G1 X642.00 Y-98.00 F1200
G1 X640.00 Y-98.00 F1200
G1 X640.00 Y-99.00 F1200
G1 X639.00 Y-100.00 F1200
G1 X638.00 Y-99.00 F1200
G1 X638.00 Y-98.00 F1200
G1 X637.00 Y-98.00 F1200
G1 X634.00 Y-101.00 F1200
G1 X633.00 Y-101.00 F1200
G1 X632.00 Y-100.00 F1200
G1 X631.00 Y-100.00 F1200
G1 X630.00 Y-99.00 F1200
G1 X630.00 Y-100.00 F1200
G1 X632.00 Y-100.00 F1200
G1 X633.00 Y-101.00 F1200
G1 X634.00 Y-101.00 F1200
G1 X635.00 Y-100.00 F1200
G1 X636.00 Y-100.00 F1200
G1 X636.00 Y-99.00 F1200
G1 X637.00 Y-98.00 F1200
G1 X638.00 Y-99.00 F1200
G1 X638.00 Y-100.00 F1200
G1 X640.00 Y-100.00 F1200
G1 X640.00 Y-99.00 F1200
G1 X641.00 Y-98.00 F1200
G1 X642.00 Y-99.00 F1200
G1 X642.00 Y-100.00 F1200
G1 X643.00 Y-100.00 F1200
G1 X644.00 Y-101.00 F1200
G1 X646.00 Y-101.00 F1200
G1 X647.00 Y-100.00 F1200
G1 X651.00 Y-100.00 F1200
G1 X651.00 Y-96.00 F1200
G1 X652.00 Y-95.00 F1200
G1 X653.00 Y-95.00 F1200
G1 X654.00 Y-96.00 F1200
G1 X654.00 Y-100.00 F1200
G1 X663.00 Y-100.00 F1200
G1 X664.00 Y-101.00 F1200
G1 X666.00 Y-101.00 F1200
G1 X667.00 Y-100.00 F1200
G1 X670.00 Y-100.00 F1200
G1 X671.00 Y-101.00 F1200
G1 X673.00 Y-101.00 F1200
G1 X674.00 Y-100.00 F1200
G1 X675.00 Y-100.00 F1200
G1 X675.00 Y-93.00 F1200
G1 X674.00 Y-93.00 F1200
G1 X673.00 Y-92.00 F1200
G1 X671.00 Y-92.00 F1200
G1 X670.00 Y-93.00 F1200
G1 X667.00 Y-93.00 F1200
G1 X666.00 Y-92.00 F1200
G1 X664.00 Y-92.00 F1200
G1 X663.00 Y-93.00 F1200
G1 X662.00 Y-93.00 F1200
G1 X661.00 Y-94.00 F1200
G1 X660.00 Y-93.00 F1200
G1 X659.00 Y-93.00 F1200
G1 X658.00 Y-92.00 F1200
G1 X656.00 Y-92.00 F1200
G1 X655.00 Y-93.00 F1200
G1 X654.00 Y-93.00 F1200
G1 X653.00 Y-92.00 F1200
G1 X652.00 Y-92.00 F1200
G1 X651.00 Y-93.00 F1200
G1 X647.00 Y-93.00 F1200
G1 X646.00 Y-92.00 F1200
G1 X646.00 Y-90.00 F1200
G1 X645.00 Y-90.00 F1200
G0 Z3.0
G0 X644.00 Y-91.00 F1200
G0 Z-0.2 ; Descendre pour dessiner
G1 X645.00 Y-90.00 F1200
G1 X646.00 Y-91.00 F1200
G1 X646.00 Y-92.00 F1200
G1 X647.00 Y-93.00 F1200
G1 X651.00 Y-93.00 F1200
G1 X652.00 Y-92.00 F1200
G1 X653.00 Y-92.00 F1200
G1 X654.00 Y-93.00 F1200
G1 X655.00 Y-93.00 F1200
G1 X656.00 Y-92.00 F1200
G1 X658.00 Y-92.00 F1200
G1 X660.00 Y-94.00 F1200
G1 X662.00 Y-94.00 F1200
G1 X664.00 Y-92.00 F1200
G1 X666.00 Y-92.00 F1200
G1 X667.00 Y-93.00 F1200
G1 X670.00 Y-93.00 F1200
G1 X671.00 Y-92.00 F1200
G1 X673.00 Y-92.00 F1200
G1 X675.00 Y-94.00 F1200
G1 X675.00 Y-99.00 F1200
G1 X673.00 Y-101.00 F1200
G1 X671.00 Y-101.00 F1200
G1 X670.00 Y-100.00 F1200
G1 X667.00 Y-100.00 F1200
G1 X666.00 Y-99.00 F1200
G1 X666.00 Y-98.00 F1200
G1 X667.00 Y-97.00 F1200
G1 X668.00 Y-97.00 F1200
G1 X669.00 Y-98.00 F1200
G1 X670.00 Y-98.00 F1200
G1 X669.00 Y-98.00 F1200
G1 X668.00 Y-97.00 F1200
G1 X669.00 Y-96.00 F1200
G1 X670.00 Y-96.00 F1200
G1 X671.00 Y-95.00 F1200
G1 X670.00 Y-96.00 F1200
G1 X668.00 Y-96.00 F1200
G1 X667.00 Y-97.00 F1200
G1 X665.00 Y-97.00 F1200
G1 X664.00 Y-96.00 F1200
G1 X664.00 Y-95.00 F1200
G1 X664.00 Y-98.00 F1200
G1 X665.00 Y-99.00 F1200
G1 X666.00 Y-99.00 F1200
G1 X667.00 Y-100.00 F1200
G1 X666.00 Y-101.00 F1200
G1 X664.00 Y-101.00 F1200
G1 X662.00 Y-99.00 F1200
G1 X662.00 Y-98.00 F1200
G1 X662.00 Y-99.00 F1200
G1 X661.00 Y-100.00 F1200
G1 X660.00 Y-99.00 F1200
G1 X660.00 Y-98.00 F1200
G1 X660.00 Y-99.00 F1200
G1 X659.00 Y-100.00 F1200
G1 X658.00 Y-99.00 F1200
G1 X658.00 Y-95.00 F1200
G1 X658.00 Y-99.00 F1200
G1 X657.00 Y-100.00 F1200
G1 X656.00 Y-99.00 F1200
G1 X656.00 Y-95.00 F1200
G1 X656.00 Y-99.00 F1200
G1 X655.00 Y-100.00 F1200
G1 X654.00 Y-99.00 F1200
G1 X654.00 Y-96.00 F1200
G1 X653.00 Y-95.00 F1200
G1 X652.00 Y-95.00 F1200
G1 X651.00 Y-96.00 F1200
G1 X651.00 Y-99.00 F1200
G1 X650.00 Y-100.00 F1200
G1 X647.00 Y-100.00 F1200
G1 X646.00 Y-99.00 F1200
G1 X646.00 Y-98.00 F1200
G1 X647.00 Y-97.00 F1200
G1 X648.00 Y-97.00 F1200
G1 X649.00 Y-98.00 F1200
G1 X649.00 Y-97.00 F1200
G1 X645.00 Y-97.00 F1200
G1 X644.00 Y-96.00 F1200
G1 X644.00 Y-95.00 F1200
G1 X645.00 Y-94.00 F1200
G1 X646.00 Y-95.00 F1200
G1 X644.00 Y-93.00 F1200
G0 Z3.0
G0 X639.00 Y-89.00 F1200
G0 Z-0.2 ; Descendre pour dessiner
G1 X638.00 Y-90.00 F1200
G1 X638.00 Y-94.00 F1200
G1 X637.00 Y-95.00 F1200
G1 X636.00 Y-94.00 F1200
G1 X636.00 Y-93.00 F1200
G1 X635.00 Y-93.00 F1200
G1 X634.00 Y-92.00 F1200
G1 X633.00 Y-92.00 F1200
G1 X632.00 Y-91.00 F1200
G1 X632.00 Y-90.00 F1200
G1 X630.00 Y-90.00 F1200
G1 X630.00 Y-94.00 F1200
G1 X630.00 Y-91.00 F1200
G1 X631.00 Y-90.00 F1200
G1 X633.00 Y-92.00 F1200
G1 X634.00 Y-92.00 F1200
G1 X637.00 Y-95.00 F1200
G1 X638.00 Y-95.00 F1200
G1 X638.00 Y-90.00 F1200
G1 X639.00 Y-89.00 F1200
G1 X640.00 Y-90.00 F1200
G1 X640.00 Y-94.00 F1200
G1 X640.00 Y-90.00 F1200
G0 Z3.0
G0 X474.00 Y-89.00 F1200
G0 Z-0.2 ; Descendre pour dessiner
G1 X473.00 Y-90.00 F1200
G1 X472.00 Y-90.00 F1200
G1 X472.00 Y-92.00 F1200
G1 X471.00 Y-93.00 F1200
G1 X470.00 Y-93.00 F1200
G1 X470.00 Y-100.00 F1200
G1 X472.00 Y-100.00 F1200
G1 X473.00 Y-101.00 F1200
G1 X474.00 Y-101.00 F1200
G1 X475.00 Y-100.00 F1200
G1 X476.00 Y-100.00 F1200
G1 X476.00 Y-97.00 F1200
G1 X477.00 Y-96.00 F1200
G1 X478.00 Y-97.00 F1200
G1 X478.00 Y-99.00 F1200
G1 X479.00 Y-100.00 F1200
G1 X482.00 Y-100.00 F1200
G1 X483.00 Y-99.00 F1200
G1 X484.00 Y-100.00 F1200
G1 X486.00 Y-100.00 F1200
G1 X487.00 Y-101.00 F1200
G1 X488.00 Y-101.00 F1200
G1 X489.00 Y-100.00 F1200
G1 X494.00 Y-100.00 F1200
G1 X494.00 Y-99.00 F1200
G1 X495.00 Y-98.00 F1200
G1 X496.00 Y-99.00 F1200
G1 X496.00 Y-100.00 F1200
G1 X497.00 Y-100.00 F1200
G1 X498.00 Y-101.00 F1200
G1 X500.00 Y-101.00 F1200
G1 X501.00 Y-100.00 F1200
G1 X502.00 Y-100.00 F1200
G1 X502.00 Y-93.00 F1200
G1 X501.00 Y-93.00 F1200
G1 X500.00 Y-92.00 F1200
G1 X498.00 Y-92.00 F1200
G1 X497.00 Y-93.00 F1200
G1 X496.00 Y-93.00 F1200
G1 X496.00 Y-94.00 F1200
G1 X495.00 Y-95.00 F1200
G1 X494.00 Y-94.00 F1200
G1 X494.00 Y-90.00 F1200
G1 X493.00 Y-89.00 F1200
G1 X492.00 Y-90.00 F1200
G1 X492.00 Y-94.00 F1200
G1 X491.00 Y-95.00 F1200
G1 X490.00 Y-94.00 F1200
G1 X490.00 Y-93.00 F1200
G1 X489.00 Y-93.00 F1200
G1 X488.00 Y-92.00 F1200
G1 X487.00 Y-92.00 F1200
G1 X486.00 Y-93.00 F1200
G1 X479.00 Y-93.00 F1200
G1 X478.00 Y-92.00 F1200
G1 X477.00 Y-93.00 F1200
G1 X474.00 Y-93.00 F1200
G1 X472.00 Y-95.00 F1200
G1 X472.00 Y-98.00 F1200
G1 X473.00 Y-99.00 F1200
G1 X472.00 Y-100.00 F1200
G1 X471.00 Y-100.00 F1200
G1 X470.00 Y-99.00 F1200
G1 X470.00 Y-94.00 F1200
G1 X472.00 Y-92.00 F1200
G1 X472.00 Y-91.00 F1200
G1 X473.00 Y-90.00 F1200
G1 X474.00 Y-91.00 F1200
G1 X475.00 Y-91.00 F1200
G1 X475.00 Y-90.00 F1200
G0 Z3.0
G0 X486.00 Y-100.00 F1200
G0 Z-0.2 ; Descendre pour dessiner
G1 X487.00 Y-99.00 F1200
G1 X488.00 Y-99.00 F1200
G1 X489.00 Y-100.00 F1200
G1 X488.00 Y-101.00 F1200
G1 X487.00 Y-101.00 F1200
G0 Z3.0
G0 X472.00 Y-100.00 F1200
G0 Z-0.2 ; Descendre pour dessiner
G1 X473.00 Y-99.00 F1200
G1 X474.00 Y-99.00 F1200
G1 X475.00 Y-100.00 F1200
G1 X474.00 Y-101.00 F1200
G1 X473.00 Y-101.00 F1200
G0 Z3.0
G0 X490.00 Y-98.00 F1200
G0 Z-0.2 ; Descendre pour dessiner
G1 X491.00 Y-97.00 F1200
G1 X492.00 Y-98.00 F1200
G1 X492.00 Y-99.00 F1200
G1 X491.00 Y-100.00 F1200
G1 X490.00 Y-99.00 F1200
G0 Z3.0
G0 X486.00 Y-98.00 F1200
G0 Z-0.2 ; Descendre pour dessiner
G1 X487.00 Y-97.00 F1200
G1 X489.00 Y-97.00 F1200
G1 X490.00 Y-98.00 F1200
G1 X490.00 Y-99.00 F1200
G1 X489.00 Y-100.00 F1200
G1 X488.00 Y-99.00 F1200
G1 X487.00 Y-99.00 F1200
G0 Z3.0
G0 X482.00 Y-97.00 F1200
G0 Z-0.2 ; Descendre pour dessiner
G1 X483.00 Y-96.00 F1200
G1 X484.00 Y-97.00 F1200
G1 X484.00 Y-98.00 F1200
G1 X483.00 Y-99.00 F1200
G1 X482.00 Y-98.00 F1200
G0 Z3.0
G0 X486.00 Y-93.00 F1200
G0 Z-0.2 ; Descendre pour dessiner
G1 X487.00 Y-92.00 F1200
G1 X488.00 Y-92.00 F1200
G1 X489.00 Y-93.00 F1200
G1 X488.00 Y-94.00 F1200
G1 X487.00 Y-94.00 F1200
G0 Z3.0
G0 X477.00 Y-93.00 F1200
G0 Z-0.2 ; Descendre pour dessiner
G1 X478.00 Y-92.00 F1200
G1 X479.00 Y-93.00 F1200
G1 X479.00 Y-95.00 F1200
G1 X478.00 Y-96.00 F1200
G1 X477.00 Y-96.00 F1200
G1 X476.00 Y-95.00 F1200
G1 X476.00 Y-99.00 F1200
G1 X475.00 Y-100.00 F1200
G1 X474.00 Y-99.00 F1200
G1 X473.00 Y-99.00 F1200
G1 X472.00 Y-98.00 F1200
G1 X473.00 Y-97.00 F1200
G1 X474.00 Y-97.00 F1200
G1 X473.00 Y-97.00 F1200
G1 X472.00 Y-96.00 F1200
G1 X472.00 Y-95.00 F1200
G1 X473.00 Y-94.00 F1200
G1 X474.00 Y-95.00 F1200
G1 X473.00 Y-94.00 F1200
G1 X474.00 Y-93.00 F1200
G0 Z3.0
G0 X492.00 Y-90.00 F1200
G0 Z-0.2 ; Descendre pour dessiner
G1 X493.00 Y-89.00 F1200
G1 X494.00 Y-90.00 F1200
G1 X494.00 Y-95.00 F1200
G1 X495.00 Y-95.00 F1200
G1 X498.00 Y-92.00 F1200
G1 X500.00 Y-92.00 F1200
G1 X502.00 Y-94.00 F1200
G1 X502.00 Y-99.00 F1200
G1 X500.00 Y-101.00 F1200
G1 X498.00 Y-101.00 F1200
G1 X495.00 Y-98.00 F1200
G1 X494.00 Y-98.00 F1200
G1 X494.00 Y-99.00 F1200
G1 X493.00 Y-100.00 F1200
G1 X492.00 Y-99.00 F1200
G1 X492.00 Y-97.00 F1200
G1 X486.00 Y-97.00 F1200
G1 X486.00 Y-98.00 F1200
G1 X487.00 Y-99.00 F1200
G1 X486.00 Y-100.00 F1200
G1 X485.00 Y-100.00 F1200
G1 X484.00 Y-99.00 F1200
G1 X484.00 Y-96.00 F1200
G1 X483.00 Y-96.00 F1200
G1 X482.00 Y-97.00 F1200
G1 X482.00 Y-99.00 F1200
G1 X481.00 Y-100.00 F1200
G1 X479.00 Y-100.00 F1200
G1 X478.00 Y-99.00 F1200
G1 X478.00 Y-96.00 F1200
G1 X479.00 Y-95.00 F1200
G1 X481.00 Y-95.00 F1200
G1 X481.00 Y-94.00 F1200
G1 X482.00 Y-93.00 F1200
G1 X486.00 Y-93.00 F1200
G1 X487.00 Y-94.00 F1200
G1 X486.00 Y-95.00 F1200
G1 X487.00 Y-94.00 F1200
G1 X488.00 Y-95.00 F1200
G1 X488.00 Y-94.00 F1200
G1 X489.00 Y-93.00 F1200
G1 X490.00 Y-94.00 F1200
G1 X490.00 Y-95.00 F1200
G1 X492.00 Y-95.00 F1200
G0 Z3.0
G0 X498.00 Y-95.00 F1200
G0 Z-0.2 ; Descendre pour dessiner
G1 X497.00 Y-96.00 F1200
G1 X497.00 Y-97.00 F1200
G1 X498.00 Y-98.00 F1200
G1 X499.00 Y-98.00 F1200
G1 X500.00 Y-97.00 F1200
G1 X500.00 Y-96.00 F1200
G1 X499.00 Y-95.00 F1200
G0 Z3.0
G0 X497.00 Y-96.00 F1200
G0 Z-0.2 ; Descendre pour dessiner
G1 X498.00 Y-95.00 F1200
G1 X499.00 Y-95.00 F1200
G1 X500.00 Y-96.00 F1200
G1 X500.00 Y-97.00 F1200
G1 X499.00 Y-98.00 F1200
G1 X498.00 Y-98.00 F1200
G1 X497.00 Y-97.00 F1200
G0 Z3.0
G0 X316.00 Y-89.00 F1200
G0 Z-0.2 ; Descendre pour dessiner
G1 X315.00 Y-90.00 F1200
G1 X315.00 Y-100.00 F1200
G1 X328.00 Y-100.00 F1200
G1 X328.00 Y-96.00 F1200
G1 X329.00 Y-95.00 F1200
G1 X330.00 Y-95.00 F1200
G1 X331.00 Y-96.00 F1200
G1 X331.00 Y-100.00 F1200
G1 X336.00 Y-100.00 F1200
G1 X336.00 Y-95.00 F1200
G1 X337.00 Y-94.00 F1200
G1 X339.00 Y-96.00 F1200
G1 X339.00 Y-100.00 F1200
G1 X340.00 Y-100.00 F1200
G1 X341.00 Y-101.00 F1200
G1 X342.00 Y-100.00 F1200
G1 X345.00 Y-100.00 F1200
G1 X346.00 Y-101.00 F1200
G1 X347.00 Y-101.00 F1200
G1 X348.00 Y-100.00 F1200
G1 X349.00 Y-100.00 F1200
G1 X349.00 Y-93.00 F1200
G1 X348.00 Y-93.00 F1200
G1 X347.00 Y-92.00 F1200
G1 X345.00 Y-92.00 F1200
G1 X343.00 Y-94.00 F1200
G1 X342.00 Y-93.00 F1200
G1 X342.00 Y-92.00 F1200
G1 X341.00 Y-91.00 F1200
G1 X339.00 Y-91.00 F1200
G1 X338.00 Y-92.00 F1200
G1 X338.00 Y-93.00 F1200
G1 X337.00 Y-94.00 F1200
G1 X336.00 Y-93.00 F1200
G1 X332.00 Y-93.00 F1200
G1 X331.00 Y-92.00 F1200
G1 X329.00 Y-92.00 F1200
G1 X328.00 Y-93.00 F1200
G1 X327.00 Y-93.00 F1200
G1 X326.00 Y-92.00 F1200
G1 X325.00 Y-92.00 F1200
G1 X324.00 Y-93.00 F1200
G1 X319.00 Y-93.00 F1200
G1 X320.00 Y-94.00 F1200
G1 X320.00 Y-99.00 F1200
G1 X319.00 Y-100.00 F1200
G1 X316.00 Y-100.00 F1200
G1 X315.00 Y-99.00 F1200
G1 X315.00 Y-90.00 F1200
G1 X316.00 Y-89.00 F1200
G1 X317.00 Y-90.00 F1200
G1 X317.00 Y-92.00 F1200
G1 X318.00 Y-91.00 F1200
G1 X321.00 Y-91.00 F1200
G1 X318.00 Y-91.00 F1200
G1 X317.00 Y-90.00 F1200
G1 X318.00 Y-89.00 F1200
G1 X317.00 Y-90.00 F1200
G0 Z3.0
G0 X345.00 Y-100.00 F1200
G0 Z-0.2 ; Descendre pour dessiner
G1 X346.00 Y-99.00 F1200
G1 X347.00 Y-99.00 F1200
G1 X348.00 Y-100.00 F1200
G1 X347.00 Y-101.00 F1200
G1 X346.00 Y-101.00 F1200
G0 Z3.0
G0 X320.00 Y-94.00 F1200
G0 Z-0.2 ; Descendre pour dessiner
G1 X321.00 Y-93.00 F1200
G1 X322.00 Y-94.00 F1200
G1 X322.00 Y-99.00 F1200
G1 X321.00 Y-100.00 F1200
G1 X320.00 Y-99.00 F1200
G0 Z3.0
G0 X324.00 Y-93.00 F1200
G0 Z-0.2 ; Descendre pour dessiner
G1 X325.00 Y-92.00 F1200
G1 X326.00 Y-92.00 F1200
G1 X327.00 Y-93.00 F1200
G1 X328.00 Y-93.00 F1200
G1 X329.00 Y-92.00 F1200
G1 X331.00 Y-92.00 F1200
G1 X332.00 Y-93.00 F1200
G1 X336.00 Y-93.00 F1200
G1 X337.00 Y-94.00 F1200
G1 X336.00 Y-95.00 F1200
G1 X336.00 Y-99.00 F1200
G1 X335.00 Y-100.00 F1200
G1 X332.00 Y-100.00 F1200
G1 X331.00 Y-99.00 F1200
G1 X331.00 Y-96.00 F1200
G1 X330.00 Y-95.00 F1200
G1 X329.00 Y-95.00 F1200
G1 X328.00 Y-96.00 F1200
G1 X328.00 Y-99.00 F1200
G1 X327.00 Y-100.00 F1200
G1 X326.00 Y-99.00 F1200
G1 X326.00 Y-95.00 F1200
G1 X326.00 Y-99.00 F1200
G1 X325.00 Y-100.00 F1200
G1 X324.00 Y-99.00 F1200
G1 X324.00 Y-95.00 F1200
G1 X324.00 Y-99.00 F1200
G1 X323.00 Y-100.00 F1200
G1 X322.00 Y-99.00 F1200
G1 X322.00 Y-94.00 F1200
G1 X323.00 Y-93.00 F1200
G0 Z3.0
G0 X338.00 Y-92.00 F1200
G0 Z-0.2 ; Descendre pour dessiner
G1 X339.00 Y-91.00 F1200
G1 X341.00 Y-91.00 F1200
G1 X342.00 Y-92.00 F1200
G1 X342.00 Y-93.00 F1200
G1 X341.00 Y-94.00 F1200
G1 X341.00 Y-98.00 F1200
G1 X341.00 Y-94.00 F1200
G1 X342.00 Y-93.00 F1200
G1 X343.00 Y-94.00 F1200
G1 X343.00 Y-98.00 F1200
G1 X343.00 Y-94.00 F1200
G1 X345.00 Y-92.00 F1200
G1 X347.00 Y-92.00 F1200
G1 X349.00 Y-94.00 F1200
G1 X349.00 Y-99.00 F1200
G1 X348.00 Y-100.00 F1200
G1 X347.00 Y-99.00 F1200
G1 X346.00 Y-99.00 F1200
G1 X345.00 Y-98.00 F1200
G1 X346.00 Y-97.00 F1200
G1 X347.00 Y-97.00 F1200
G1 X346.00 Y-97.00 F1200
G1 X345.00 Y-96.00 F1200
G1 X345.00 Y-95.00 F1200
G1 X345.00 Y-98.00 F1200
G1 X346.00 Y-99.00 F1200
G1 X345.00 Y-100.00 F1200
G1 X342.00 Y-100.00 F1200
G1 X341.00 Y-101.00 F1200
G1 X339.00 Y-99.00 F1200
G1 X339.00 Y-96.00 F1200
G1 X338.00 Y-95.00 F1200
G0 Z3.0
G0 X301.00 Y-89.00 F1200
G0 Z-0.2 ; Descendre pour dessiner
G1 X300.00 Y-90.00 F1200
G1 X300.00 Y-100.00 F1200
G1 X302.00 Y-100.00 F1200
G1 X302.00 Y-99.00 F1200
G1 X303.00 Y-98.00 F1200
G1 X304.00 Y-99.00 F1200
G1 X304.00 Y-100.00 F1200
G1 X305.00 Y-100.00 F1200
G1 X306.00 Y-101.00 F1200
G1 X308.00 Y-101.00 F1200
G1 X309.00 Y-100.00 F1200
G1 X310.00 Y-100.00 F1200
G1 X310.00 Y-93.00 F1200
G1 X308.00 Y-93.00 F1200
G1 X307.00 Y-92.00 F1200
G1 X306.00 Y-92.00 F1200
G1 X305.00 Y-93.00 F1200
G1 X304.00 Y-93.00 F1200
G1 X304.00 Y-94.00 F1200
G1 X303.00 Y-95.00 F1200
G1 X302.00 Y-94.00 F1200
G1 X302.00 Y-90.00 F1200
G0 Z3.0
G0 X305.00 Y-100.00 F1200
G0 Z-0.2 ; Descendre pour dessiner
G1 X306.00 Y-99.00 F1200
G1 X308.00 Y-99.00 F1200
G1 X309.00 Y-100.00 F1200
G1 X308.00 Y-101.00 F1200
G1 X306.00 Y-101.00 F1200
G0 Z3.0
G0 X308.00 Y-98.00 F1200
G0 Z-0.2 ; Descendre pour dessiner
G1 X309.00 Y-97.00 F1200
G1 X310.00 Y-98.00 F1200
G1 X310.00 Y-99.00 F1200
G1 X309.00 Y-100.00 F1200
G1 X308.00 Y-99.00 F1200
G0 Z3.0
G0 X305.00 Y-98.00 F1200
G0 Z-0.2 ; Descendre pour dessiner
G1 X306.00 Y-97.00 F1200
G1 X307.00 Y-97.00 F1200
G1 X308.00 Y-98.00 F1200
G1 X307.00 Y-99.00 F1200
G1 X306.00 Y-99.00 F1200
G0 Z3.0
G0 X305.00 Y-93.00 F1200
G0 Z-0.2 ; Descendre pour dessiner
G1 X306.00 Y-92.00 F1200
G1 X307.00 Y-92.00 F1200
G1 X308.00 Y-93.00 F1200
G1 X307.00 Y-94.00 F1200
G1 X306.00 Y-94.00 F1200
G0 Z3.0
G0 X300.00 Y-90.00 F1200
G0 Z-0.2 ; Descendre pour dessiner
G1 X301.00 Y-89.00 F1200
G1 X302.00 Y-90.00 F1200
G1 X302.00 Y-95.00 F1200
G1 X304.00 Y-95.00 F1200
G1 X304.00 Y-94.00 F1200
G1 X305.00 Y-93.00 F1200
G1 X306.00 Y-94.00 F1200
G1 X306.00 Y-95.00 F1200
G1 X307.00 Y-94.00 F1200
G1 X308.00 Y-95.00 F1200
G1 X307.00 Y-94.00 F1200
G1 X308.00 Y-93.00 F1200
G1 X309.00 Y-93.00 F1200
G1 X310.00 Y-94.00 F1200
G1 X310.00 Y-96.00 F1200
G1 X309.00 Y-97.00 F1200
G1 X305.00 Y-97.00 F1200
G1 X305.00 Y-98.00 F1200
G1 X304.00 Y-99.00 F1200
G1 X303.00 Y-98.00 F1200
G1 X302.00 Y-98.00 F1200
G1 X302.00 Y-99.00 F1200
G1 X301.00 Y-100.00 F1200
G1 X300.00 Y-99.00 F1200
G0 Z3.0
G0 X269.00 Y-89.00 F1200
G0 Z-0.2 ; Descendre pour dessiner
G1 X268.00 Y-90.00 F1200
G1 X266.00 Y-90.00 F1200
G1 X266.00 Y-92.00 F1200
G1 X265.00 Y-93.00 F1200
G1 X265.00 Y-97.00 F1200
G1 X266.00 Y-98.00 F1200
G1 X266.00 Y-100.00 F1200
G1 X268.00 Y-100.00 F1200
G1 X269.00 Y-101.00 F1200
G1 X271.00 Y-101.00 F1200
G1 X272.00 Y-100.00 F1200
G1 X274.00 Y-100.00 F1200
G1 X275.00 Y-99.00 F1200
G1 X276.00 Y-100.00 F1200
G1 X277.00 Y-100.00 F1200
G1 X278.00 Y-101.00 F1200
G1 X280.00 Y-101.00 F1200
G1 X281.00 Y-100.00 F1200
G1 X282.00 Y-100.00 F1200
G1 X283.00 Y-99.00 F1200
G1 X284.00 Y-100.00 F1200
G1 X285.00 Y-100.00 F1200
G1 X286.00 Y-101.00 F1200
G1 X288.00 Y-101.00 F1200
G1 X289.00 Y-100.00 F1200
G1 X290.00 Y-100.00 F1200
G1 X291.00 Y-99.00 F1200
G1 X292.00 Y-100.00 F1200
G1 X292.00 Y-103.00 F1200
G1 X293.00 Y-103.00 F1200
G1 X294.00 Y-104.00 F1200
G1 X296.00 Y-104.00 F1200
G1 X297.00 Y-103.00 F1200
G1 X298.00 Y-103.00 F1200
G1 X298.00 Y-98.00 F1200
G1 X298.00 Y-102.00 F1200
G1 X296.00 Y-104.00 F1200
G1 X294.00 Y-104.00 F1200
G1 X293.00 Y-103.00 F1200
G1 X294.00 Y-102.00 F1200
G1 X295.00 Y-102.00 F1200
G1 X296.00 Y-101.00 F1200
G1 X295.00 Y-100.00 F1200
G1 X294.00 Y-100.00 F1200
G1 X295.00 Y-100.00 F1200
G1 X296.00 Y-101.00 F1200
G1 X295.00 Y-102.00 F1200
G1 X294.00 Y-102.00 F1200
G1 X293.00 Y-103.00 F1200
G1 X292.00 Y-102.00 F1200
G1 X292.00 Y-99.00 F1200
G1 X290.00 Y-99.00 F1200
G1 X288.00 Y-101.00 F1200
G1 X286.00 Y-101.00 F1200
G1 X284.00 Y-99.00 F1200
G1 X282.00 Y-99.00 F1200
G1 X280.00 Y-101.00 F1200
G1 X278.00 Y-101.00 F1200
G1 X276.00 Y-99.00 F1200
G1 X274.00 Y-99.00 F1200
G1 X273.00 Y-100.00 F1200
G1 X272.00 Y-100.00 F1200
G1 X271.00 Y-99.00 F1200
G1 X272.00 Y-98.00 F1200
G1 X270.00 Y-96.00 F1200
G1 X271.00 Y-95.00 F1200
G1 X272.00 Y-95.00 F1200
G1 X273.00 Y-96.00 F1200
G1 X274.00 Y-95.00 F1200
G1 X275.00 Y-95.00 F1200
G1 X278.00 Y-92.00 F1200
G1 X280.00 Y-92.00 F1200
G1 X282.00 Y-94.00 F1200
G1 X284.00 Y-94.00 F1200
G1 X286.00 Y-92.00 F1200
G1 X288.00 Y-92.00 F1200
G1 X290.00 Y-94.00 F1200
G1 X292.00 Y-94.00 F1200
G1 X294.00 Y-92.00 F1200
G1 X296.00 Y-92.00 F1200
G1 X298.00 Y-94.00 F1200
G1 X298.00 Y-95.00 F1200
G1 X298.00 Y-93.00 F1200
G1 X297.00 Y-93.00 F1200
G1 X296.00 Y-92.00 F1200
G1 X294.00 Y-92.00 F1200
G1 X293.00 Y-93.00 F1200
G1 X292.00 Y-93.00 F1200
G1 X291.00 Y-94.00 F1200
G1 X290.00 Y-93.00 F1200
G1 X289.00 Y-93.00 F1200
G1 X288.00 Y-92.00 F1200
G1 X286.00 Y-92.00 F1200
G1 X285.00 Y-93.00 F1200
G1 X284.00 Y-93.00 F1200
G1 X283.00 Y-94.00 F1200
G1 X282.00 Y-93.00 F1200
G1 X281.00 Y-93.00 F1200
G1 X280.00 Y-92.00 F1200
G1 X278.00 Y-92.00 F1200
G1 X277.00 Y-93.00 F1200
G1 X276.00 Y-93.00 F1200
G1 X276.00 Y-94.00 F1200
G1 X275.00 Y-95.00 F1200
G1 X274.00 Y-95.00 F1200
G1 X273.00 Y-96.00 F1200
G1 X272.00 Y-95.00 F1200
G1 X271.00 Y-95.00 F1200
G1 X270.00 Y-96.00 F1200
G1 X269.00 Y-96.00 F1200
G1 X268.00 Y-95.00 F1200
G1 X268.00 Y-93.00 F1200
G1 X269.00 Y-92.00 F1200
G1 X270.00 Y-92.00 F1200
G1 X271.00 Y-93.00 F1200
G1 X274.00 Y-93.00 F1200
G1 X274.00 Y-91.00 F1200
G1 X273.00 Y-90.00 F1200
G1 X272.00 Y-90.00 F1200
G1 X271.00 Y-89.00 F1200
G0 Z3.0
G0 X268.00 Y-100.00 F1200
G0 Z-0.2 ; Descendre pour dessiner
G1 X269.00 Y-99.00 F1200
G1 X271.00 Y-99.00 F1200
G1 X272.00 Y-100.00 F1200
G1 X271.00 Y-101.00 F1200
G1 X269.00 Y-101.00 F1200
G0 Z3.0
G0 X268.00 Y-97.00 F1200
G0 Z-0.2 ; Descendre pour dessiner
G1 X269.00 Y-96.00 F1200
G1 X270.00 Y-97.00 F1200
G1 X271.00 Y-97.00 F1200
G1 X272.00 Y-98.00 F1200
G1 X271.00 Y-99.00 F1200
G1 X269.00 Y-99.00 F1200
G1 X268.00 Y-98.00 F1200
G0 Z3.0
G0 X268.00 Y-90.00 F1200
G0 Z-0.2 ; Descendre pour dessiner
G1 X269.00 Y-89.00 F1200
G1 X271.00 Y-89.00 F1200
G1 X272.00 Y-90.00 F1200
G1 X273.00 Y-90.00 F1200
G1 X274.00 Y-91.00 F1200
G1 X274.00 Y-92.00 F1200
G1 X273.00 Y-93.00 F1200
G1 X272.00 Y-93.00 F1200
G1 X271.00 Y-92.00 F1200
G1 X269.00 Y-92.00 F1200
G1 X268.00 Y-93.00 F1200
G1 X268.00 Y-98.00 F1200
G1 X269.00 Y-99.00 F1200
G1 X268.00 Y-100.00 F1200
G1 X267.00 Y-100.00 F1200
G1 X266.00 Y-99.00 F1200
G1 X266.00 Y-98.00 F1200
G1 X265.00 Y-97.00 F1200
G1 X265.00 Y-93.00 F1200
G1 X266.00 Y-92.00 F1200
G1 X266.00 Y-91.00 F1200
G1 X267.00 Y-90.00 F1200
G0 Z3.0
G0 X203.00 Y-89.00 F1200
G0 Z-0.2 ; Descendre pour dessiner
G1 X204.00 Y-90.00 F1200
G1 X203.00 Y-91.00 F1200
G1 X201.00 Y-91.00 F1200
G1 X203.00 Y-91.00 F1200
G1 X204.00 Y-92.00 F1200
G1 X204.00 Y-99.00 F1200
G1 X203.00 Y-100.00 F1200
G1 X202.00 Y-99.00 F1200
G1 X202.00 Y-93.00 F1200
G1 X201.00 Y-93.00 F1200
G1 X202.00 Y-94.00 F1200
G1 X202.00 Y-99.00 F1200
G1 X201.00 Y-100.00 F1200
G1 X199.00 Y-100.00 F1200
G1 X198.00 Y-101.00 F1200
G1 X196.00 Y-99.00 F1200
G1 X196.00 Y-94.00 F1200
G1 X196.00 Y-99.00 F1200
G1 X195.00 Y-100.00 F1200
G1 X194.00 Y-99.00 F1200
G1 X194.00 Y-95.00 F1200
G1 X194.00 Y-99.00 F1200
G1 X193.00 Y-100.00 F1200
G1 X192.00 Y-100.00 F1200
G1 X191.00 Y-101.00 F1200
G1 X190.00 Y-101.00 F1200
G1 X188.00 Y-99.00 F1200
G1 X188.00 Y-94.00 F1200
G1 X189.00 Y-93.00 F1200
G1 X190.00 Y-94.00 F1200
G1 X190.00 Y-98.00 F1200
G1 X190.00 Y-94.00 F1200
G1 X191.00 Y-93.00 F1200
G1 X192.00 Y-94.00 F1200
G1 X192.00 Y-98.00 F1200
G1 X192.00 Y-94.00 F1200
G1 X193.00 Y-93.00 F1200
G1 X194.00 Y-93.00 F1200
G1 X196.00 Y-91.00 F1200
G1 X198.00 Y-91.00 F1200
G1 X199.00 Y-92.00 F1200
G1 X199.00 Y-93.00 F1200
G1 X198.00 Y-94.00 F1200
G1 X198.00 Y-98.00 F1200
G1 X198.00 Y-94.00 F1200
G1 X199.00 Y-93.00 F1200
G1 X199.00 Y-92.00 F1200
G1 X198.00 Y-91.00 F1200
G1 X196.00 Y-91.00 F1200
G1 X194.00 Y-93.00 F1200
G1 X188.00 Y-93.00 F1200
G1 X188.00 Y-100.00 F1200
G1 X189.00 Y-100.00 F1200
G1 X190.00 Y-101.00 F1200
G1 X191.00 Y-101.00 F1200
G1 X192.00 Y-100.00 F1200
G1 X197.00 Y-100.00 F1200
G1 X198.00 Y-101.00 F1200
G1 X199.00 Y-100.00 F1200
G1 X212.00 Y-100.00 F1200
G1 X213.00 Y-101.00 F1200
G1 X215.00 Y-101.00 F1200
G1 X216.00 Y-100.00 F1200
G1 X220.00 Y-100.00 F1200
G1 X221.00 Y-101.00 F1200
G1 X222.00 Y-101.00 F1200
G1 X223.00 Y-100.00 F1200
G1 X228.00 Y-100.00 F1200
G1 X229.00 Y-101.00 F1200
G1 X230.00 Y-100.00 F1200
G1 X233.00 Y-100.00 F1200
G1 X234.00 Y-101.00 F1200
G1 X235.00 Y-101.00 F1200
G1 X236.00 Y-100.00 F1200
G1 X240.00 Y-100.00 F1200
G1 X241.00 Y-101.00 F1200
G1 X243.00 Y-101.00 F1200
G1 X244.00 Y-100.00 F1200
G1 X249.00 Y-100.00 F1200
G1 X249.00 Y-96.00 F1200
G1 X250.00 Y-95.00 F1200
G1 X251.00 Y-95.00 F1200
G1 X252.00 Y-96.00 F1200
G1 X252.00 Y-97.00 F1200
G1 X251.00 Y-98.00 F1200
G1 X251.00 Y-100.00 F1200
G1 X253.00 Y-100.00 F1200
G1 X254.00 Y-101.00 F1200
G1 X256.00 Y-101.00 F1200
G1 X257.00 Y-100.00 F1200
G1 X256.00 Y-101.00 F1200
G1 X254.00 Y-101.00 F1200
G1 X253.00 Y-100.00 F1200
G1 X254.00 Y-99.00 F1200
G1 X255.00 Y-99.00 F1200
G1 X257.00 Y-97.00 F1200
G1 X258.00 Y-97.00 F1200
G1 X260.00 Y-99.00 F1200
G1 X259.00 Y-100.00 F1200
G1 X259.00 Y-102.00 F1200
G1 X261.00 Y-102.00 F1200
G1 X261.00 Y-99.00 F1200
G1 X260.00 Y-99.00 F1200
G1 X258.00 Y-97.00 F1200
G1 X257.00 Y-97.00 F1200
G1 X256.00 Y-98.00 F1200
G1 X255.00 Y-97.00 F1200
G1 X254.00 Y-97.00 F1200
G1 X255.00 Y-97.00 F1200
G1 X256.00 Y-98.00 F1200
G1 X255.00 Y-99.00 F1200
G1 X254.00 Y-99.00 F1200
G1 X253.00 Y-100.00 F1200
G1 X252.00 Y-100.00 F1200
G1 X251.00 Y-99.00 F1200
G1 X252.00 Y-98.00 F1200
G1 X252.00 Y-96.00 F1200
G1 X251.00 Y-95.00 F1200
G1 X250.00 Y-95.00 F1200
G1 X249.00 Y-96.00 F1200
G1 X249.00 Y-99.00 F1200
G1 X248.00 Y-100.00 F1200
G1 X247.00 Y-99.00 F1200
G1 X247.00 Y-94.00 F1200
G1 X249.00 Y-92.00 F1200
G1 X251.00 Y-92.00 F1200
G1 X252.00 Y-93.00 F1200
G1 X253.00 Y-93.00 F1200
G1 X254.00 Y-92.00 F1200
G1 X255.00 Y-92.00 F1200
G1 X256.00 Y-93.00 F1200
G1 X257.00 Y-93.00 F1200
G1 X258.00 Y-94.00 F1200
G1 X257.00 Y-95.00 F1200
G1 X258.00 Y-95.00 F1200
G1 X258.00 Y-93.00 F1200
G1 X256.00 Y-93.00 F1200
G1 X255.00 Y-92.00 F1200
G1 X254.00 Y-92.00 F1200
G1 X253.00 Y-93.00 F1200
G1 X252.00 Y-93.00 F1200
G1 X251.00 Y-92.00 F1200
G1 X249.00 Y-92.00 F1200
G1 X248.00 Y-93.00 F1200
G1 X236.00 Y-93.00 F1200
G1 X235.00 Y-92.00 F1200
G1 X234.00 Y-92.00 F1200
G1 X233.00 Y-93.00 F1200
G1 X232.00 Y-93.00 F1200
G1 X231.00 Y-94.00 F1200
G1 X230.00 Y-93.00 F1200
G1 X230.00 Y-92.00 F1200
G1 X229.00 Y-91.00 F1200
G1 X227.00 Y-91.00 F1200
G1 X225.00 Y-93.00 F1200
G1 X224.00 Y-93.00 F1200
G1 X223.00 Y-92.00 F1200
G1 X221.00 Y-92.00 F1200
G1 X220.00 Y-93.00 F1200
G1 X216.00 Y-93.00 F1200
G1 X215.00 Y-92.00 F1200
G1 X213.00 Y-92.00 F1200
G1 X212.00 Y-93.00 F1200
G1 X211.00 Y-93.00 F1200
G1 X210.00 Y-92.00 F1200
G1 X210.00 Y-90.00 F1200
G1 X209.00 Y-89.00 F1200
G1 X208.00 Y-90.00 F1200
G1 X207.00 Y-89.00 F1200
G1 X206.00 Y-90.00 F1200
G1 X204.00 Y-90.00 F1200
G0 Z3.0
G0 X259.00 Y-100.00 F1200
G0 Z-0.2 ; Descendre pour dessiner
G1 X260.00 Y-99.00 F1200
G1 X261.00 Y-100.00 F1200
G1 X261.00 Y-101.00 F1200
G1 X260.00 Y-102.00 F1200
G1 X259.00 Y-101.00 F1200
G0 Z3.0
G0 X233.00 Y-100.00 F1200
G0 Z-0.2 ; Descendre pour dessiner
G1 X234.00 Y-99.00 F1200
G1 X235.00 Y-99.00 F1200
G1 X236.00 Y-100.00 F1200
G1 X235.00 Y-101.00 F1200
G1 X234.00 Y-101.00 F1200
G0 Z3.0
G0 X220.00 Y-100.00 F1200
G0 Z-0.2 ; Descendre pour dessiner
G1 X221.00 Y-99.00 F1200
G1 X222.00 Y-99.00 F1200
G1 X223.00 Y-100.00 F1200
G1 X222.00 Y-101.00 F1200
G1 X221.00 Y-101.00 F1200
G0 Z3.0
G0 X237.00 Y-98.00 F1200
G0 Z-0.2 ; Descendre pour dessiner
G1 X238.00 Y-97.00 F1200
G1 X239.00 Y-98.00 F1200
G1 X239.00 Y-99.00 F1200
G1 X238.00 Y-100.00 F1200
G1 X237.00 Y-99.00 F1200
G0 Z3.0
G0 X233.00 Y-98.00 F1200
G0 Z-0.2 ; Descendre pour dessiner
G1 X234.00 Y-97.00 F1200
G1 X236.00 Y-97.00 F1200
G1 X237.00 Y-98.00 F1200
G1 X237.00 Y-99.00 F1200
G1 X236.00 Y-100.00 F1200
G1 X235.00 Y-99.00 F1200
G1 X234.00 Y-99.00 F1200
G0 Z3.0
G0 X245.00 Y-94.00 F1200
G0 Z-0.2 ; Descendre pour dessiner
G1 X246.00 Y-93.00 F1200
G1 X247.00 Y-94.00 F1200
G1 X247.00 Y-99.00 F1200
G1 X246.00 Y-100.00 F1200
G1 X245.00 Y-99.00 F1200
G0 Z3.0
G0 X217.00 Y-94.00 F1200
G0 Z-0.2 ; Descendre pour dessiner
G1 X218.00 Y-93.00 F1200
G1 X219.00 Y-94.00 F1200
G1 X219.00 Y-96.00 F1200
G1 X218.00 Y-97.00 F1200
G1 X217.00 Y-96.00 F1200
G0 Z3.0
G0 X233.00 Y-93.00 F1200
G0 Z-0.2 ; Descendre pour dessiner
G1 X234.00 Y-92.00 F1200
G1 X235.00 Y-92.00 F1200
G1 X236.00 Y-93.00 F1200
G1 X235.00 Y-94.00 F1200
G1 X234.00 Y-94.00 F1200
G0 Z3.0
G0 X220.00 Y-93.00 F1200
G0 Z-0.2 ; Descendre pour dessiner
G1 X221.00 Y-92.00 F1200
G1 X223.00 Y-92.00 F1200
G1 X224.00 Y-93.00 F1200
G1 X226.00 Y-93.00 F1200
G1 X227.00 Y-94.00 F1200
G1 X227.00 Y-99.00 F1200
G1 X226.00 Y-100.00 F1200
G1 X225.00 Y-99.00 F1200
G1 X225.00 Y-95.00 F1200
G1 X225.00 Y-99.00 F1200
G1 X224.00 Y-100.00 F1200
G1 X223.00 Y-100.00 F1200
G1 X222.00 Y-99.00 F1200
G1 X223.00 Y-98.00 F1200
G1 X223.00 Y-95.00 F1200
G1 X222.00 Y-94.00 F1200
G1 X221.00 Y-94.00 F1200
G0 Z3.0
G0 X212.00 Y-93.00 F1200
G0 Z-0.2 ; Descendre pour dessiner
G1 X213.00 Y-92.00 F1200
G1 X215.00 Y-92.00 F1200
G1 X217.00 Y-94.00 F1200
G1 X217.00 Y-97.00 F1200
G1 X219.00 Y-97.00 F1200
G1 X219.00 Y-94.00 F1200
G1 X220.00 Y-93.00 F1200
G1 X221.00 Y-94.00 F1200
G1 X222.00 Y-94.00 F1200
G1 X223.00 Y-95.00 F1200
G1 X223.00 Y-96.00 F1200
G1 X222.00 Y-97.00 F1200
G1 X221.00 Y-96.00 F1200
G1 X221.00 Y-99.00 F1200
G1 X220.00 Y-100.00 F1200
G1 X216.00 Y-100.00 F1200
G1 X215.00 Y-101.00 F1200
G1 X213.00 Y-101.00 F1200
G1 X212.00 Y-100.00 F1200
G1 X209.00 Y-100.00 F1200
G1 X208.00 Y-99.00 F1200
G1 X208.00 Y-94.00 F1200
G1 X209.00 Y-93.00 F1200
G0 Z3.0
G0 X213.00 Y-95.00 F1200
G0 Z-0.2 ; Descendre pour dessiner
G1 X212.00 Y-96.00 F1200
G1 X210.00 Y-96.00 F1200
G1 X210.00 Y-98.00 F1200
G1 X212.00 Y-98.00 F1200
G1 X211.00 Y-98.00 F1200
G1 X210.00 Y-97.00 F1200
G1 X211.00 Y-96.00 F1200
G1 X212.00 Y-96.00 F1200
G0 Z3.0
G0 X226.00 Y-92.00 F1200
G0 Z-0.2 ; Descendre pour dessiner
G1 X227.00 Y-91.00 F1200
G1 X229.00 Y-91.00 F1200
G1 X230.00 Y-92.00 F1200
G1 X230.00 Y-93.00 F1200
G1 X229.00 Y-94.00 F1200
G1 X229.00 Y-98.00 F1200
G1 X229.00 Y-94.00 F1200
G1 X230.00 Y-93.00 F1200
G1 X231.00 Y-94.00 F1200
G1 X231.00 Y-98.00 F1200
G1 X231.00 Y-94.00 F1200
G1 X232.00 Y-93.00 F1200
G1 X233.00 Y-93.00 F1200
G1 X234.00 Y-94.00 F1200
G1 X233.00 Y-95.00 F1200
G1 X234.00 Y-94.00 F1200
G1 X235.00 Y-95.00 F1200
G1 X235.00 Y-94.00 F1200
G1 X236.00 Y-93.00 F1200
G1 X237.00 Y-94.00 F1200
G1 X237.00 Y-95.00 F1200
G1 X239.00 Y-95.00 F1200
G1 X239.00 Y-94.00 F1200
G1 X240.00 Y-93.00 F1200
G1 X241.00 Y-94.00 F1200
G1 X241.00 Y-98.00 F1200
G1 X241.00 Y-94.00 F1200
G1 X242.00 Y-93.00 F1200
G1 X243.00 Y-94.00 F1200
G1 X243.00 Y-98.00 F1200
G1 X243.00 Y-94.00 F1200
G1 X244.00 Y-93.00 F1200
G1 X245.00 Y-94.00 F1200
G1 X245.00 Y-99.00 F1200
G1 X243.00 Y-101.00 F1200
G1 X241.00 Y-101.00 F1200
G1 X239.00 Y-99.00 F1200
G1 X239.00 Y-97.00 F1200
G1 X233.00 Y-97.00 F1200
G1 X233.00 Y-98.00 F1200
G1 X234.00 Y-99.00 F1200
G1 X233.00 Y-100.00 F1200
G1 X230.00 Y-100.00 F1200
G1 X229.00 Y-101.00 F1200
G1 X227.00 Y-99.00 F1200
G1 X227.00 Y-94.00 F1200
G1 X226.00 Y-93.00 F1200
G0 Z3.0
G0 X204.00 Y-91.00 F1200
G0 Z-0.2 ; Descendre pour dessiner
G1 X205.00 Y-90.00 F1200
G1 X206.00 Y-91.00 F1200
G1 X206.00 Y-99.00 F1200
G1 X205.00 Y-100.00 F1200
G1 X204.00 Y-99.00 F1200
G0 Z3.0
G0 X206.00 Y-90.00 F1200
G0 Z-0.2 ; Descendre pour dessiner
G1 X207.00 Y-89.00 F1200
G1 X208.00 Y-90.00 F1200
G1 X208.00 Y-99.00 F1200
G1 X207.00 Y-100.00 F1200
G1 X206.00 Y-99.00 F1200
G0 Z3.0
G0 X92.00 Y-89.00 F1200
G0 Z-0.2 ; Descendre pour dessiner
G1 X91.00 Y-90.00 F1200
G1 X91.00 Y-100.00 F1200
G1 X96.00 Y-100.00 F1200
G1 X97.00 Y-101.00 F1200
G1 X98.00 Y-101.00 F1200
G1 X99.00 Y-100.00 F1200
G1 X101.00 Y-100.00 F1200
G1 X101.00 Y-93.00 F1200
G1 X100.00 Y-93.00 F1200
G1 X99.00 Y-92.00 F1200
G1 X97.00 Y-92.00 F1200
G1 X96.00 Y-93.00 F1200
G1 X95.00 Y-93.00 F1200
G1 X96.00 Y-93.00 F1200
G1 X98.00 Y-95.00 F1200
G1 X97.00 Y-96.00 F1200
G1 X97.00 Y-97.00 F1200
G1 X98.00 Y-97.00 F1200
G1 X99.00 Y-98.00 F1200
G1 X98.00 Y-99.00 F1200
G1 X97.00 Y-99.00 F1200
G1 X96.00 Y-100.00 F1200
G1 X92.00 Y-100.00 F1200
G1 X91.00 Y-99.00 F1200
G1 X91.00 Y-90.00 F1200
G1 X92.00 Y-89.00 F1200
G1 X93.00 Y-90.00 F1200
G1 X93.00 Y-93.00 F1200
G1 X93.00 Y-90.00 F1200
G0 Z3.0
G0 X96.00 Y-100.00 F1200
G0 Z-0.2 ; Descendre pour dessiner
G1 X97.00 Y-99.00 F1200
G1 X98.00 Y-99.00 F1200
G1 X99.00 Y-100.00 F1200
G1 X98.00 Y-101.00 F1200
G1 X97.00 Y-101.00 F1200
G0 Z3.0
G0 X96.00 Y-93.00 F1200
G0 Z-0.2 ; Descendre pour dessiner
G1 X97.00 Y-92.00 F1200
G1 X99.00 Y-92.00 F1200
G1 X101.00 Y-94.00 F1200
G1 X101.00 Y-99.00 F1200
G1 X100.00 Y-100.00 F1200
G1 X99.00 Y-100.00 F1200
G1 X98.00 Y-99.00 F1200
G1 X99.00 Y-98.00 F1200
G1 X98.00 Y-97.00 F1200
G1 X99.00 Y-96.00 F1200
G1 X98.00 Y-95.00 F1200
G1 X98.00 Y-94.00 F1200
G1 X97.00 Y-94.00 F1200
G0 Z3.0
G0 X59.00 Y-89.00 F1200
G0 Z-0.2 ; Descendre pour dessiner
G1 X58.00 Y-90.00 F1200
G1 X57.00 Y-90.00 F1200
G1 X57.00 Y-100.00 F1200
G1 X59.00 Y-100.00 F1200
G1 X59.00 Y-99.00 F1200
G1 X61.00 Y-97.00 F1200
G1 X63.00 Y-97.00 F1200
G1 X64.00 Y-96.00 F1200
G1 X63.00 Y-97.00 F1200
G1 X61.00 Y-97.00 F1200
G1 X58.00 Y-100.00 F1200
G1 X57.00 Y-99.00 F1200
G1 X57.00 Y-91.00 F1200
G1 X59.00 Y-89.00 F1200
G1 X62.00 Y-89.00 F1200
G1 X63.00 Y-90.00 F1200
G1 X64.00 Y-90.00 F1200
G1 X65.00 Y-91.00 F1200
G1 X65.00 Y-93.00 F1200
G1 X65.00 Y-90.00 F1200
G1 X63.00 Y-90.00 F1200
G1 X62.00 Y-89.00 F1200
G0 Z3.0
G0 X391.00 Y-56.00 F1200
G0 Z-0.2 ; Descendre pour dessiner
G1 X390.00 Y-57.00 F1200
G1 X390.00 Y-58.00 F1200
G1 X391.00 Y-59.00 F1200
G1 X392.00 Y-58.00 F1200
G1 X393.00 Y-58.00 F1200
G1 X393.00 Y-56.00 F1200
G0 Z3.0
G0 X390.00 Y-57.00 F1200
G0 Z-0.2 ; Descendre pour dessiner
G1 X391.00 Y-56.00 F1200
G1 X392.00 Y-56.00 F1200
G1 X393.00 Y-57.00 F1200
G1 X391.00 Y-59.00 F1200
G1 X390.00 Y-58.00 F1200
G0 Z3.0
G0 X257.00 Y-56.00 F1200
G0 Z-0.2 ; Descendre pour dessiner
G1 X256.00 Y-57.00 F1200
G1 X256.00 Y-58.00 F1200
G1 X257.00 Y-59.00 F1200
G1 X258.00 Y-59.00 F1200
G1 X259.00 Y-58.00 F1200
G1 X259.00 Y-57.00 F1200
G1 X258.00 Y-56.00 F1200
G0 Z3.0
G0 X256.00 Y-57.00 F1200
G0 Z-0.2 ; Descendre pour dessiner
G1 X257.00 Y-56.00 F1200
G1 X258.00 Y-56.00 F1200
G1 X259.00 Y-57.00 F1200
G1 X259.00 Y-58.00 F1200
G1 X258.00 Y-59.00 F1200
G1 X257.00 Y-59.00 F1200
G1 X256.00 Y-58.00 F1200
G0 Z3.0
G0 X243.00 Y-52.00 F1200
G0 Z-0.2 ; Descendre pour dessiner
G1 X242.00 Y-53.00 F1200
G1 X242.00 Y-54.00 F1200
G1 X241.00 Y-55.00 F1200
G1 X242.00 Y-56.00 F1200
G1 X242.00 Y-57.00 F1200
G1 X243.00 Y-58.00 F1200
G1 X246.00 Y-58.00 F1200
G1 X247.00 Y-57.00 F1200
G1 X247.00 Y-56.00 F1200
G1 X248.00 Y-55.00 F1200
G1 X247.00 Y-54.00 F1200
G1 X247.00 Y-53.00 F1200
G1 X246.00 Y-52.00 F1200
G0 Z3.0
G0 X244.00 Y-52.00 F1200
G0 Z-0.2 ; Descendre pour dessiner
G1 X245.00 Y-52.00 F1200
G1 X248.00 Y-55.00 F1200
G1 X245.00 Y-58.00 F1200
G1 X244.00 Y-58.00 F1200
G1 X241.00 Y-55.00 F1200
G0 Z3.0
G0 X104.00 Y-51.00 F1200
G0 Z-0.2 ; Descendre pour dessiner
G1 X104.00 Y-53.00 F1200
G1 X105.00 Y-53.00 F1200
G1 X106.00 Y-54.00 F1200
G1 X108.00 Y-54.00 F1200
G1 X110.00 Y-56.00 F1200
G1 X110.00 Y-60.00 F1200
G1 X109.00 Y-61.00 F1200
G1 X101.00 Y-61.00 F1200
G1 X100.00 Y-60.00 F1200
G1 X100.00 Y-59.00 F1200
G1 X100.00 Y-61.00 F1200
G1 X110.00 Y-61.00 F1200
G1 X110.00 Y-55.00 F1200
G1 X109.00 Y-54.00 F1200
G1 X106.00 Y-54.00 F1200
G1 X104.00 Y-52.00 F1200
G1 X105.00 Y-51.00 F1200
G0 Z3.0
G0 X828.00 Y-49.00 F1200
G0 Z-0.2 ; Descendre pour dessiner
G1 X828.00 Y-61.00 F1200
G1 X831.00 Y-61.00 F1200
G1 X831.00 Y-54.00 F1200
G1 X834.00 Y-51.00 F1200
G1 X836.00 Y-51.00 F1200
G1 X836.00 Y-49.00 F1200
G0 Z3.0
G0 X828.00 Y-50.00 F1200
G0 Z-0.2 ; Descendre pour dessiner
G1 X829.00 Y-49.00 F1200
G1 X835.00 Y-49.00 F1200
G1 X836.00 Y-50.00 F1200
G1 X835.00 Y-51.00 F1200
G1 X834.00 Y-51.00 F1200
G1 X833.00 Y-52.00 F1200
G1 X832.00 Y-52.00 F1200
G1 X832.00 Y-53.00 F1200
G1 X831.00 Y-54.00 F1200
G1 X831.00 Y-60.00 F1200
G1 X830.00 Y-61.00 F1200
G1 X829.00 Y-61.00 F1200
G1 X828.00 Y-60.00 F1200
G0 Z3.0
G0 X814.00 Y-49.00 F1200
G0 Z-0.2 ; Descendre pour dessiner
G1 X814.00 Y-61.00 F1200
G1 X825.00 Y-61.00 F1200
G1 X825.00 Y-49.00 F1200
G1 X822.00 Y-49.00 F1200
G1 X822.00 Y-56.00 F1200
G1 X820.00 Y-58.00 F1200
G1 X819.00 Y-58.00 F1200
G1 X817.00 Y-56.00 F1200
G1 X817.00 Y-49.00 F1200
G0 Z3.0
G0 X814.00 Y-50.00 F1200
G0 Z-0.2 ; Descendre pour dessiner
G1 X815.00 Y-49.00 F1200
G1 X816.00 Y-49.00 F1200
G1 X817.00 Y-50.00 F1200
G1 X817.00 Y-56.00 F1200
G1 X818.00 Y-57.00 F1200
G1 X818.00 Y-58.00 F1200
G1 X821.00 Y-58.00 F1200
G1 X821.00 Y-57.00 F1200
G1 X822.00 Y-56.00 F1200
G1 X822.00 Y-50.00 F1200
G1 X823.00 Y-49.00 F1200
G1 X824.00 Y-49.00 F1200
G1 X825.00 Y-50.00 F1200
G1 X825.00 Y-60.00 F1200
G1 X824.00 Y-61.00 F1200
G1 X815.00 Y-61.00 F1200
G1 X814.00 Y-60.00 F1200
G0 Z3.0
G0 X771.00 Y-49.00 F1200
G0 Z-0.2 ; Descendre pour dessiner
G1 X771.00 Y-66.00 F1200
G1 X774.00 Y-66.00 F1200
G1 X774.00 Y-63.00 F1200
G1 X776.00 Y-61.00 F1200
G1 X782.00 Y-61.00 F1200
G1 X783.00 Y-60.00 F1200
G1 X783.00 Y-58.00 F1200
G1 X784.00 Y-57.00 F1200
G1 X785.00 Y-58.00 F1200
G1 X785.00 Y-66.00 F1200
G1 X788.00 Y-66.00 F1200
G1 X788.00 Y-63.00 F1200
G1 X790.00 Y-61.00 F1200
G1 X796.00 Y-61.00 F1200
G1 X799.00 Y-58.00 F1200
G1 X800.00 Y-59.00 F1200
G1 X800.00 Y-60.00 F1200
G1 X801.00 Y-61.00 F1200
G1 X810.00 Y-61.00 F1200
G1 X812.00 Y-59.00 F1200
G1 X811.00 Y-58.00 F1200
G1 X811.00 Y-57.00 F1200
G1 X808.00 Y-57.00 F1200
G1 X806.00 Y-59.00 F1200
G1 X804.00 Y-57.00 F1200
G1 X804.00 Y-56.00 F1200
G1 X805.00 Y-55.00 F1200
G1 X812.00 Y-55.00 F1200
G1 X812.00 Y-51.00 F1200
G1 X810.00 Y-49.00 F1200
G1 X801.00 Y-49.00 F1200
G1 X800.00 Y-50.00 F1200
G1 X800.00 Y-51.00 F1200
G1 X799.00 Y-52.00 F1200
G1 X796.00 Y-49.00 F1200
G1 X785.00 Y-49.00 F1200
G1 X785.00 Y-52.00 F1200
G1 X784.00 Y-53.00 F1200
G1 X783.00 Y-52.00 F1200
G1 X783.00 Y-50.00 F1200
G1 X782.00 Y-49.00 F1200
G0 Z3.0
G0 X771.00 Y-50.00 F1200
G0 Z-0.2 ; Descendre pour dessiner
G1 X772.00 Y-49.00 F1200
G1 X781.00 Y-49.00 F1200
G1 X783.00 Y-51.00 F1200
G1 X783.00 Y-54.00 F1200
G1 X784.00 Y-53.00 F1200
G1 X785.00 Y-53.00 F1200
G1 X785.00 Y-50.00 F1200
G1 X786.00 Y-49.00 F1200
G1 X795.00 Y-49.00 F1200
G1 X798.00 Y-52.00 F1200
G1 X800.00 Y-52.00 F1200
G1 X800.00 Y-51.00 F1200
G1 X802.00 Y-49.00 F1200
G1 X809.00 Y-49.00 F1200
G1 X812.00 Y-52.00 F1200
G1 X812.00 Y-54.00 F1200
G1 X811.00 Y-55.00 F1200
G1 X805.00 Y-55.00 F1200
G1 X804.00 Y-56.00 F1200
G1 X804.00 Y-58.00 F1200
G1 X805.00 Y-58.00 F1200
G1 X806.00 Y-59.00 F1200
G1 X807.00 Y-58.00 F1200
G1 X808.00 Y-58.00 F1200
G1 X809.00 Y-57.00 F1200
G1 X810.00 Y-57.00 F1200
G1 X812.00 Y-59.00 F1200
G1 X810.00 Y-61.00 F1200
G1 X802.00 Y-61.00 F1200
G1 X800.00 Y-59.00 F1200
G1 X800.00 Y-58.00 F1200
G1 X798.00 Y-58.00 F1200
G1 X795.00 Y-61.00 F1200
G1 X790.00 Y-61.00 F1200
G1 X788.00 Y-63.00 F1200
G1 X788.00 Y-65.00 F1200
G1 X787.00 Y-66.00 F1200
G1 X786.00 Y-66.00 F1200
G1 X785.00 Y-65.00 F1200
G1 X785.00 Y-57.00 F1200
G1 X784.00 Y-57.00 F1200
G1 X783.00 Y-56.00 F1200
G1 X783.00 Y-59.00 F1200
G1 X781.00 Y-61.00 F1200
G1 X776.00 Y-61.00 F1200
G1 X774.00 Y-63.00 F1200
G1 X774.00 Y-65.00 F1200
G1 X773.00 Y-66.00 F1200
G1 X772.00 Y-66.00 F1200
G1 X771.00 Y-65.00 F1200
G0 Z3.0
G0 X790.00 Y-52.00 F1200
G0 Z-0.2 ; Descendre pour dessiner
G1 X789.00 Y-53.00 F1200
G1 X789.00 Y-54.00 F1200
G1 X788.00 Y-55.00 F1200
G1 X789.00 Y-56.00 F1200
G1 X789.00 Y-57.00 F1200
G1 X790.00 Y-58.00 F1200
G1 X793.00 Y-58.00 F1200
G1 X794.00 Y-57.00 F1200
G1 X794.00 Y-56.00 F1200
G1 X795.00 Y-55.00 F1200
G1 X794.00 Y-54.00 F1200
G1 X794.00 Y-53.00 F1200
G1 X793.00 Y-52.00 F1200
G0 Z3.0
G0 X791.00 Y-52.00 F1200
G0 Z-0.2 ; Descendre pour dessiner
G1 X792.00 Y-52.00 F1200
G1 X795.00 Y-55.00 F1200
G1 X792.00 Y-58.00 F1200
G1 X791.00 Y-58.00 F1200
G1 X788.00 Y-55.00 F1200
G0 Z3.0
G0 X806.00 Y-51.00 F1200
G0 Z-0.2 ; Descendre pour dessiner
G1 X805.00 Y-52.00 F1200
G1 X804.00 Y-52.00 F1200
G1 X805.00 Y-52.00 F1200
G1 X806.00 Y-53.00 F1200
G1 X807.00 Y-52.00 F1200
G1 X808.00 Y-53.00 F1200
G1 X808.00 Y-52.00 F1200
G1 X807.00 Y-52.00 F1200
G0 Z3.0
G0 X777.00 Y-51.00 F1200
G0 Z-0.2 ; Descendre pour dessiner
G1 X776.00 Y-52.00 F1200
G1 X775.00 Y-52.00 F1200
G1 X775.00 Y-53.00 F1200
G1 X774.00 Y-54.00 F1200
G1 X774.00 Y-56.00 F1200
G1 X775.00 Y-57.00 F1200
G1 X775.00 Y-58.00 F1200
G1 X776.00 Y-58.00 F1200
G1 X777.00 Y-59.00 F1200
G1 X778.00 Y-58.00 F1200
G1 X779.00 Y-58.00 F1200
G1 X779.00 Y-57.00 F1200
G1 X780.00 Y-56.00 F1200
G1 X780.00 Y-54.00 F1200
G1 X779.00 Y-53.00 F1200
G1 X779.00 Y-52.00 F1200
G1 X778.00 Y-52.00 F1200
G0 Z3.0
G0 X777.00 Y-51.00 F1200
G0 Z-0.2 ; Descendre pour dessiner
G1 X780.00 Y-54.00 F1200
G1 X780.00 Y-56.00 F1200
G1 X777.00 Y-59.00 F1200
G1 X774.00 Y-56.00 F1200
G1 X774.00 Y-54.00 F1200
G0 Z3.0
G0 X758.00 Y-49.00 F1200
G0 Z-0.2 ; Descendre pour dessiner
G1 X756.00 Y-51.00 F1200
G1 X756.00 Y-59.00 F1200
G1 X758.00 Y-61.00 F1200
G1 X767.00 Y-61.00 F1200
G1 X769.00 Y-59.00 F1200
G1 X769.00 Y-51.00 F1200
G1 X767.00 Y-49.00 F1200
G0 Z3.0
G0 X759.00 Y-49.00 F1200
G0 Z-0.2 ; Descendre pour dessiner
G1 X766.00 Y-49.00 F1200
G1 X769.00 Y-52.00 F1200
G1 X769.00 Y-58.00 F1200
G1 X766.00 Y-61.00 F1200
G1 X759.00 Y-61.00 F1200
G1 X756.00 Y-58.00 F1200
G1 X756.00 Y-52.00 F1200
G0 Z3.0
G0 X761.00 Y-52.00 F1200
G0 Z-0.2 ; Descendre pour dessiner
G1 X760.00 Y-53.00 F1200
G1 X760.00 Y-54.00 F1200
G1 X759.00 Y-55.00 F1200
G1 X760.00 Y-56.00 F1200
G1 X760.00 Y-57.00 F1200
G1 X761.00 Y-58.00 F1200
G1 X764.00 Y-58.00 F1200
G1 X765.00 Y-57.00 F1200
G1 X765.00 Y-56.00 F1200
G1 X766.00 Y-55.00 F1200
G1 X765.00 Y-54.00 F1200
G1 X765.00 Y-53.00 F1200
G1 X764.00 Y-52.00 F1200
G0 Z3.0
G0 X762.00 Y-52.00 F1200
G0 Z-0.2 ; Descendre pour dessiner
G1 X763.00 Y-52.00 F1200
G1 X766.00 Y-55.00 F1200
G1 X763.00 Y-58.00 F1200
G1 X762.00 Y-58.00 F1200
G1 X759.00 Y-55.00 F1200
G0 Z3.0
G0 X678.00 Y-49.00 F1200
G0 Z-0.2 ; Descendre pour dessiner
G1 X677.00 Y-50.00 F1200
G1 X677.00 Y-51.00 F1200
G1 X676.00 Y-52.00 F1200
G1 X676.00 Y-58.00 F1200
G1 X677.00 Y-59.00 F1200
G1 X677.00 Y-60.00 F1200
G1 X678.00 Y-61.00 F1200
G1 X687.00 Y-61.00 F1200
G1 X688.00 Y-60.00 F1200
G1 X688.00 Y-57.00 F1200
G1 X685.00 Y-57.00 F1200
G1 X683.00 Y-59.00 F1200
G1 X680.00 Y-56.00 F1200
G1 X681.00 Y-55.00 F1200
G1 X689.00 Y-55.00 F1200
G1 X689.00 Y-52.00 F1200
G1 X688.00 Y-51.00 F1200
G1 X688.00 Y-50.00 F1200
G1 X687.00 Y-49.00 F1200
G0 Z3.0
G0 X679.00 Y-49.00 F1200
G0 Z-0.2 ; Descendre pour dessiner
G1 X686.00 Y-49.00 F1200
G1 X689.00 Y-52.00 F1200
G1 X689.00 Y-54.00 F1200
G1 X688.00 Y-55.00 F1200
G1 X681.00 Y-55.00 F1200
G1 X680.00 Y-56.00 F1200
G1 X680.00 Y-57.00 F1200
G1 X681.00 Y-58.00 F1200
G1 X682.00 Y-58.00 F1200
G1 X683.00 Y-59.00 F1200
G1 X684.00 Y-58.00 F1200
G1 X685.00 Y-58.00 F1200
G1 X686.00 Y-57.00 F1200
G1 X687.00 Y-57.00 F1200
G1 X688.00 Y-58.00 F1200
G1 X688.00 Y-59.00 F1200
G1 X686.00 Y-61.00 F1200
G1 X679.00 Y-61.00 F1200
G1 X676.00 Y-58.00 F1200
G1 X676.00 Y-52.00 F1200
G0 Z3.0
G0 X682.00 Y-51.00 F1200
G0 Z-0.2 ; Descendre pour dessiner
G1 X681.00 Y-52.00 F1200
G1 X681.00 Y-53.00 F1200
G1 X684.00 Y-53.00 F1200
G1 X684.00 Y-52.00 F1200
G1 X683.00 Y-51.00 F1200
G0 Z3.0
G0 X681.00 Y-52.00 F1200
G0 Z-0.2 ; Descendre pour dessiner
G1 X682.00 Y-51.00 F1200
G1 X683.00 Y-51.00 F1200
G1 X684.00 Y-52.00 F1200
G1 X683.00 Y-53.00 F1200
G1 X682.00 Y-53.00 F1200
G0 Z3.0
G0 X644.00 Y-49.00 F1200
G0 Z-0.2 ; Descendre pour dessiner
G1 X643.00 Y-50.00 F1200
G1 X643.00 Y-52.00 F1200
G1 X642.00 Y-53.00 F1200
G1 X642.00 Y-57.00 F1200
G1 X643.00 Y-58.00 F1200
G1 X643.00 Y-60.00 F1200
G1 X644.00 Y-61.00 F1200
G1 X653.00 Y-61.00 F1200
G1 X654.00 Y-60.00 F1200
G1 X654.00 Y-57.00 F1200
G1 X651.00 Y-57.00 F1200
G1 X649.00 Y-59.00 F1200
G1 X646.00 Y-56.00 F1200
G1 X647.00 Y-55.00 F1200
G1 X655.00 Y-55.00 F1200
G1 X655.00 Y-52.00 F1200
G1 X654.00 Y-51.00 F1200
G1 X654.00 Y-50.00 F1200
G1 X653.00 Y-49.00 F1200
G0 Z3.0
G0 X645.00 Y-49.00 F1200
G0 Z-0.2 ; Descendre pour dessiner
G1 X652.00 Y-49.00 F1200
G1 X655.00 Y-52.00 F1200
G1 X655.00 Y-54.00 F1200
G1 X654.00 Y-55.00 F1200
G1 X647.00 Y-55.00 F1200
G1 X646.00 Y-56.00 F1200
G1 X646.00 Y-57.00 F1200
G1 X647.00 Y-58.00 F1200
G1 X648.00 Y-58.00 F1200
G1 X649.00 Y-59.00 F1200
G1 X650.00 Y-58.00 F1200
G1 X651.00 Y-58.00 F1200
G1 X652.00 Y-57.00 F1200
G1 X653.00 Y-57.00 F1200
G1 X654.00 Y-58.00 F1200
G1 X654.00 Y-59.00 F1200
G1 X652.00 Y-61.00 F1200
G1 X645.00 Y-61.00 F1200
G1 X643.00 Y-59.00 F1200
G1 X643.00 Y-58.00 F1200
G1 X642.00 Y-57.00 F1200
G1 X642.00 Y-53.00 F1200
G1 X643.00 Y-52.00 F1200
G1 X643.00 Y-51.00 F1200
G0 Z3.0
G0 X648.00 Y-51.00 F1200
G0 Z-0.2 ; Descendre pour dessiner
G1 X647.00 Y-52.00 F1200
G1 X647.00 Y-53.00 F1200
G1 X650.00 Y-53.00 F1200
G1 X650.00 Y-52.00 F1200
G1 X649.00 Y-51.00 F1200
G0 Z3.0
G0 X647.00 Y-52.00 F1200
G0 Z-0.2 ; Descendre pour dessiner
G1 X648.00 Y-51.00 F1200
G1 X649.00 Y-51.00 F1200
G1 X650.00 Y-52.00 F1200
G1 X649.00 Y-53.00 F1200
G1 X648.00 Y-53.00 F1200
G0 Z3.0
G0 X619.00 Y-49.00 F1200
G0 Z-0.2 ; Descendre pour dessiner
G1 X619.00 Y-66.00 F1200
G1 X623.00 Y-66.00 F1200
G1 X623.00 Y-63.00 F1200
G1 X625.00 Y-61.00 F1200
G1 X631.00 Y-61.00 F1200
G1 X631.00 Y-60.00 F1200
G1 X632.00 Y-59.00 F1200
G1 X632.00 Y-52.00 F1200
G1 X631.00 Y-51.00 F1200
G1 X631.00 Y-49.00 F1200
G0 Z3.0
G0 X619.00 Y-50.00 F1200
G0 Z-0.2 ; Descendre pour dessiner
G1 X620.00 Y-49.00 F1200
G1 X630.00 Y-49.00 F1200
G1 X631.00 Y-50.00 F1200
G1 X631.00 Y-52.00 F1200
G1 X632.00 Y-53.00 F1200
G1 X632.00 Y-59.00 F1200
G1 X630.00 Y-61.00 F1200
G1 X625.00 Y-61.00 F1200
G1 X623.00 Y-63.00 F1200
G1 X623.00 Y-65.00 F1200
G1 X622.00 Y-66.00 F1200
G1 X620.00 Y-66.00 F1200
G1 X619.00 Y-65.00 F1200
G0 Z3.0
G0 X626.00 Y-51.00 F1200
G0 Z-0.2 ; Descendre pour dessiner
G1 X625.00 Y-52.00 F1200
G1 X624.00 Y-52.00 F1200
G1 X624.00 Y-53.00 F1200
G1 X623.00 Y-54.00 F1200
G1 X623.00 Y-56.00 F1200
G1 X624.00 Y-57.00 F1200
G1 X624.00 Y-58.00 F1200
G1 X625.00 Y-58.00 F1200
G1 X626.00 Y-59.00 F1200
G1 X627.00 Y-58.00 F1200
G1 X628.00 Y-58.00 F1200
G1 X628.00 Y-57.00 F1200
G1 X629.00 Y-56.00 F1200
G1 X629.00 Y-54.00 F1200
G1 X628.00 Y-53.00 F1200
G1 X628.00 Y-52.00 F1200
G1 X627.00 Y-52.00 F1200
G0 Z3.0
G0 X626.00 Y-51.00 F1200
G0 Z-0.2 ; Descendre pour dessiner
G1 X629.00 Y-54.00 F1200
G1 X629.00 Y-56.00 F1200
G1 X626.00 Y-59.00 F1200
G1 X623.00 Y-56.00 F1200
G1 X623.00 Y-54.00 F1200
G0 Z3.0
G0 X598.00 Y-49.00 F1200
G0 Z-0.2 ; Descendre pour dessiner
G1 X598.00 Y-61.00 F1200
G1 X601.00 Y-61.00 F1200
G1 X601.00 Y-55.00 F1200
G1 X602.00 Y-54.00 F1200
G1 X602.00 Y-53.00 F1200
G1 X603.00 Y-52.00 F1200
G1 X604.00 Y-52.00 F1200
G1 X606.00 Y-54.00 F1200
G1 X606.00 Y-61.00 F1200
G1 X609.00 Y-61.00 F1200
G1 X609.00 Y-55.00 F1200
G1 X610.00 Y-54.00 F1200
G1 X610.00 Y-53.00 F1200
G1 X611.00 Y-52.00 F1200
G1 X612.00 Y-52.00 F1200
G1 X614.00 Y-54.00 F1200
G1 X614.00 Y-61.00 F1200
G1 X617.00 Y-61.00 F1200
G1 X617.00 Y-50.00 F1200
G1 X616.00 Y-49.00 F1200
G0 Z3.0
G0 X598.00 Y-50.00 F1200
G0 Z-0.2 ; Descendre pour dessiner
G1 X599.00 Y-49.00 F1200
G1 X615.00 Y-49.00 F1200
G1 X617.00 Y-51.00 F1200
G1 X617.00 Y-60.00 F1200
G1 X616.00 Y-61.00 F1200
G1 X615.00 Y-61.00 F1200
G1 X614.00 Y-60.00 F1200
G1 X614.00 Y-54.00 F1200
G1 X613.00 Y-53.00 F1200
G1 X613.00 Y-52.00 F1200
G1 X611.00 Y-52.00 F1200
G1 X610.00 Y-53.00 F1200
G1 X610.00 Y-54.00 F1200
G1 X609.00 Y-55.00 F1200
G1 X609.00 Y-60.00 F1200
G1 X608.00 Y-61.00 F1200
G1 X607.00 Y-61.00 F1200
G1 X606.00 Y-60.00 F1200
G1 X606.00 Y-54.00 F1200
G1 X605.00 Y-53.00 F1200
G1 X605.00 Y-52.00 F1200
G1 X603.00 Y-52.00 F1200
G1 X602.00 Y-53.00 F1200
G1 X602.00 Y-54.00 F1200
G1 X601.00 Y-55.00 F1200
G1 X601.00 Y-60.00 F1200
G1 X600.00 Y-61.00 F1200
G1 X599.00 Y-61.00 F1200
G1 X598.00 Y-60.00 F1200
G0 Z3.0
G0 X572.00 Y-49.00 F1200
G0 Z-0.2 ; Descendre pour dessiner
G1 X570.00 Y-51.00 F1200
G1 X570.00 Y-59.00 F1200
G1 X572.00 Y-61.00 F1200
G1 X581.00 Y-61.00 F1200
G1 X582.00 Y-60.00 F1200
G1 X582.00 Y-58.00 F1200
G1 X583.00 Y-57.00 F1200
G1 X584.00 Y-58.00 F1200
G1 X584.00 Y-60.00 F1200
G1 X585.00 Y-61.00 F1200
G1 X594.00 Y-61.00 F1200
G1 X596.00 Y-59.00 F1200
G1 X596.00 Y-51.00 F1200
G1 X594.00 Y-49.00 F1200
G1 X585.00 Y-49.00 F1200
G1 X584.00 Y-50.00 F1200
G1 X584.00 Y-52.00 F1200
G1 X583.00 Y-53.00 F1200
G1 X582.00 Y-52.00 F1200
G1 X582.00 Y-50.00 F1200
G1 X581.00 Y-49.00 F1200
G0 Z3.0
G0 X576.00 Y-52.00 F1200
G0 Z-0.2 ; Descendre pour dessiner
G1 X577.00 Y-52.00 F1200
G1 X578.00 Y-53.00 F1200
G1 X582.00 Y-53.00 F1200
G1 X583.00 Y-54.00 F1200
G1 X583.00 Y-57.00 F1200
G1 X582.00 Y-58.00 F1200
G1 X581.00 Y-57.00 F1200
G1 X578.00 Y-57.00 F1200
G1 X577.00 Y-58.00 F1200
G1 X576.00 Y-58.00 F1200
G1 X573.00 Y-55.00 F1200
G0 Z3.0
G0 X586.00 Y-49.00 F1200
G0 Z-0.2 ; Descendre pour dessiner
G1 X594.00 Y-49.00 F1200
G1 X596.00 Y-51.00 F1200
G1 X596.00 Y-59.00 F1200
G1 X594.00 Y-61.00 F1200
G1 X586.00 Y-61.00 F1200
G1 X584.00 Y-59.00 F1200
G1 X584.00 Y-57.00 F1200
G1 X583.00 Y-56.00 F1200
G1 X583.00 Y-54.00 F1200
G1 X584.00 Y-53.00 F1200
G1 X584.00 Y-51.00 F1200
G0 Z3.0
G0 X590.00 Y-51.00 F1200
G0 Z-0.2 ; Descendre pour dessiner
G1 X589.00 Y-52.00 F1200
G1 X588.00 Y-52.00 F1200
G1 X587.00 Y-53.00 F1200
G1 X587.00 Y-54.00 F1200
G1 X586.00 Y-55.00 F1200
G1 X587.00 Y-56.00 F1200
G1 X587.00 Y-57.00 F1200
G1 X588.00 Y-58.00 F1200
G1 X589.00 Y-58.00 F1200
G1 X590.00 Y-59.00 F1200
G1 X591.00 Y-58.00 F1200
G1 X592.00 Y-58.00 F1200
G1 X592.00 Y-57.00 F1200
G1 X593.00 Y-56.00 F1200
G1 X593.00 Y-54.00 F1200
G1 X592.00 Y-53.00 F1200
G1 X592.00 Y-52.00 F1200
G1 X591.00 Y-52.00 F1200
G0 Z3.0
G0 X573.00 Y-49.00 F1200
G0 Z-0.2 ; Descendre pour dessiner
G1 X580.00 Y-49.00 F1200
G1 X582.00 Y-51.00 F1200
G1 X582.00 Y-52.00 F1200
G1 X581.00 Y-53.00 F1200
G1 X579.00 Y-53.00 F1200
G1 X578.00 Y-52.00 F1200
G1 X575.00 Y-52.00 F1200
G1 X574.00 Y-53.00 F1200
G1 X574.00 Y-54.00 F1200
G1 X573.00 Y-55.00 F1200
G1 X574.00 Y-56.00 F1200
G1 X574.00 Y-57.00 F1200
G1 X575.00 Y-58.00 F1200
G1 X578.00 Y-58.00 F1200
G1 X579.00 Y-57.00 F1200
G1 X580.00 Y-57.00 F1200
G1 X582.00 Y-59.00 F1200
G1 X580.00 Y-61.00 F1200
G1 X573.00 Y-61.00 F1200
G1 X570.00 Y-58.00 F1200
G1 X570.00 Y-52.00 F1200
G0 Z3.0
G0 X539.00 Y-49.00 F1200
G0 Z-0.2 ; Descendre pour dessiner
G1 X538.00 Y-50.00 F1200
G1 X538.00 Y-51.00 F1200
G1 X537.00 Y-52.00 F1200
G1 X537.00 Y-58.00 F1200
G1 X538.00 Y-59.00 F1200
G1 X538.00 Y-60.00 F1200
G1 X539.00 Y-61.00 F1200
G1 X548.00 Y-61.00 F1200
G1 X550.00 Y-59.00 F1200
G1 X552.00 Y-61.00 F1200
G1 X561.00 Y-61.00 F1200
G1 X563.00 Y-59.00 F1200
G1 X562.00 Y-58.00 F1200
G1 X562.00 Y-57.00 F1200
G1 X559.00 Y-57.00 F1200
G1 X557.00 Y-59.00 F1200
G1 X555.00 Y-57.00 F1200
G1 X555.00 Y-56.00 F1200
G1 X556.00 Y-55.00 F1200
G1 X563.00 Y-55.00 F1200
G1 X563.00 Y-51.00 F1200
G1 X561.00 Y-49.00 F1200
G1 X552.00 Y-49.00 F1200
G1 X550.00 Y-51.00 F1200
G1 X548.00 Y-49.00 F1200
G0 Z3.0
G0 X544.00 Y-51.00 F1200
G0 Z-0.2 ; Descendre pour dessiner
G1 X546.00 Y-53.00 F1200
G1 X548.00 Y-53.00 F1200
G1 X549.00 Y-52.00 F1200
G1 X550.00 Y-53.00 F1200
G1 X550.00 Y-57.00 F1200
G1 X549.00 Y-58.00 F1200
G1 X548.00 Y-57.00 F1200
G1 X546.00 Y-57.00 F1200
G1 X544.00 Y-59.00 F1200
G1 X540.00 Y-55.00 F1200
G0 Z3.0
G0 X553.00 Y-49.00 F1200
G0 Z-0.2 ; Descendre pour dessiner
G1 X560.00 Y-49.00 F1200
G1 X563.00 Y-52.00 F1200
G1 X563.00 Y-54.00 F1200
G1 X562.00 Y-55.00 F1200
G1 X556.00 Y-55.00 F1200
G1 X555.00 Y-56.00 F1200
G1 X555.00 Y-58.00 F1200
G1 X556.00 Y-58.00 F1200
G1 X557.00 Y-59.00 F1200
G1 X558.00 Y-58.00 F1200
G1 X559.00 Y-58.00 F1200
G1 X560.00 Y-57.00 F1200
G1 X561.00 Y-57.00 F1200
G1 X563.00 Y-59.00 F1200
G1 X561.00 Y-61.00 F1200
G1 X553.00 Y-61.00 F1200
G1 X551.00 Y-59.00 F1200
G1 X551.00 Y-57.00 F1200
G1 X550.00 Y-56.00 F1200
G1 X550.00 Y-54.00 F1200
G1 X551.00 Y-53.00 F1200
G1 X551.00 Y-51.00 F1200
G0 Z3.0
G0 X557.00 Y-51.00 F1200
G0 Z-0.2 ; Descendre pour dessiner
G1 X556.00 Y-52.00 F1200
G1 X555.00 Y-52.00 F1200
G1 X556.00 Y-52.00 F1200
G1 X557.00 Y-53.00 F1200
G1 X558.00 Y-52.00 F1200
G1 X559.00 Y-53.00 F1200
G1 X559.00 Y-52.00 F1200
G1 X558.00 Y-52.00 F1200
G0 Z3.0
G0 X540.00 Y-49.00 F1200
G0 Z-0.2 ; Descendre pour dessiner
G1 X547.00 Y-49.00 F1200
G1 X549.00 Y-51.00 F1200
G1 X547.00 Y-53.00 F1200
G1 X546.00 Y-52.00 F1200
G1 X545.00 Y-52.00 F1200
G1 X544.00 Y-51.00 F1200
G1 X543.00 Y-52.00 F1200
G1 X542.00 Y-52.00 F1200
G1 X541.00 Y-53.00 F1200
G1 X541.00 Y-54.00 F1200
G1 X540.00 Y-55.00 F1200
G1 X541.00 Y-56.00 F1200
G1 X541.00 Y-57.00 F1200
G1 X542.00 Y-58.00 F1200
G1 X543.00 Y-58.00 F1200
G1 X544.00 Y-59.00 F1200
G1 X545.00 Y-58.00 F1200
G1 X546.00 Y-58.00 F1200
G1 X547.00 Y-57.00 F1200
G1 X549.00 Y-59.00 F1200
G1 X547.00 Y-61.00 F1200
G1 X540.00 Y-61.00 F1200
G1 X537.00 Y-58.00 F1200
G1 X537.00 Y-52.00 F1200
G0 Z3.0
G0 X521.00 Y-49.00 F1200
G0 Z-0.2 ; Descendre pour dessiner
G1 X520.00 Y-50.00 F1200
G1 X520.00 Y-54.00 F1200
G1 X521.00 Y-55.00 F1200
G1 X521.00 Y-56.00 F1200
G1 X520.00 Y-57.00 F1200
G1 X520.00 Y-60.00 F1200
G1 X521.00 Y-61.00 F1200
G1 X530.00 Y-61.00 F1200
G1 X530.00 Y-60.00 F1200
G1 X531.00 Y-59.00 F1200
G1 X531.00 Y-56.00 F1200
G1 X529.00 Y-54.00 F1200
G1 X526.00 Y-54.00 F1200
G1 X524.00 Y-52.00 F1200
G1 X525.00 Y-51.00 F1200
G1 X524.00 Y-51.00 F1200
G1 X524.00 Y-53.00 F1200
G1 X525.00 Y-53.00 F1200
G1 X526.00 Y-54.00 F1200
G1 X528.00 Y-54.00 F1200
G1 X531.00 Y-57.00 F1200
G1 X531.00 Y-59.00 F1200
G1 X529.00 Y-61.00 F1200
G1 X521.00 Y-61.00 F1200
G1 X520.00 Y-60.00 F1200
G1 X520.00 Y-58.00 F1200
G1 X521.00 Y-57.00 F1200
G1 X522.00 Y-57.00 F1200
G1 X523.00 Y-58.00 F1200
G1 X524.00 Y-58.00 F1200
G1 X525.00 Y-59.00 F1200
G1 X526.00 Y-58.00 F1200
G1 X526.00 Y-57.00 F1200
G1 X525.00 Y-56.00 F1200
G1 X524.00 Y-56.00 F1200
G1 X523.00 Y-55.00 F1200
G1 X521.00 Y-55.00 F1200
G1 X520.00 Y-54.00 F1200
G1 X520.00 Y-51.00 F1200
G1 X522.00 Y-49.00 F1200
G1 X529.00 Y-49.00 F1200
G1 X530.00 Y-50.00 F1200
G1 X530.00 Y-51.00 F1200
G1 X529.00 Y-52.00 F1200
G1 X527.00 Y-52.00 F1200
G1 X530.00 Y-52.00 F1200
G1 X530.00 Y-49.00 F1200
G0 Z3.0
G0 X521.00 Y-56.00 F1200
G0 Z-0.2 ; Descendre pour dessiner
G1 X522.00 Y-55.00 F1200
G1 X523.00 Y-55.00 F1200
G1 X524.00 Y-56.00 F1200
G1 X525.00 Y-56.00 F1200
G1 X526.00 Y-57.00 F1200
G1 X526.00 Y-58.00 F1200
G1 X525.00 Y-59.00 F1200
G1 X524.00 Y-58.00 F1200
G1 X523.00 Y-58.00 F1200
G0 Z3.0
G0 X486.00 Y-49.00 F1200
G0 Z-0.2 ; Descendre pour dessiner
G1 X486.00 Y-66.00 F1200
G1 X489.00 Y-66.00 F1200
G1 X489.00 Y-63.00 F1200
G1 X491.00 Y-61.00 F1200
G1 X497.00 Y-61.00 F1200
G1 X498.00 Y-60.00 F1200
G1 X498.00 Y-59.00 F1200
G1 X499.00 Y-58.00 F1200
G1 X501.00 Y-60.00 F1200
G1 X501.00 Y-61.00 F1200
G1 X512.00 Y-61.00 F1200
G1 X512.00 Y-49.00 F1200
G1 X509.00 Y-49.00 F1200
G1 X509.00 Y-55.00 F1200
G1 X506.00 Y-58.00 F1200
G1 X505.00 Y-58.00 F1200
G1 X504.00 Y-57.00 F1200
G1 X504.00 Y-49.00 F1200
G1 X500.00 Y-49.00 F1200
G1 X500.00 Y-52.00 F1200
G1 X499.00 Y-53.00 F1200
G1 X498.00 Y-52.00 F1200
G1 X498.00 Y-50.00 F1200
G1 X497.00 Y-49.00 F1200
G0 Z3.0
G0 X486.00 Y-50.00 F1200
G0 Z-0.2 ; Descendre pour dessiner
G1 X487.00 Y-49.00 F1200
G1 X496.00 Y-49.00 F1200
G1 X498.00 Y-51.00 F1200
G1 X498.00 Y-53.00 F1200
G1 X499.00 Y-54.00 F1200
G1 X499.00 Y-56.00 F1200
G1 X499.00 Y-53.00 F1200
G1 X500.00 Y-52.00 F1200
G1 X500.00 Y-50.00 F1200
G1 X501.00 Y-49.00 F1200
G1 X503.00 Y-49.00 F1200
G1 X504.00 Y-50.00 F1200
G1 X504.00 Y-57.00 F1200
G1 X505.00 Y-58.00 F1200
G1 X507.00 Y-58.00 F1200
G1 X508.00 Y-57.00 F1200
G1 X508.00 Y-56.00 F1200
G1 X509.00 Y-55.00 F1200
G1 X509.00 Y-50.00 F1200
G1 X510.00 Y-49.00 F1200
G1 X511.00 Y-49.00 F1200
G1 X512.00 Y-50.00 F1200
G1 X512.00 Y-60.00 F1200
G1 X511.00 Y-61.00 F1200
G1 X502.00 Y-61.00 F1200
G1 X500.00 Y-59.00 F1200
G1 X500.00 Y-58.00 F1200
G1 X498.00 Y-58.00 F1200
G1 X498.00 Y-59.00 F1200
G1 X496.00 Y-61.00 F1200
G1 X491.00 Y-61.00 F1200
G1 X489.00 Y-63.00 F1200
G1 X489.00 Y-65.00 F1200
G1 X488.00 Y-66.00 F1200
G1 X487.00 Y-66.00 F1200
G1 X486.00 Y-65.00 F1200
G0 Z3.0
G0 X491.00 Y-52.00 F1200
G0 Z-0.2 ; Descendre pour dessiner
G1 X490.00 Y-53.00 F1200
G1 X490.00 Y-54.00 F1200
G1 X489.00 Y-55.00 F1200
G1 X490.00 Y-56.00 F1200
G1 X490.00 Y-57.00 F1200
G1 X491.00 Y-58.00 F1200
G1 X494.00 Y-58.00 F1200
G1 X495.00 Y-57.00 F1200
G1 X495.00 Y-56.00 F1200
G1 X496.00 Y-55.00 F1200
G1 X495.00 Y-54.00 F1200
G1 X495.00 Y-53.00 F1200
G1 X494.00 Y-52.00 F1200
G0 Z3.0
G0 X492.00 Y-52.00 F1200
G0 Z-0.2 ; Descendre pour dessiner
G1 X493.00 Y-52.00 F1200
G1 X496.00 Y-55.00 F1200
G1 X493.00 Y-58.00 F1200
G1 X492.00 Y-58.00 F1200
G1 X489.00 Y-55.00 F1200
G0 Z3.0
G0 X399.00 Y-49.00 F1200
G0 Z-0.2 ; Descendre pour dessiner
G1 X399.00 Y-66.00 F1200
G1 X403.00 Y-66.00 F1200
G1 X403.00 Y-63.00 F1200
G1 X405.00 Y-61.00 F1200
G1 X411.00 Y-61.00 F1200
G1 X411.00 Y-60.00 F1200
G1 X412.00 Y-59.00 F1200
G1 X412.00 Y-51.00 F1200
G1 X411.00 Y-50.00 F1200
G1 X411.00 Y-49.00 F1200
G0 Z3.0
G0 X399.00 Y-50.00 F1200
G0 Z-0.2 ; Descendre pour dessiner
G1 X400.00 Y-49.00 F1200
G1 X410.00 Y-49.00 F1200
G1 X412.00 Y-51.00 F1200
G1 X412.00 Y-59.00 F1200
G1 X410.00 Y-61.00 F1200
G1 X405.00 Y-61.00 F1200
G1 X403.00 Y-63.00 F1200
G1 X403.00 Y-65.00 F1200
G1 X402.00 Y-66.00 F1200
G1 X400.00 Y-66.00 F1200
G1 X399.00 Y-65.00 F1200
G0 Z3.0
G0 X406.00 Y-51.00 F1200
G0 Z-0.2 ; Descendre pour dessiner
G1 X405.00 Y-52.00 F1200
G1 X404.00 Y-52.00 F1200
G1 X404.00 Y-53.00 F1200
G1 X403.00 Y-54.00 F1200
G1 X403.00 Y-56.00 F1200
G1 X404.00 Y-57.00 F1200
G1 X404.00 Y-58.00 F1200
G1 X405.00 Y-58.00 F1200
G1 X406.00 Y-59.00 F1200
G1 X407.00 Y-58.00 F1200
G1 X408.00 Y-58.00 F1200
G1 X408.00 Y-57.00 F1200
G1 X409.00 Y-56.00 F1200
G1 X409.00 Y-54.00 F1200
G1 X408.00 Y-53.00 F1200
G1 X408.00 Y-52.00 F1200
G1 X407.00 Y-52.00 F1200
G0 Z3.0
G0 X406.00 Y-51.00 F1200
G0 Z-0.2 ; Descendre pour dessiner
G1 X409.00 Y-54.00 F1200
G1 X409.00 Y-56.00 F1200
G1 X406.00 Y-59.00 F1200
G1 X403.00 Y-56.00 F1200
G1 X403.00 Y-54.00 F1200
G0 Z3.0
G0 X387.00 Y-49.00 F1200
G0 Z-0.2 ; Descendre pour dessiner
G1 X386.00 Y-50.00 F1200
G1 X386.00 Y-52.00 F1200
G1 X390.00 Y-52.00 F1200
G1 X391.00 Y-51.00 F1200
G1 X392.00 Y-52.00 F1200
G1 X393.00 Y-52.00 F1200
G1 X392.00 Y-52.00 F1200
G1 X391.00 Y-51.00 F1200
G1 X390.00 Y-52.00 F1200
G1 X387.00 Y-52.00 F1200
G1 X386.00 Y-51.00 F1200
G1 X388.00 Y-49.00 F1200
G1 X395.00 Y-49.00 F1200
G1 X397.00 Y-51.00 F1200
G1 X397.00 Y-60.00 F1200
G1 X396.00 Y-61.00 F1200
G1 X387.00 Y-61.00 F1200
G1 X386.00 Y-60.00 F1200
G1 X386.00 Y-55.00 F1200
G1 X387.00 Y-54.00 F1200
G1 X392.00 Y-54.00 F1200
G1 X387.00 Y-54.00 F1200
G1 X386.00 Y-55.00 F1200
G1 X386.00 Y-61.00 F1200
G1 X397.00 Y-61.00 F1200
G1 X397.00 Y-50.00 F1200
G1 X396.00 Y-49.00 F1200
G0 Z3.0
G0 X339.00 Y-49.00 F1200
G0 Z-0.2 ; Descendre pour dessiner
G1 X338.00 Y-50.00 F1200
G1 X338.00 Y-51.00 F1200
G1 X337.00 Y-52.00 F1200
G1 X337.00 Y-58.00 F1200
G1 X338.00 Y-59.00 F1200
G1 X338.00 Y-60.00 F1200
G1 X339.00 Y-61.00 F1200
G1 X348.00 Y-61.00 F1200
G1 X349.00 Y-60.00 F1200
G1 X349.00 Y-57.00 F1200
G1 X346.00 Y-57.00 F1200
G1 X344.00 Y-59.00 F1200
G1 X341.00 Y-56.00 F1200
G1 X342.00 Y-55.00 F1200
G1 X349.00 Y-55.00 F1200
G1 X349.00 Y-54.00 F1200
G1 X351.00 Y-52.00 F1200
G1 X351.00 Y-50.00 F1200
G1 X352.00 Y-49.00 F1200
G1 X359.00 Y-49.00 F1200
G1 X360.00 Y-50.00 F1200
G1 X359.00 Y-51.00 F1200
G1 X358.00 Y-51.00 F1200
G1 X357.00 Y-52.00 F1200
G1 X356.00 Y-52.00 F1200
G1 X356.00 Y-53.00 F1200
G1 X355.00 Y-54.00 F1200
G1 X355.00 Y-60.00 F1200
G1 X354.00 Y-61.00 F1200
G1 X352.00 Y-61.00 F1200
G1 X351.00 Y-60.00 F1200
G1 X351.00 Y-57.00 F1200
G1 X351.00 Y-61.00 F1200
G1 X355.00 Y-61.00 F1200
G1 X355.00 Y-54.00 F1200
G1 X358.00 Y-51.00 F1200
G1 X360.00 Y-51.00 F1200
G1 X360.00 Y-49.00 F1200
G1 X351.00 Y-49.00 F1200
G1 X351.00 Y-52.00 F1200
G1 X350.00 Y-53.00 F1200
G1 X349.00 Y-52.00 F1200
G1 X349.00 Y-50.00 F1200
G1 X348.00 Y-49.00 F1200
G0 Z3.0
G0 X340.00 Y-49.00 F1200
G0 Z-0.2 ; Descendre pour dessiner
G1 X347.00 Y-49.00 F1200
G1 X349.00 Y-51.00 F1200
G1 X349.00 Y-54.00 F1200
G1 X348.00 Y-55.00 F1200
G1 X342.00 Y-55.00 F1200
G1 X341.00 Y-56.00 F1200
G1 X341.00 Y-57.00 F1200
G1 X342.00 Y-58.00 F1200
G1 X343.00 Y-58.00 F1200
G1 X344.00 Y-59.00 F1200
G1 X345.00 Y-58.00 F1200
G1 X346.00 Y-58.00 F1200
G1 X347.00 Y-57.00 F1200
G1 X348.00 Y-57.00 F1200
G1 X349.00 Y-58.00 F1200
G1 X349.00 Y-59.00 F1200
G1 X347.00 Y-61.00 F1200
G1 X340.00 Y-61.00 F1200
G1 X337.00 Y-58.00 F1200
G1 X337.00 Y-52.00 F1200
G0 Z3.0
G0 X343.00 Y-51.00 F1200
G0 Z-0.2 ; Descendre pour dessiner
G1 X342.00 Y-52.00 F1200
G1 X342.00 Y-53.00 F1200
G1 X345.00 Y-53.00 F1200
G1 X345.00 Y-52.00 F1200
G1 X344.00 Y-51.00 F1200
G0 Z3.0
G0 X342.00 Y-52.00 F1200
G0 Z-0.2 ; Descendre pour dessiner
G1 X343.00 Y-51.00 F1200
G1 X344.00 Y-51.00 F1200
G1 X345.00 Y-52.00 F1200
G1 X344.00 Y-53.00 F1200
G1 X343.00 Y-53.00 F1200
G0 Z3.0
G0 X283.00 Y-49.00 F1200
G0 Z-0.2 ; Descendre pour dessiner
G1 X283.00 Y-66.00 F1200
G1 X286.00 Y-66.00 F1200
G1 X286.00 Y-63.00 F1200
G1 X288.00 Y-61.00 F1200
G1 X294.00 Y-61.00 F1200
G1 X295.00 Y-60.00 F1200
G1 X295.00 Y-59.00 F1200
G1 X296.00 Y-58.00 F1200
G1 X296.00 Y-52.00 F1200
G1 X295.00 Y-51.00 F1200
G1 X295.00 Y-50.00 F1200
G1 X294.00 Y-49.00 F1200
G0 Z3.0
G0 X283.00 Y-50.00 F1200
G0 Z-0.2 ; Descendre pour dessiner
G1 X284.00 Y-49.00 F1200
G1 X293.00 Y-49.00 F1200
G1 X296.00 Y-52.00 F1200
G1 X296.00 Y-58.00 F1200
G1 X293.00 Y-61.00 F1200
G1 X288.00 Y-61.00 F1200
G1 X286.00 Y-63.00 F1200
G1 X286.00 Y-65.00 F1200
G1 X285.00 Y-66.00 F1200
G1 X284.00 Y-66.00 F1200
G1 X283.00 Y-65.00 F1200
G0 Z3.0
G0 X288.00 Y-52.00 F1200
G0 Z-0.2 ; Descendre pour dessiner
G1 X287.00 Y-53.00 F1200
G1 X287.00 Y-54.00 F1200
G1 X286.00 Y-55.00 F1200
G1 X287.00 Y-56.00 F1200
G1 X287.00 Y-57.00 F1200
G1 X288.00 Y-58.00 F1200
G1 X291.00 Y-58.00 F1200
G1 X292.00 Y-57.00 F1200
G1 X292.00 Y-56.00 F1200
G1 X293.00 Y-55.00 F1200
G1 X292.00 Y-54.00 F1200
G1 X292.00 Y-53.00 F1200
G1 X291.00 Y-52.00 F1200
G0 Z3.0
G0 X289.00 Y-52.00 F1200
G0 Z-0.2 ; Descendre pour dessiner
G1 X290.00 Y-52.00 F1200
G1 X293.00 Y-55.00 F1200
G1 X290.00 Y-58.00 F1200
G1 X289.00 Y-58.00 F1200
G1 X286.00 Y-55.00 F1200
G0 Z3.0
G0 X266.00 Y-49.00 F1200
G0 Z-0.2 ; Descendre pour dessiner
G1 X265.00 Y-50.00 F1200
G1 X265.00 Y-52.00 F1200
G1 X265.00 Y-51.00 F1200
G1 X267.00 Y-49.00 F1200
G1 X274.00 Y-49.00 F1200
G1 X275.00 Y-50.00 F1200
G1 X275.00 Y-51.00 F1200
G1 X274.00 Y-52.00 F1200
G1 X272.00 Y-52.00 F1200
G1 X271.00 Y-51.00 F1200
G1 X270.00 Y-51.00 F1200
G1 X270.00 Y-53.00 F1200
G1 X271.00 Y-54.00 F1200
G1 X274.00 Y-54.00 F1200
G1 X276.00 Y-56.00 F1200
G1 X276.00 Y-59.00 F1200
G1 X274.00 Y-61.00 F1200
G1 X267.00 Y-61.00 F1200
G1 X266.00 Y-60.00 F1200
G1 X266.00 Y-61.00 F1200
G1 X275.00 Y-61.00 F1200
G1 X276.00 Y-60.00 F1200
G1 X276.00 Y-56.00 F1200
G1 X274.00 Y-54.00 F1200
G1 X271.00 Y-54.00 F1200
G1 X270.00 Y-53.00 F1200
G1 X270.00 Y-52.00 F1200
G1 X271.00 Y-51.00 F1200
G1 X272.00 Y-52.00 F1200
G1 X275.00 Y-52.00 F1200
G1 X275.00 Y-49.00 F1200
G0 Z3.0
G0 X253.00 Y-49.00 F1200
G0 Z-0.2 ; Descendre pour dessiner
G1 X253.00 Y-52.00 F1200
G1 X256.00 Y-52.00 F1200
G1 X257.00 Y-51.00 F1200
G1 X258.00 Y-51.00 F1200
G1 X259.00 Y-52.00 F1200
G1 X259.00 Y-53.00 F1200
G1 X258.00 Y-54.00 F1200
G1 X253.00 Y-54.00 F1200
G1 X253.00 Y-55.00 F1200
G1 X254.00 Y-54.00 F1200
G1 X258.00 Y-54.00 F1200
G1 X259.00 Y-53.00 F1200
G1 X259.00 Y-52.00 F1200
G1 X258.00 Y-51.00 F1200
G1 X257.00 Y-51.00 F1200
G1 X256.00 Y-52.00 F1200
G1 X254.00 Y-52.00 F1200
G1 X253.00 Y-51.00 F1200
G1 X253.00 Y-50.00 F1200
G1 X254.00 Y-49.00 F1200
G1 X262.00 Y-49.00 F1200
G1 X263.00 Y-50.00 F1200
G1 X263.00 Y-53.00 F1200
G1 X264.00 Y-54.00 F1200
G1 X264.00 Y-56.00 F1200
G1 X265.00 Y-57.00 F1200
G1 X267.00 Y-57.00 F1200
G1 X268.00 Y-58.00 F1200
G1 X269.00 Y-58.00 F1200
G1 X268.00 Y-57.00 F1200
G1 X269.00 Y-56.00 F1200
G1 X270.00 Y-56.00 F1200
G1 X271.00 Y-57.00 F1200
G1 X271.00 Y-58.00 F1200
G1 X271.00 Y-57.00 F1200
G1 X270.00 Y-56.00 F1200
G1 X269.00 Y-56.00 F1200
G1 X268.00 Y-55.00 F1200
G1 X267.00 Y-55.00 F1200
G1 X266.00 Y-54.00 F1200
G1 X266.00 Y-55.00 F1200
G1 X268.00 Y-55.00 F1200
G1 X269.00 Y-56.00 F1200
G1 X268.00 Y-57.00 F1200
G1 X265.00 Y-57.00 F1200
G1 X264.00 Y-56.00 F1200
G1 X264.00 Y-54.00 F1200
G1 X263.00 Y-53.00 F1200
G1 X263.00 Y-50.00 F1200
G1 X262.00 Y-49.00 F1200
G0 Z3.0
G0 X238.00 Y-49.00 F1200
G0 Z-0.2 ; Descendre pour dessiner
G1 X238.00 Y-66.00 F1200
G1 X241.00 Y-66.00 F1200
G1 X241.00 Y-63.00 F1200
G1 X243.00 Y-61.00 F1200
G1 X249.00 Y-61.00 F1200
G1 X250.00 Y-60.00 F1200
G1 X250.00 Y-58.00 F1200
G1 X251.00 Y-57.00 F1200
G1 X252.00 Y-58.00 F1200
G1 X252.00 Y-60.00 F1200
G1 X253.00 Y-61.00 F1200
G1 X264.00 Y-61.00 F1200
G1 X264.00 Y-60.00 F1200
G1 X263.00 Y-61.00 F1200
G1 X254.00 Y-61.00 F1200
G1 X252.00 Y-59.00 F1200
G1 X252.00 Y-58.00 F1200
G1 X251.00 Y-57.00 F1200
G1 X250.00 Y-57.00 F1200
G1 X250.00 Y-59.00 F1200
G1 X248.00 Y-61.00 F1200
G1 X243.00 Y-61.00 F1200
G1 X241.00 Y-63.00 F1200
G1 X241.00 Y-65.00 F1200
G1 X240.00 Y-66.00 F1200
G1 X239.00 Y-66.00 F1200
G1 X238.00 Y-65.00 F1200
G1 X238.00 Y-50.00 F1200
G1 X239.00 Y-49.00 F1200
G1 X248.00 Y-49.00 F1200
G1 X251.00 Y-52.00 F1200
G1 X251.00 Y-55.00 F1200
G1 X251.00 Y-52.00 F1200
G1 X250.00 Y-51.00 F1200
G1 X250.00 Y-50.00 F1200
G1 X249.00 Y-49.00 F1200
G0 Z3.0
G0 X151.00 Y-49.00 F1200
G0 Z-0.2 ; Descendre pour dessiner
G1 X151.00 Y-66.00 F1200
G1 X154.00 Y-66.00 F1200
G1 X154.00 Y-63.00 F1200
G1 X156.00 Y-61.00 F1200
G1 X162.00 Y-61.00 F1200
G1 X163.00 Y-60.00 F1200
G1 X163.00 Y-59.00 F1200
G1 X164.00 Y-58.00 F1200
G1 X165.00 Y-58.00 F1200
G1 X166.00 Y-59.00 F1200
G1 X166.00 Y-60.00 F1200
G1 X167.00 Y-61.00 F1200
G1 X176.00 Y-61.00 F1200
G1 X178.00 Y-59.00 F1200
G1 X178.00 Y-51.00 F1200
G1 X176.00 Y-49.00 F1200
G1 X167.00 Y-49.00 F1200
G1 X166.00 Y-50.00 F1200
G1 X166.00 Y-51.00 F1200
G1 X165.00 Y-52.00 F1200
G1 X164.00 Y-52.00 F1200
G1 X163.00 Y-51.00 F1200
G1 X163.00 Y-50.00 F1200
G1 X162.00 Y-49.00 F1200
G0 Z3.0
G0 X151.00 Y-50.00 F1200
G0 Z-0.2 ; Descendre pour dessiner
G1 X152.00 Y-49.00 F1200
G1 X161.00 Y-49.00 F1200
G1 X164.00 Y-52.00 F1200
G1 X165.00 Y-52.00 F1200
G1 X168.00 Y-49.00 F1200
G1 X176.00 Y-49.00 F1200
G1 X178.00 Y-51.00 F1200
G1 X178.00 Y-59.00 F1200
G1 X176.00 Y-61.00 F1200
G1 X168.00 Y-61.00 F1200
G1 X165.00 Y-58.00 F1200
G1 X164.00 Y-58.00 F1200
G1 X161.00 Y-61.00 F1200
G1 X156.00 Y-61.00 F1200
G1 X154.00 Y-63.00 F1200
G1 X154.00 Y-65.00 F1200
G1 X153.00 Y-66.00 F1200
G1 X152.00 Y-66.00 F1200
G1 X151.00 Y-65.00 F1200
G0 Z3.0
G0 X156.00 Y-52.00 F1200
G0 Z-0.2 ; Descendre pour dessiner
G1 X155.00 Y-53.00 F1200
G1 X155.00 Y-54.00 F1200
G1 X154.00 Y-55.00 F1200
G1 X155.00 Y-56.00 F1200
G1 X155.00 Y-57.00 F1200
G1 X156.00 Y-58.00 F1200
G1 X159.00 Y-58.00 F1200
G1 X160.00 Y-57.00 F1200
G1 X160.00 Y-56.00 F1200
G1 X161.00 Y-55.00 F1200
G1 X160.00 Y-54.00 F1200
G1 X160.00 Y-53.00 F1200
G1 X159.00 Y-52.00 F1200
G0 Z3.0
G0 X157.00 Y-52.00 F1200
G0 Z-0.2 ; Descendre pour dessiner
G1 X158.00 Y-52.00 F1200
G1 X161.00 Y-55.00 F1200
G1 X158.00 Y-58.00 F1200
G1 X157.00 Y-58.00 F1200
G1 X154.00 Y-55.00 F1200
G0 Z3.0
G0 X172.00 Y-51.00 F1200
G0 Z-0.2 ; Descendre pour dessiner
G1 X171.00 Y-52.00 F1200
G1 X170.00 Y-52.00 F1200
G1 X169.00 Y-53.00 F1200
G1 X169.00 Y-54.00 F1200
G1 X168.00 Y-55.00 F1200
G1 X169.00 Y-56.00 F1200
G1 X169.00 Y-57.00 F1200
G1 X170.00 Y-58.00 F1200
G1 X171.00 Y-58.00 F1200
G1 X172.00 Y-59.00 F1200
G1 X173.00 Y-58.00 F1200
G1 X174.00 Y-58.00 F1200
G1 X174.00 Y-57.00 F1200
G1 X175.00 Y-56.00 F1200
G1 X175.00 Y-54.00 F1200
G1 X174.00 Y-53.00 F1200
G1 X174.00 Y-52.00 F1200
G1 X173.00 Y-52.00 F1200
G0 Z3.0
G0 X133.00 Y-49.00 F1200
G0 Z-0.2 ; Descendre pour dessiner
G1 X131.00 Y-51.00 F1200
G1 X131.00 Y-59.00 F1200
G1 X133.00 Y-61.00 F1200
G1 X142.00 Y-61.00 F1200
G1 X143.00 Y-60.00 F1200
G1 X143.00 Y-58.00 F1200
G1 X142.00 Y-57.00 F1200
G1 X139.00 Y-57.00 F1200
G1 X137.00 Y-59.00 F1200
G1 X135.00 Y-57.00 F1200
G1 X135.00 Y-56.00 F1200
G1 X136.00 Y-55.00 F1200
G1 X143.00 Y-55.00 F1200
G1 X143.00 Y-50.00 F1200
G1 X142.00 Y-49.00 F1200
G0 Z3.0
G0 X134.00 Y-49.00 F1200
G0 Z-0.2 ; Descendre pour dessiner
G1 X141.00 Y-49.00 F1200
G1 X143.00 Y-51.00 F1200
G1 X143.00 Y-54.00 F1200
G1 X142.00 Y-55.00 F1200
G1 X136.00 Y-55.00 F1200
G1 X135.00 Y-56.00 F1200
G1 X135.00 Y-57.00 F1200
G1 X137.00 Y-59.00 F1200
G1 X138.00 Y-58.00 F1200
G1 X139.00 Y-58.00 F1200
G1 X140.00 Y-57.00 F1200
G1 X142.00 Y-57.00 F1200
G1 X143.00 Y-58.00 F1200
G1 X143.00 Y-59.00 F1200
G1 X141.00 Y-61.00 F1200
G1 X134.00 Y-61.00 F1200
G1 X131.00 Y-58.00 F1200
G1 X131.00 Y-52.00 F1200
G0 Z3.0
G0 X137.00 Y-51.00 F1200
G0 Z-0.2 ; Descendre pour dessiner
G1 X136.00 Y-52.00 F1200
G1 X135.00 Y-52.00 F1200
G1 X135.00 Y-53.00 F1200
G1 X136.00 Y-52.00 F1200
G1 X137.00 Y-53.00 F1200
G1 X138.00 Y-52.00 F1200
G1 X139.00 Y-52.00 F1200
G1 X138.00 Y-52.00 F1200
G0 Z3.0
G0 X117.00 Y-49.00 F1200
G0 Z-0.2 ; Descendre pour dessiner
G1 X117.00 Y-61.00 F1200
G1 X121.00 Y-61.00 F1200
G1 X121.00 Y-54.00 F1200
G1 X123.00 Y-52.00 F1200
G1 X124.00 Y-52.00 F1200
G1 X126.00 Y-54.00 F1200
G1 X126.00 Y-61.00 F1200
G1 X129.00 Y-61.00 F1200
G1 X129.00 Y-50.00 F1200
G1 X128.00 Y-49.00 F1200
G0 Z3.0
G0 X117.00 Y-50.00 F1200
G0 Z-0.2 ; Descendre pour dessiner
G1 X118.00 Y-49.00 F1200
G1 X127.00 Y-49.00 F1200
G1 X129.00 Y-51.00 F1200
G1 X129.00 Y-60.00 F1200
G1 X128.00 Y-61.00 F1200
G1 X127.00 Y-61.00 F1200
G1 X126.00 Y-60.00 F1200
G1 X126.00 Y-54.00 F1200
G1 X125.00 Y-53.00 F1200
G1 X125.00 Y-52.00 F1200
G1 X122.00 Y-52.00 F1200
G1 X122.00 Y-53.00 F1200
G1 X121.00 Y-54.00 F1200
G1 X121.00 Y-60.00 F1200
G1 X120.00 Y-61.00 F1200
G1 X118.00 Y-61.00 F1200
G1 X117.00 Y-60.00 F1200
G0 Z3.0
G0 X73.00 Y-49.00 F1200
G0 Z-0.2 ; Descendre pour dessiner
G1 X73.00 Y-50.00 F1200
G1 X72.00 Y-51.00 F1200
G1 X72.00 Y-52.00 F1200
G1 X71.00 Y-53.00 F1200
G1 X71.00 Y-58.00 F1200
G1 X72.00 Y-59.00 F1200
G1 X72.00 Y-60.00 F1200
G1 X73.00 Y-61.00 F1200
G1 X83.00 Y-61.00 F1200
G1 X84.00 Y-60.00 F1200
G1 X84.00 Y-59.00 F1200
G1 X85.00 Y-58.00 F1200
G1 X87.00 Y-60.00 F1200
G1 X87.00 Y-61.00 F1200
G1 X98.00 Y-61.00 F1200
G1 X98.00 Y-58.00 F1200
G1 X99.00 Y-57.00 F1200
G1 X101.00 Y-57.00 F1200
G1 X102.00 Y-58.00 F1200
G1 X104.00 Y-58.00 F1200
G1 X105.00 Y-59.00 F1200
G1 X106.00 Y-58.00 F1200
G1 X106.00 Y-57.00 F1200
G1 X105.00 Y-56.00 F1200
G1 X104.00 Y-56.00 F1200
G1 X103.00 Y-55.00 F1200
G1 X101.00 Y-55.00 F1200
G1 X100.00 Y-54.00 F1200
G1 X100.00 Y-50.00 F1200
G1 X101.00 Y-49.00 F1200
G1 X108.00 Y-49.00 F1200
G1 X110.00 Y-51.00 F1200
G1 X109.00 Y-52.00 F1200
G1 X107.00 Y-52.00 F1200
G1 X110.00 Y-52.00 F1200
G1 X110.00 Y-50.00 F1200
G1 X109.00 Y-49.00 F1200
G1 X100.00 Y-49.00 F1200
G1 X100.00 Y-55.00 F1200
G1 X102.00 Y-55.00 F1200
G1 X103.00 Y-56.00 F1200
G1 X102.00 Y-57.00 F1200
G1 X99.00 Y-57.00 F1200
G1 X98.00 Y-56.00 F1200
G1 X98.00 Y-49.00 F1200
G1 X95.00 Y-49.00 F1200
G1 X95.00 Y-55.00 F1200
G1 X92.00 Y-58.00 F1200
G1 X91.00 Y-58.00 F1200
G1 X90.00 Y-57.00 F1200
G1 X90.00 Y-49.00 F1200
G1 X86.00 Y-49.00 F1200
G1 X86.00 Y-52.00 F1200
G1 X85.00 Y-53.00 F1200
G1 X84.00 Y-52.00 F1200
G1 X84.00 Y-50.00 F1200
G1 X83.00 Y-49.00 F1200
G0 Z3.0
G0 X102.00 Y-57.00 F1200
G0 Z-0.2 ; Descendre pour dessiner
G1 X103.00 Y-56.00 F1200
G1 X105.00 Y-56.00 F1200
G1 X106.00 Y-57.00 F1200
G1 X106.00 Y-58.00 F1200
G1 X105.00 Y-59.00 F1200
G1 X104.00 Y-58.00 F1200
G1 X103.00 Y-58.00 F1200
G0 Z3.0
G0 X74.00 Y-49.00 F1200
G0 Z-0.2 ; Descendre pour dessiner
G1 X82.00 Y-49.00 F1200
G1 X84.00 Y-51.00 F1200
G1 X84.00 Y-54.00 F1200
G1 X85.00 Y-55.00 F1200
G1 X84.00 Y-56.00 F1200
G1 X85.00 Y-55.00 F1200
G1 X84.00 Y-54.00 F1200
G1 X85.00 Y-53.00 F1200
G1 X86.00 Y-53.00 F1200
G1 X87.00 Y-54.00 F1200
G1 X87.00 Y-56.00 F1200
G1 X87.00 Y-54.00 F1200
G1 X86.00 Y-53.00 F1200
G1 X86.00 Y-50.00 F1200
G1 X87.00 Y-49.00 F1200
G1 X89.00 Y-49.00 F1200
G1 X90.00 Y-50.00 F1200
G1 X90.00 Y-57.00 F1200
G1 X91.00 Y-58.00 F1200
G1 X93.00 Y-58.00 F1200
G1 X94.00 Y-57.00 F1200
G1 X94.00 Y-56.00 F1200
G1 X95.00 Y-55.00 F1200
G1 X95.00 Y-50.00 F1200
G1 X96.00 Y-49.00 F1200
G1 X97.00 Y-49.00 F1200
G1 X98.00 Y-50.00 F1200
G1 X98.00 Y-56.00 F1200
G1 X99.00 Y-57.00 F1200
G1 X98.00 Y-58.00 F1200
G1 X98.00 Y-60.00 F1200
G1 X97.00 Y-61.00 F1200
G1 X88.00 Y-61.00 F1200
G1 X86.00 Y-59.00 F1200
G1 X86.00 Y-58.00 F1200
G1 X84.00 Y-58.00 F1200
G1 X84.00 Y-59.00 F1200
G1 X82.00 Y-61.00 F1200
G1 X74.00 Y-61.00 F1200
G1 X71.00 Y-58.00 F1200
G1 X71.00 Y-53.00 F1200
G1 X72.00 Y-52.00 F1200
G1 X72.00 Y-51.00 F1200
G0 Z3.0
G0 X78.00 Y-51.00 F1200
G0 Z-0.2 ; Descendre pour dessiner
G1 X77.00 Y-52.00 F1200
G1 X76.00 Y-52.00 F1200
G1 X76.00 Y-53.00 F1200
G1 X75.00 Y-54.00 F1200
G1 X75.00 Y-56.00 F1200
G1 X76.00 Y-57.00 F1200
G1 X76.00 Y-58.00 F1200
G1 X77.00 Y-58.00 F1200
G1 X78.00 Y-59.00 F1200
G1 X79.00 Y-58.00 F1200
G1 X80.00 Y-58.00 F1200
G1 X80.00 Y-57.00 F1200
G1 X81.00 Y-56.00 F1200
G1 X81.00 Y-54.00 F1200
G1 X80.00 Y-53.00 F1200
G1 X80.00 Y-52.00 F1200
G1 X79.00 Y-52.00 F1200
G0 Z3.0
G0 X78.00 Y-51.00 F1200
G0 Z-0.2 ; Descendre pour dessiner
G1 X81.00 Y-54.00 F1200
G1 X81.00 Y-56.00 F1200
G1 X78.00 Y-59.00 F1200
G1 X75.00 Y-56.00 F1200
G1 X75.00 Y-54.00 F1200
G0 Z3.0
G0 X725.00 Y-48.00 F1200
G0 Z-0.2 ; Descendre pour dessiner
G1 X724.00 Y-49.00 F1200
G1 X723.00 Y-49.00 F1200
G1 X723.00 Y-50.00 F1200
G1 X722.00 Y-51.00 F1200
G1 X721.00 Y-50.00 F1200
G1 X721.00 Y-49.00 F1200
G1 X712.00 Y-49.00 F1200
G1 X711.00 Y-50.00 F1200
G1 X711.00 Y-51.00 F1200
G1 X710.00 Y-52.00 F1200
G1 X710.00 Y-58.00 F1200
G1 X711.00 Y-59.00 F1200
G1 X711.00 Y-60.00 F1200
G1 X712.00 Y-61.00 F1200
G1 X721.00 Y-61.00 F1200
G1 X722.00 Y-60.00 F1200
G1 X722.00 Y-57.00 F1200
G1 X719.00 Y-57.00 F1200
G1 X717.00 Y-59.00 F1200
G1 X714.00 Y-56.00 F1200
G1 X715.00 Y-55.00 F1200
G1 X723.00 Y-55.00 F1200
G1 X723.00 Y-54.00 F1200
G1 X722.00 Y-53.00 F1200
G1 X722.00 Y-51.00 F1200
G1 X723.00 Y-50.00 F1200
G1 X724.00 Y-51.00 F1200
G1 X724.00 Y-52.00 F1200
G1 X725.00 Y-53.00 F1200
G1 X725.00 Y-56.00 F1200
G1 X726.00 Y-57.00 F1200
G1 X726.00 Y-59.00 F1200
G1 X727.00 Y-60.00 F1200
G1 X727.00 Y-61.00 F1200
G1 X732.00 Y-61.00 F1200
G1 X732.00 Y-60.00 F1200
G1 X733.00 Y-59.00 F1200
G1 X733.00 Y-57.00 F1200
G1 X734.00 Y-56.00 F1200
G1 X734.00 Y-53.00 F1200
G1 X735.00 Y-52.00 F1200
G1 X735.00 Y-51.00 F1200
G1 X736.00 Y-50.00 F1200
G1 X737.00 Y-51.00 F1200
G1 X737.00 Y-53.00 F1200
G1 X736.00 Y-54.00 F1200
G1 X736.00 Y-58.00 F1200
G1 X737.00 Y-59.00 F1200
G1 X737.00 Y-60.00 F1200
G1 X738.00 Y-61.00 F1200
G1 X747.00 Y-61.00 F1200
G1 X749.00 Y-59.00 F1200
G1 X748.00 Y-58.00 F1200
G1 X748.00 Y-57.00 F1200
G1 X745.00 Y-57.00 F1200
G1 X743.00 Y-59.00 F1200
G1 X741.00 Y-57.00 F1200
G1 X741.00 Y-56.00 F1200
G1 X742.00 Y-55.00 F1200
G1 X749.00 Y-55.00 F1200
G1 X749.00 Y-51.00 F1200
G1 X747.00 Y-49.00 F1200
G1 X738.00 Y-49.00 F1200
G1 X738.00 Y-50.00 F1200
G1 X737.00 Y-51.00 F1200
G1 X736.00 Y-50.00 F1200
G1 X736.00 Y-49.00 F1200
G1 X732.00 Y-49.00 F1200
G1 X732.00 Y-50.00 F1200
G1 X731.00 Y-51.00 F1200
G1 X731.00 Y-53.00 F1200
G1 X730.00 Y-54.00 F1200
G1 X729.00 Y-54.00 F1200
G1 X728.00 Y-53.00 F1200
G1 X728.00 Y-51.00 F1200
G1 X727.00 Y-50.00 F1200
G1 X727.00 Y-49.00 F1200
G1 X726.00 Y-49.00 F1200
G0 Z3.0
G0 X738.00 Y-50.00 F1200
G0 Z-0.2 ; Descendre pour dessiner
G1 X739.00 Y-49.00 F1200
G1 X746.00 Y-49.00 F1200
G1 X749.00 Y-52.00 F1200
G1 X749.00 Y-54.00 F1200
G1 X748.00 Y-55.00 F1200
G1 X742.00 Y-55.00 F1200
G1 X741.00 Y-56.00 F1200
G1 X741.00 Y-58.00 F1200
G1 X742.00 Y-58.00 F1200
G1 X743.00 Y-59.00 F1200
G1 X744.00 Y-58.00 F1200
G1 X745.00 Y-58.00 F1200
G1 X746.00 Y-57.00 F1200
G1 X747.00 Y-57.00 F1200
G1 X749.00 Y-59.00 F1200
G1 X747.00 Y-61.00 F1200
G1 X739.00 Y-61.00 F1200
G1 X736.00 Y-58.00 F1200
G1 X736.00 Y-54.00 F1200
G1 X737.00 Y-53.00 F1200
G1 X737.00 Y-52.00 F1200
G1 X738.00 Y-51.00 F1200
G0 Z3.0
G0 X743.00 Y-51.00 F1200
G0 Z-0.2 ; Descendre pour dessiner
G1 X742.00 Y-52.00 F1200
G1 X741.00 Y-52.00 F1200
G1 X742.00 Y-52.00 F1200
G1 X743.00 Y-53.00 F1200
G1 X744.00 Y-52.00 F1200
G1 X745.00 Y-53.00 F1200
G1 X745.00 Y-52.00 F1200
G1 X744.00 Y-52.00 F1200
G0 Z3.0
G0 X713.00 Y-49.00 F1200
G0 Z-0.2 ; Descendre pour dessiner
G1 X720.00 Y-49.00 F1200
G1 X721.00 Y-50.00 F1200
G1 X721.00 Y-51.00 F1200
G1 X722.00 Y-52.00 F1200
G1 X722.00 Y-53.00 F1200
G1 X723.00 Y-54.00 F1200
G1 X722.00 Y-55.00 F1200
G1 X715.00 Y-55.00 F1200
G1 X714.00 Y-56.00 F1200
G1 X714.00 Y-57.00 F1200
G1 X715.00 Y-58.00 F1200
G1 X716.00 Y-58.00 F1200
G1 X717.00 Y-59.00 F1200
G1 X718.00 Y-58.00 F1200
G1 X719.00 Y-58.00 F1200
G1 X720.00 Y-57.00 F1200
G1 X721.00 Y-57.00 F1200
G1 X722.00 Y-58.00 F1200
G1 X722.00 Y-59.00 F1200
G1 X720.00 Y-61.00 F1200
G1 X713.00 Y-61.00 F1200
G1 X710.00 Y-58.00 F1200
G1 X710.00 Y-52.00 F1200
G0 Z3.0
G0 X716.00 Y-51.00 F1200
G0 Z-0.2 ; Descendre pour dessiner
G1 X715.00 Y-52.00 F1200
G1 X715.00 Y-53.00 F1200
G1 X718.00 Y-53.00 F1200
G1 X718.00 Y-52.00 F1200
G1 X717.00 Y-51.00 F1200
G0 Z3.0
G0 X715.00 Y-52.00 F1200
G0 Z-0.2 ; Descendre pour dessiner
G1 X716.00 Y-51.00 F1200
G1 X717.00 Y-51.00 F1200
G1 X718.00 Y-52.00 F1200
G1 X717.00 Y-53.00 F1200
G1 X716.00 Y-53.00 F1200
G0 Z3.0
G0 X725.00 Y-48.00 F1200
G0 Z-0.2 ; Descendre pour dessiner
G1 X728.00 Y-51.00 F1200
G1 X728.00 Y-53.00 F1200
G1 X729.00 Y-54.00 F1200
G1 X730.00 Y-54.00 F1200
G1 X731.00 Y-53.00 F1200
G1 X731.00 Y-51.00 F1200
G1 X733.00 Y-49.00 F1200
G1 X735.00 Y-49.00 F1200
G1 X736.00 Y-50.00 F1200
G1 X735.00 Y-51.00 F1200
G1 X735.00 Y-52.00 F1200
G1 X734.00 Y-53.00 F1200
G1 X734.00 Y-56.00 F1200
G1 X733.00 Y-57.00 F1200
G1 X733.00 Y-59.00 F1200
G1 X731.00 Y-61.00 F1200
G1 X728.00 Y-61.00 F1200
G1 X726.00 Y-59.00 F1200
G1 X726.00 Y-57.00 F1200
G1 X725.00 Y-56.00 F1200
G1 X725.00 Y-53.00 F1200
G1 X724.00 Y-52.00 F1200
G1 X724.00 Y-51.00 F1200
G1 X723.00 Y-50.00 F1200
G0 Z3.0
G0 X223.00 Y-48.00 F1200
G0 Z-0.2 ; Descendre pour dessiner
G1 X222.00 Y-49.00 F1200
G1 X220.00 Y-49.00 F1200
G1 X220.00 Y-51.00 F1200
G1 X223.00 Y-51.00 F1200
G1 X224.00 Y-52.00 F1200
G1 X224.00 Y-53.00 F1200
G1 X221.00 Y-56.00 F1200
G1 X221.00 Y-57.00 F1200
G1 X220.00 Y-58.00 F1200
G1 X220.00 Y-61.00 F1200
G1 X231.00 Y-61.00 F1200
G1 X231.00 Y-59.00 F1200
G1 X227.00 Y-59.00 F1200
G1 X226.00 Y-58.00 F1200
G1 X226.00 Y-57.00 F1200
G1 X230.00 Y-53.00 F1200
G1 X230.00 Y-49.00 F1200
G1 X229.00 Y-49.00 F1200
G1 X228.00 Y-48.00 F1200
G0 Z3.0
G0 X222.00 Y-49.00 F1200
G0 Z-0.2 ; Descendre pour dessiner
G1 X223.00 Y-48.00 F1200
G1 X228.00 Y-48.00 F1200
G1 X230.00 Y-50.00 F1200
G1 X230.00 Y-52.00 F1200
G1 X227.00 Y-55.00 F1200
G1 X227.00 Y-56.00 F1200
G1 X226.00 Y-57.00 F1200
G1 X226.00 Y-59.00 F1200
G1 X230.00 Y-59.00 F1200
G1 X231.00 Y-60.00 F1200
G1 X230.00 Y-61.00 F1200
G1 X221.00 Y-61.00 F1200
G1 X220.00 Y-60.00 F1200
G1 X220.00 Y-58.00 F1200
G1 X224.00 Y-54.00 F1200
G1 X224.00 Y-52.00 F1200
G1 X223.00 Y-51.00 F1200
G1 X221.00 Y-51.00 F1200
G1 X220.00 Y-50.00 F1200
G1 X221.00 Y-49.00 F1200
G0 Z3.0
G0 X204.00 Y-48.00 F1200
G0 Z-0.2 ; Descendre pour dessiner
G1 X203.00 Y-49.00 F1200
G1 X202.00 Y-49.00 F1200
G1 X201.00 Y-50.00 F1200
G1 X201.00 Y-52.00 F1200
G1 X199.00 Y-54.00 F1200
G1 X198.00 Y-53.00 F1200
G1 X198.00 Y-52.00 F1200
G1 X197.00 Y-51.00 F1200
G1 X197.00 Y-49.00 F1200
G1 X188.00 Y-49.00 F1200
G1 X188.00 Y-56.00 F1200
G1 X186.00 Y-58.00 F1200
G1 X185.00 Y-58.00 F1200
G1 X183.00 Y-56.00 F1200
G1 X183.00 Y-49.00 F1200
G1 X180.00 Y-49.00 F1200
G1 X180.00 Y-60.00 F1200
G1 X181.00 Y-61.00 F1200
G1 X191.00 Y-61.00 F1200
G1 X191.00 Y-50.00 F1200
G1 X192.00 Y-49.00 F1200
G1 X193.00 Y-50.00 F1200
G1 X193.00 Y-52.00 F1200
G1 X194.00 Y-53.00 F1200
G1 X194.00 Y-54.00 F1200
G1 X195.00 Y-55.00 F1200
G1 X195.00 Y-57.00 F1200
G1 X196.00 Y-58.00 F1200
G1 X196.00 Y-59.00 F1200
G1 X197.00 Y-60.00 F1200
G1 X197.00 Y-61.00 F1200
G1 X202.00 Y-61.00 F1200
G1 X202.00 Y-59.00 F1200
G1 X203.00 Y-58.00 F1200
G1 X203.00 Y-57.00 F1200
G1 X204.00 Y-56.00 F1200
G1 X204.00 Y-53.00 F1200
G1 X205.00 Y-52.00 F1200
G1 X206.00 Y-53.00 F1200
G1 X206.00 Y-58.00 F1200
G1 X207.00 Y-59.00 F1200
G1 X207.00 Y-60.00 F1200
G1 X208.00 Y-61.00 F1200
G1 X217.00 Y-61.00 F1200
G1 X218.00 Y-60.00 F1200
G1 X218.00 Y-57.00 F1200
G1 X215.00 Y-57.00 F1200
G1 X213.00 Y-59.00 F1200
G1 X210.00 Y-56.00 F1200
G1 X211.00 Y-55.00 F1200
G1 X219.00 Y-55.00 F1200
G1 X219.00 Y-53.00 F1200
G1 X218.00 Y-52.00 F1200
G1 X218.00 Y-50.00 F1200
G1 X217.00 Y-49.00 F1200
G1 X208.00 Y-49.00 F1200
G1 X208.00 Y-50.00 F1200
G1 X207.00 Y-51.00 F1200
G1 X206.00 Y-50.00 F1200
G1 X206.00 Y-49.00 F1200
G1 X205.00 Y-49.00 F1200
G0 Z3.0
G0 X205.00 Y-51.00 F1200
G0 Z-0.2 ; Descendre pour dessiner
G1 X206.00 Y-50.00 F1200
G1 X207.00 Y-51.00 F1200
G1 X207.00 Y-52.00 F1200
G1 X206.00 Y-53.00 F1200
G1 X205.00 Y-52.00 F1200
G0 Z3.0
G0 X208.00 Y-50.00 F1200
G0 Z-0.2 ; Descendre pour dessiner
G1 X209.00 Y-49.00 F1200
G1 X216.00 Y-49.00 F1200
G1 X218.00 Y-51.00 F1200
G1 X218.00 Y-52.00 F1200
G1 X219.00 Y-53.00 F1200
G1 X219.00 Y-54.00 F1200
G1 X218.00 Y-55.00 F1200
G1 X211.00 Y-55.00 F1200
G1 X210.00 Y-56.00 F1200
G1 X210.00 Y-57.00 F1200
G1 X211.00 Y-58.00 F1200
G1 X212.00 Y-58.00 F1200
G1 X213.00 Y-59.00 F1200
G1 X214.00 Y-58.00 F1200
G1 X215.00 Y-58.00 F1200
G1 X216.00 Y-57.00 F1200
G1 X217.00 Y-57.00 F1200
G1 X218.00 Y-58.00 F1200
G1 X218.00 Y-59.00 F1200
G1 X216.00 Y-61.00 F1200
G1 X209.00 Y-61.00 F1200
G1 X206.00 Y-58.00 F1200
G1 X206.00 Y-54.00 F1200
G1 X207.00 Y-53.00 F1200
G1 X207.00 Y-52.00 F1200
G1 X208.00 Y-51.00 F1200
G0 Z3.0
G0 X212.00 Y-51.00 F1200
G0 Z-0.2 ; Descendre pour dessiner
G1 X211.00 Y-52.00 F1200
G1 X211.00 Y-53.00 F1200
G1 X214.00 Y-53.00 F1200
G1 X214.00 Y-52.00 F1200
G1 X213.00 Y-51.00 F1200
G0 Z3.0
G0 X211.00 Y-52.00 F1200
G0 Z-0.2 ; Descendre pour dessiner
G1 X212.00 Y-51.00 F1200
G1 X213.00 Y-51.00 F1200
G1 X214.00 Y-52.00 F1200
G1 X213.00 Y-53.00 F1200
G1 X212.00 Y-53.00 F1200
G0 Z3.0
G0 X180.00 Y-50.00 F1200
G0 Z-0.2 ; Descendre pour dessiner
G1 X181.00 Y-49.00 F1200
G1 X182.00 Y-49.00 F1200
G1 X183.00 Y-50.00 F1200
G1 X183.00 Y-56.00 F1200
G1 X184.00 Y-57.00 F1200
G1 X184.00 Y-58.00 F1200
G1 X187.00 Y-58.00 F1200
G1 X187.00 Y-57.00 F1200
G1 X188.00 Y-56.00 F1200
G1 X188.00 Y-50.00 F1200
G1 X189.00 Y-49.00 F1200
G1 X190.00 Y-49.00 F1200
G1 X191.00 Y-50.00 F1200
G1 X191.00 Y-60.00 F1200
G1 X190.00 Y-61.00 F1200
G1 X182.00 Y-61.00 F1200
G1 X180.00 Y-59.00 F1200
G0 Z3.0
G0 X203.00 Y-49.00 F1200
G0 Z-0.2 ; Descendre pour dessiner
G1 X204.00 Y-48.00 F1200
G1 X206.00 Y-50.00 F1200
G1 X204.00 Y-52.00 F1200
G1 X204.00 Y-56.00 F1200
G1 X203.00 Y-57.00 F1200
G1 X203.00 Y-58.00 F1200
G1 X202.00 Y-59.00 F1200
G1 X202.00 Y-60.00 F1200
G1 X201.00 Y-61.00 F1200
G1 X198.00 Y-61.00 F1200
G1 X196.00 Y-59.00 F1200
G1 X196.00 Y-58.00 F1200
G1 X195.00 Y-57.00 F1200
G1 X195.00 Y-55.00 F1200
G1 X194.00 Y-54.00 F1200
G1 X194.00 Y-53.00 F1200
G1 X193.00 Y-52.00 F1200
G1 X193.00 Y-50.00 F1200
G1 X194.00 Y-49.00 F1200
G1 X196.00 Y-49.00 F1200
G1 X197.00 Y-50.00 F1200
G1 X197.00 Y-51.00 F1200
G1 X198.00 Y-52.00 F1200
G1 X198.00 Y-54.00 F1200
G1 X200.00 Y-54.00 F1200
G1 X200.00 Y-53.00 F1200
G1 X201.00 Y-52.00 F1200
G1 X201.00 Y-50.00 F1200
G1 X202.00 Y-49.00 F1200
G0 Z3.0
G0 X635.00 Y-45.00 F1200
G0 Z-0.2 ; Descendre pour dessiner
G1 X635.00 Y-47.00 F1200
G1 X633.00 Y-49.00 F1200
G1 X633.00 Y-50.00 F1200
G1 X633.00 Y-49.00 F1200
G1 X635.00 Y-47.00 F1200
G1 X635.00 Y-46.00 F1200
G1 X636.00 Y-45.00 F1200
G1 X637.00 Y-45.00 F1200
G1 X638.00 Y-46.00 F1200
G1 X638.00 Y-47.00 F1200
G1 X641.00 Y-50.00 F1200
G1 X638.00 Y-53.00 F1200
G1 X638.00 Y-57.00 F1200
G1 X641.00 Y-60.00 F1200
G1 X640.00 Y-61.00 F1200
G1 X636.00 Y-61.00 F1200
G1 X635.00 Y-60.00 F1200
G1 X635.00 Y-53.00 F1200
G1 X634.00 Y-52.00 F1200
G1 X635.00 Y-53.00 F1200
G1 X635.00 Y-61.00 F1200
G1 X641.00 Y-61.00 F1200
G1 X641.00 Y-59.00 F1200
G1 X640.00 Y-59.00 F1200
G1 X638.00 Y-57.00 F1200
G1 X638.00 Y-53.00 F1200
G1 X640.00 Y-51.00 F1200
G1 X641.00 Y-51.00 F1200
G1 X641.00 Y-49.00 F1200
G1 X640.00 Y-49.00 F1200
G1 X638.00 Y-47.00 F1200
G1 X638.00 Y-45.00 F1200
G0 Z3.0
G0 X751.00 Y-45.00 F1200
G0 Z-0.2 ; Descendre pour dessiner
G1 X752.00 Y-44.00 F1200
G1 X753.00 Y-44.00 F1200
G1 X754.00 Y-45.00 F1200
G1 X754.00 Y-60.00 F1200
G1 X753.00 Y-61.00 F1200
G1 X752.00 Y-61.00 F1200
G1 X751.00 Y-60.00 F1200
G0 Z3.0
G0 X705.00 Y-44.00 F1200
G0 Z-0.2 ; Descendre pour dessiner
G1 X705.00 Y-47.00 F1200
G1 X703.00 Y-49.00 F1200
G1 X697.00 Y-49.00 F1200
G1 X696.00 Y-50.00 F1200
G1 X696.00 Y-51.00 F1200
G1 X695.00 Y-52.00 F1200
G1 X695.00 Y-58.00 F1200
G1 X696.00 Y-59.00 F1200
G1 X696.00 Y-60.00 F1200
G1 X697.00 Y-61.00 F1200
G1 X708.00 Y-61.00 F1200
G1 X708.00 Y-44.00 F1200
G0 Z3.0
G0 X705.00 Y-45.00 F1200
G0 Z-0.2 ; Descendre pour dessiner
G1 X706.00 Y-44.00 F1200
G1 X707.00 Y-44.00 F1200
G1 X708.00 Y-45.00 F1200
G1 X708.00 Y-60.00 F1200
G1 X707.00 Y-61.00 F1200
G1 X698.00 Y-61.00 F1200
G1 X695.00 Y-58.00 F1200
G1 X695.00 Y-52.00 F1200
G1 X698.00 Y-49.00 F1200
G1 X703.00 Y-49.00 F1200
G1 X705.00 Y-47.00 F1200
G0 Z3.0
G0 X702.00 Y-51.00 F1200
G0 Z-0.2 ; Descendre pour dessiner
G1 X701.00 Y-52.00 F1200
G1 X700.00 Y-52.00 F1200
G1 X700.00 Y-53.00 F1200
G1 X699.00 Y-54.00 F1200
G1 X699.00 Y-56.00 F1200
G1 X700.00 Y-57.00 F1200
G1 X700.00 Y-58.00 F1200
G1 X701.00 Y-58.00 F1200
G1 X702.00 Y-59.00 F1200
G1 X703.00 Y-58.00 F1200
G1 X704.00 Y-58.00 F1200
G1 X704.00 Y-57.00 F1200
G1 X705.00 Y-56.00 F1200
G1 X705.00 Y-54.00 F1200
G1 X704.00 Y-53.00 F1200
G1 X704.00 Y-52.00 F1200
G1 X703.00 Y-52.00 F1200
G0 Z3.0
G0 X702.00 Y-51.00 F1200
G0 Z-0.2 ; Descendre pour dessiner
G1 X705.00 Y-54.00 F1200
G1 X705.00 Y-56.00 F1200
G1 X702.00 Y-59.00 F1200
G1 X699.00 Y-56.00 F1200
G1 X699.00 Y-54.00 F1200
G0 Z3.0
G0 X671.00 Y-44.00 F1200
G0 Z-0.2 ; Descendre pour dessiner
G1 X671.00 Y-47.00 F1200
G1 X669.00 Y-49.00 F1200
G1 X663.00 Y-49.00 F1200
G1 X662.00 Y-50.00 F1200
G1 X662.00 Y-51.00 F1200
G1 X661.00 Y-52.00 F1200
G1 X661.00 Y-58.00 F1200
G1 X662.00 Y-59.00 F1200
G1 X662.00 Y-60.00 F1200
G1 X663.00 Y-61.00 F1200
G1 X674.00 Y-61.00 F1200
G1 X674.00 Y-44.00 F1200
G0 Z3.0
G0 X671.00 Y-45.00 F1200
G0 Z-0.2 ; Descendre pour dessiner
G1 X672.00 Y-44.00 F1200
G1 X673.00 Y-44.00 F1200
G1 X674.00 Y-45.00 F1200
G1 X674.00 Y-60.00 F1200
G1 X673.00 Y-61.00 F1200
G1 X664.00 Y-61.00 F1200
G1 X661.00 Y-58.00 F1200
G1 X661.00 Y-52.00 F1200
G1 X664.00 Y-49.00 F1200
G1 X669.00 Y-49.00 F1200
G1 X671.00 Y-47.00 F1200
G0 Z3.0
G0 X668.00 Y-51.00 F1200
G0 Z-0.2 ; Descendre pour dessiner
G1 X667.00 Y-52.00 F1200
G1 X666.00 Y-52.00 F1200
G1 X666.00 Y-53.00 F1200
G1 X665.00 Y-54.00 F1200
G1 X665.00 Y-56.00 F1200
G1 X666.00 Y-57.00 F1200
G1 X666.00 Y-58.00 F1200
G1 X667.00 Y-58.00 F1200
G1 X668.00 Y-59.00 F1200
G1 X669.00 Y-58.00 F1200
G1 X670.00 Y-58.00 F1200
G1 X670.00 Y-57.00 F1200
G1 X671.00 Y-56.00 F1200
G1 X671.00 Y-54.00 F1200
G1 X670.00 Y-53.00 F1200
G1 X670.00 Y-52.00 F1200
G1 X669.00 Y-52.00 F1200
G0 Z3.0
G0 X668.00 Y-51.00 F1200
G0 Z-0.2 ; Descendre pour dessiner
G1 X671.00 Y-54.00 F1200
G1 X671.00 Y-56.00 F1200
G1 X668.00 Y-59.00 F1200
G1 X665.00 Y-56.00 F1200
G1 X665.00 Y-54.00 F1200
G0 Z3.0
G0 X514.00 Y-44.00 F1200
G0 Z-0.2 ; Descendre pour dessiner
G1 X514.00 Y-47.00 F1200
G1 X515.00 Y-48.00 F1200
G1 X515.00 Y-61.00 F1200
G1 X518.00 Y-61.00 F1200
G1 X518.00 Y-44.00 F1200
G0 Z3.0
G0 X515.00 Y-50.00 F1200
G0 Z-0.2 ; Descendre pour dessiner
G1 X516.00 Y-49.00 F1200
G1 X517.00 Y-49.00 F1200
G1 X518.00 Y-50.00 F1200
G1 X518.00 Y-60.00 F1200
G1 X517.00 Y-61.00 F1200
G1 X516.00 Y-61.00 F1200
G1 X515.00 Y-60.00 F1200
G0 Z3.0
G0 X515.00 Y-48.00 F1200
G0 Z-0.2 ; Descendre pour dessiner
G1 X516.00 Y-47.00 F1200
G1 X517.00 Y-47.00 F1200
G1 X518.00 Y-48.00 F1200
G1 X517.00 Y-49.00 F1200
G1 X516.00 Y-49.00 F1200
G0 Z3.0
G0 X514.00 Y-45.00 F1200
G0 Z-0.2 ; Descendre pour dessiner
G1 X515.00 Y-44.00 F1200
G1 X517.00 Y-44.00 F1200
G1 X518.00 Y-45.00 F1200
G1 X518.00 Y-46.00 F1200
G1 X517.00 Y-47.00 F1200
G1 X515.00 Y-47.00 F1200
G1 X514.00 Y-46.00 F1200
G0 Z3.0
G0 X467.00 Y-44.00 F1200
G0 Z-0.2 ; Descendre pour dessiner
G1 X467.00 Y-47.00 F1200
G1 X465.00 Y-49.00 F1200
G1 X459.00 Y-49.00 F1200
G1 X457.00 Y-51.00 F1200
G1 X457.00 Y-59.00 F1200
G1 X459.00 Y-61.00 F1200
G1 X470.00 Y-61.00 F1200
G1 X470.00 Y-57.00 F1200
G1 X471.00 Y-56.00 F1200
G1 X472.00 Y-57.00 F1200
G1 X472.00 Y-59.00 F1200
G1 X474.00 Y-61.00 F1200
G1 X483.00 Y-61.00 F1200
G1 X484.00 Y-60.00 F1200
G1 X484.00 Y-58.00 F1200
G1 X483.00 Y-57.00 F1200
G1 X480.00 Y-57.00 F1200
G1 X478.00 Y-59.00 F1200
G1 X476.00 Y-57.00 F1200
G1 X476.00 Y-56.00 F1200
G1 X477.00 Y-55.00 F1200
G1 X484.00 Y-55.00 F1200
G1 X484.00 Y-51.00 F1200
G1 X482.00 Y-49.00 F1200
G1 X474.00 Y-49.00 F1200
G1 X472.00 Y-51.00 F1200
G1 X472.00 Y-53.00 F1200
G1 X471.00 Y-54.00 F1200
G1 X470.00 Y-53.00 F1200
G1 X470.00 Y-44.00 F1200
G0 Z3.0
G0 X474.00 Y-49.00 F1200
G0 Z-0.2 ; Descendre pour dessiner
G1 X482.00 Y-49.00 F1200
G1 X484.00 Y-51.00 F1200
G1 X484.00 Y-54.00 F1200
G1 X483.00 Y-55.00 F1200
G1 X477.00 Y-55.00 F1200
G1 X476.00 Y-56.00 F1200
G1 X476.00 Y-58.00 F1200
G1 X477.00 Y-58.00 F1200
G1 X478.00 Y-59.00 F1200
G1 X479.00 Y-58.00 F1200
G1 X480.00 Y-58.00 F1200
G1 X481.00 Y-57.00 F1200
G1 X483.00 Y-57.00 F1200
G1 X484.00 Y-58.00 F1200
G1 X484.00 Y-59.00 F1200
G1 X482.00 Y-61.00 F1200
G1 X474.00 Y-61.00 F1200
G1 X472.00 Y-59.00 F1200
G1 X472.00 Y-51.00 F1200
G0 Z3.0
G0 X478.00 Y-51.00 F1200
G0 Z-0.2 ; Descendre pour dessiner
G1 X477.00 Y-52.00 F1200
G1 X476.00 Y-52.00 F1200
G1 X476.00 Y-53.00 F1200
G1 X477.00 Y-52.00 F1200
G1 X478.00 Y-53.00 F1200
G1 X479.00 Y-52.00 F1200
G1 X480.00 Y-52.00 F1200
G1 X479.00 Y-52.00 F1200
G0 Z3.0
G0 X467.00 Y-45.00 F1200
G0 Z-0.2 ; Descendre pour dessiner
G1 X468.00 Y-44.00 F1200
G1 X469.00 Y-44.00 F1200
G1 X470.00 Y-45.00 F1200
G1 X470.00 Y-60.00 F1200
G1 X469.00 Y-61.00 F1200
G1 X459.00 Y-61.00 F1200
G1 X457.00 Y-59.00 F1200
G1 X457.00 Y-52.00 F1200
G1 X460.00 Y-49.00 F1200
G1 X465.00 Y-49.00 F1200
G1 X467.00 Y-47.00 F1200
G0 Z3.0
G0 X462.00 Y-52.00 F1200
G0 Z-0.2 ; Descendre pour dessiner
G1 X461.00 Y-53.00 F1200
G1 X461.00 Y-54.00 F1200
G1 X460.00 Y-55.00 F1200
G1 X461.00 Y-56.00 F1200
G1 X461.00 Y-57.00 F1200
G1 X462.00 Y-58.00 F1200
G1 X465.00 Y-58.00 F1200
G1 X466.00 Y-57.00 F1200
G1 X466.00 Y-56.00 F1200
G1 X467.00 Y-55.00 F1200
G1 X466.00 Y-54.00 F1200
G1 X466.00 Y-53.00 F1200
G1 X465.00 Y-52.00 F1200
G0 Z3.0
G0 X463.00 Y-52.00 F1200
G0 Z-0.2 ; Descendre pour dessiner
G1 X464.00 Y-52.00 F1200
G1 X467.00 Y-55.00 F1200
G1 X464.00 Y-58.00 F1200
G1 X463.00 Y-58.00 F1200
G1 X460.00 Y-55.00 F1200
G0 Z3.0
G0 X428.00 Y-44.00 F1200
G0 Z-0.2 ; Descendre pour dessiner
G1 X428.00 Y-52.00 F1200
G1 X427.00 Y-53.00 F1200
G1 X426.00 Y-52.00 F1200
G1 X426.00 Y-50.00 F1200
G1 X425.00 Y-49.00 F1200
G1 X414.00 Y-49.00 F1200
G1 X414.00 Y-66.00 F1200
G1 X417.00 Y-66.00 F1200
G1 X417.00 Y-63.00 F1200
G1 X419.00 Y-61.00 F1200
G1 X425.00 Y-61.00 F1200
G1 X426.00 Y-60.00 F1200
G1 X426.00 Y-58.00 F1200
G1 X427.00 Y-57.00 F1200
G1 X428.00 Y-58.00 F1200
G1 X428.00 Y-61.00 F1200
G1 X438.00 Y-61.00 F1200
G1 X438.00 Y-60.00 F1200
G1 X439.00 Y-59.00 F1200
G1 X440.00 Y-60.00 F1200
G1 X440.00 Y-61.00 F1200
G1 X450.00 Y-61.00 F1200
G1 X450.00 Y-55.00 F1200
G1 X449.00 Y-54.00 F1200
G1 X446.00 Y-54.00 F1200
G1 X444.00 Y-52.00 F1200
G1 X445.00 Y-51.00 F1200
G1 X444.00 Y-51.00 F1200
G1 X444.00 Y-53.00 F1200
G1 X445.00 Y-53.00 F1200
G1 X446.00 Y-54.00 F1200
G1 X448.00 Y-54.00 F1200
G1 X450.00 Y-56.00 F1200
G1 X450.00 Y-60.00 F1200
G1 X449.00 Y-61.00 F1200
G1 X441.00 Y-61.00 F1200
G1 X440.00 Y-60.00 F1200
G1 X440.00 Y-59.00 F1200
G1 X439.00 Y-59.00 F1200
G1 X438.00 Y-58.00 F1200
G1 X439.00 Y-57.00 F1200
G1 X441.00 Y-57.00 F1200
G1 X442.00 Y-58.00 F1200
G1 X444.00 Y-58.00 F1200
G1 X445.00 Y-59.00 F1200
G1 X446.00 Y-58.00 F1200
G1 X446.00 Y-57.00 F1200
G1 X445.00 Y-56.00 F1200
G1 X444.00 Y-56.00 F1200
G1 X443.00 Y-55.00 F1200
G1 X441.00 Y-55.00 F1200
G1 X440.00 Y-54.00 F1200
G1 X440.00 Y-50.00 F1200
G1 X441.00 Y-49.00 F1200
G1 X448.00 Y-49.00 F1200
G1 X450.00 Y-51.00 F1200
G1 X449.00 Y-52.00 F1200
G1 X447.00 Y-52.00 F1200
G1 X450.00 Y-52.00 F1200
G1 X450.00 Y-50.00 F1200
G1 X449.00 Y-49.00 F1200
G1 X440.00 Y-49.00 F1200
G1 X440.00 Y-55.00 F1200
G1 X442.00 Y-55.00 F1200
G1 X443.00 Y-56.00 F1200
G1 X442.00 Y-57.00 F1200
G1 X439.00 Y-57.00 F1200
G1 X438.00 Y-56.00 F1200
G1 X438.00 Y-49.00 F1200
G1 X434.00 Y-49.00 F1200
G1 X434.00 Y-60.00 F1200
G1 X433.00 Y-61.00 F1200
G1 X432.00 Y-60.00 F1200
G1 X432.00 Y-45.00 F1200
G1 X433.00 Y-44.00 F1200
G1 X434.00 Y-45.00 F1200
G1 X434.00 Y-47.00 F1200
G1 X438.00 Y-47.00 F1200
G1 X438.00 Y-44.00 F1200
G0 Z3.0
G0 X442.00 Y-57.00 F1200
G0 Z-0.2 ; Descendre pour dessiner
G1 X443.00 Y-56.00 F1200
G1 X445.00 Y-56.00 F1200
G1 X446.00 Y-57.00 F1200
G1 X446.00 Y-58.00 F1200
G1 X445.00 Y-59.00 F1200
G1 X444.00 Y-58.00 F1200
G1 X443.00 Y-58.00 F1200
G0 Z3.0
G0 X434.00 Y-50.00 F1200
G0 Z-0.2 ; Descendre pour dessiner
G1 X435.00 Y-49.00 F1200
G1 X437.00 Y-49.00 F1200
G1 X438.00 Y-50.00 F1200
G1 X438.00 Y-56.00 F1200
G1 X439.00 Y-57.00 F1200
G1 X438.00 Y-58.00 F1200
G1 X438.00 Y-60.00 F1200
G1 X437.00 Y-61.00 F1200
G1 X435.00 Y-61.00 F1200
G1 X434.00 Y-60.00 F1200
G0 Z3.0
G0 X414.00 Y-50.00 F1200
G0 Z-0.2 ; Descendre pour dessiner
G1 X415.00 Y-49.00 F1200
G1 X424.00 Y-49.00 F1200
G1 X426.00 Y-51.00 F1200
G1 X426.00 Y-53.00 F1200
G1 X427.00 Y-54.00 F1200
G1 X427.00 Y-56.00 F1200
G1 X426.00 Y-57.00 F1200
G1 X426.00 Y-59.00 F1200
G1 X424.00 Y-61.00 F1200
G1 X419.00 Y-61.00 F1200
G1 X417.00 Y-63.00 F1200
G1 X417.00 Y-65.00 F1200
G1 X416.00 Y-66.00 F1200
G1 X415.00 Y-66.00 F1200
G1 X414.00 Y-65.00 F1200
G0 Z3.0
G0 X419.00 Y-52.00 F1200
G0 Z-0.2 ; Descendre pour dessiner
G1 X418.00 Y-53.00 F1200
G1 X418.00 Y-54.00 F1200
G1 X417.00 Y-55.00 F1200
G1 X418.00 Y-56.00 F1200
G1 X418.00 Y-57.00 F1200
G1 X419.00 Y-58.00 F1200
G1 X422.00 Y-58.00 F1200
G1 X423.00 Y-57.00 F1200
G1 X423.00 Y-56.00 F1200
G1 X424.00 Y-55.00 F1200
G1 X423.00 Y-54.00 F1200
G1 X423.00 Y-53.00 F1200
G1 X422.00 Y-52.00 F1200
G0 Z3.0
G0 X420.00 Y-52.00 F1200
G0 Z-0.2 ; Descendre pour dessiner
G1 X421.00 Y-52.00 F1200
G1 X424.00 Y-55.00 F1200
G1 X421.00 Y-58.00 F1200
G1 X420.00 Y-58.00 F1200
G1 X417.00 Y-55.00 F1200
G0 Z3.0
G0 X434.00 Y-45.00 F1200
G0 Z-0.2 ; Descendre pour dessiner
G1 X435.00 Y-44.00 F1200
G1 X437.00 Y-44.00 F1200
G1 X438.00 Y-45.00 F1200
G1 X438.00 Y-46.00 F1200
G1 X437.00 Y-47.00 F1200
G1 X435.00 Y-47.00 F1200
G1 X434.00 Y-46.00 F1200
G0 Z3.0
G0 X428.00 Y-45.00 F1200
G0 Z-0.2 ; Descendre pour dessiner
G1 X429.00 Y-44.00 F1200
G1 X431.00 Y-44.00 F1200
G1 X432.00 Y-45.00 F1200
G1 X432.00 Y-60.00 F1200
G1 X431.00 Y-61.00 F1200
G1 X429.00 Y-61.00 F1200
G1 X428.00 Y-60.00 F1200
G1 X428.00 Y-58.00 F1200
G1 X427.00 Y-57.00 F1200
G1 X427.00 Y-53.00 F1200
G1 X428.00 Y-52.00 F1200
G0 Z3.0
G0 X376.00 Y-44.00 F1200
G0 Z-0.2 ; Descendre pour dessiner
G1 X376.00 Y-47.00 F1200
G1 X374.00 Y-49.00 F1200
G1 X368.00 Y-49.00 F1200
G1 X367.00 Y-50.00 F1200
G1 X367.00 Y-51.00 F1200
G1 X366.00 Y-52.00 F1200
G1 X366.00 Y-58.00 F1200
G1 X367.00 Y-59.00 F1200
G1 X367.00 Y-60.00 F1200
G1 X368.00 Y-61.00 F1200
G1 X379.00 Y-61.00 F1200
G1 X379.00 Y-45.00 F1200
G1 X380.00 Y-44.00 F1200
G1 X381.00 Y-45.00 F1200
G1 X381.00 Y-49.00 F1200
G1 X384.00 Y-49.00 F1200
G1 X384.00 Y-44.00 F1200
G0 Z3.0
G0 X381.00 Y-45.00 F1200
G0 Z-0.2 ; Descendre pour dessiner
G1 X382.00 Y-44.00 F1200
G1 X383.00 Y-44.00 F1200
G1 X384.00 Y-45.00 F1200
G1 X384.00 Y-48.00 F1200
G1 X383.00 Y-49.00 F1200
G1 X382.00 Y-49.00 F1200
G1 X381.00 Y-48.00 F1200
G0 Z3.0
G0 X376.00 Y-45.00 F1200
G0 Z-0.2 ; Descendre pour dessiner
G1 X377.00 Y-44.00 F1200
G1 X378.00 Y-44.00 F1200
G1 X379.00 Y-45.00 F1200
G1 X379.00 Y-60.00 F1200
G1 X378.00 Y-61.00 F1200
G1 X369.00 Y-61.00 F1200
G1 X366.00 Y-58.00 F1200
G1 X366.00 Y-52.00 F1200
G1 X369.00 Y-49.00 F1200
G1 X374.00 Y-49.00 F1200
G1 X376.00 Y-47.00 F1200
G0 Z3.0
G0 X371.00 Y-52.00 F1200
G0 Z-0.2 ; Descendre pour dessiner
G1 X370.00 Y-53.00 F1200
G1 X370.00 Y-54.00 F1200
G1 X369.00 Y-55.00 F1200
G1 X370.00 Y-56.00 F1200
G1 X370.00 Y-57.00 F1200
G1 X371.00 Y-58.00 F1200
G1 X374.00 Y-58.00 F1200
G1 X375.00 Y-57.00 F1200
G1 X375.00 Y-56.00 F1200
G1 X376.00 Y-55.00 F1200
G1 X375.00 Y-54.00 F1200
G1 X375.00 Y-53.00 F1200
G1 X374.00 Y-52.00 F1200
G0 Z3.0
G0 X372.00 Y-52.00 F1200
G0 Z-0.2 ; Descendre pour dessiner
G1 X373.00 Y-52.00 F1200
G1 X376.00 Y-55.00 F1200
G1 X373.00 Y-58.00 F1200
G1 X372.00 Y-58.00 F1200
G1 X369.00 Y-55.00 F1200
G0 Z3.0
G0 X332.00 Y-44.00 F1200
G0 Z-0.2 ; Descendre pour dessiner
G1 X332.00 Y-61.00 F1200
G1 X335.00 Y-61.00 F1200
G1 X335.00 Y-48.00 F1200
G1 X336.00 Y-47.00 F1200
G1 X336.00 Y-44.00 F1200
G0 Z3.0
G0 X332.00 Y-50.00 F1200
G0 Z-0.2 ; Descendre pour dessiner
G1 X333.00 Y-49.00 F1200
G1 X334.00 Y-49.00 F1200
G1 X335.00 Y-50.00 F1200
G1 X335.00 Y-60.00 F1200
G1 X334.00 Y-61.00 F1200
G1 X333.00 Y-61.00 F1200
G1 X332.00 Y-60.00 F1200
G0 Z3.0
G0 X332.00 Y-48.00 F1200
G0 Z-0.2 ; Descendre pour dessiner
G1 X333.00 Y-47.00 F1200
G1 X334.00 Y-47.00 F1200
G1 X335.00 Y-48.00 F1200
G1 X334.00 Y-49.00 F1200
G1 X333.00 Y-49.00 F1200
G0 Z3.0
G0 X332.00 Y-45.00 F1200
G0 Z-0.2 ; Descendre pour dessiner
G1 X333.00 Y-44.00 F1200
G1 X335.00 Y-44.00 F1200
G1 X336.00 Y-45.00 F1200
G1 X336.00 Y-46.00 F1200
G1 X335.00 Y-47.00 F1200
G1 X333.00 Y-47.00 F1200
G1 X332.00 Y-46.00 F1200
G0 Z3.0
G0 X326.00 Y-45.00 F1200
G0 Z-0.2 ; Descendre pour dessiner
G1 X327.00 Y-44.00 F1200
G1 X328.00 Y-44.00 F1200
G1 X329.00 Y-45.00 F1200
G1 X329.00 Y-60.00 F1200
G1 X328.00 Y-61.00 F1200
G1 X327.00 Y-61.00 F1200
G1 X326.00 Y-60.00 F1200
G0 Z3.0
G0 X311.00 Y-44.00 F1200
G0 Z-0.2 ; Descendre pour dessiner
G1 X311.00 Y-60.00 F1200
G1 X310.00 Y-61.00 F1200
G1 X309.00 Y-60.00 F1200
G1 X309.00 Y-49.00 F1200
G1 X306.00 Y-49.00 F1200
G1 X306.00 Y-56.00 F1200
G1 X304.00 Y-58.00 F1200
G1 X303.00 Y-58.00 F1200
G1 X301.00 Y-56.00 F1200
G1 X301.00 Y-49.00 F1200
G1 X298.00 Y-49.00 F1200
G1 X298.00 Y-61.00 F1200
G1 X323.00 Y-61.00 F1200
G1 X323.00 Y-60.00 F1200
G1 X324.00 Y-59.00 F1200
G1 X324.00 Y-51.00 F1200
G1 X323.00 Y-50.00 F1200
G1 X323.00 Y-49.00 F1200
G1 X317.00 Y-49.00 F1200
G1 X315.00 Y-47.00 F1200
G1 X315.00 Y-44.00 F1200
G0 Z3.0
G0 X298.00 Y-50.00 F1200
G0 Z-0.2 ; Descendre pour dessiner
G1 X299.00 Y-49.00 F1200
G1 X300.00 Y-49.00 F1200
G1 X301.00 Y-50.00 F1200
G1 X301.00 Y-56.00 F1200
G1 X302.00 Y-57.00 F1200
G1 X302.00 Y-58.00 F1200
G1 X305.00 Y-58.00 F1200
G1 X305.00 Y-57.00 F1200
G1 X306.00 Y-56.00 F1200
G1 X306.00 Y-50.00 F1200
G1 X307.00 Y-49.00 F1200
G1 X308.00 Y-49.00 F1200
G1 X309.00 Y-50.00 F1200
G1 X309.00 Y-60.00 F1200
G1 X308.00 Y-61.00 F1200
G1 X299.00 Y-61.00 F1200
G1 X298.00 Y-60.00 F1200
G0 Z3.0
G0 X311.00 Y-45.00 F1200
G0 Z-0.2 ; Descendre pour dessiner
G1 X312.00 Y-44.00 F1200
G1 X314.00 Y-44.00 F1200
G1 X315.00 Y-45.00 F1200
G1 X315.00 Y-47.00 F1200
G1 X317.00 Y-49.00 F1200
G1 X322.00 Y-49.00 F1200
G1 X324.00 Y-51.00 F1200
G1 X324.00 Y-59.00 F1200
G1 X322.00 Y-61.00 F1200
G1 X312.00 Y-61.00 F1200
G1 X311.00 Y-60.00 F1200
G0 Z3.0
G0 X318.00 Y-51.00 F1200
G0 Z-0.2 ; Descendre pour dessiner
G1 X317.00 Y-52.00 F1200
G1 X316.00 Y-52.00 F1200
G1 X316.00 Y-53.00 F1200
G1 X315.00 Y-54.00 F1200
G1 X315.00 Y-56.00 F1200
G1 X316.00 Y-57.00 F1200
G1 X316.00 Y-58.00 F1200
G1 X317.00 Y-58.00 F1200
G1 X318.00 Y-59.00 F1200
G1 X319.00 Y-58.00 F1200
G1 X320.00 Y-58.00 F1200
G1 X320.00 Y-57.00 F1200
G1 X321.00 Y-56.00 F1200
G1 X321.00 Y-54.00 F1200
G1 X320.00 Y-53.00 F1200
G1 X320.00 Y-52.00 F1200
G1 X319.00 Y-52.00 F1200
G0 Z3.0
G0 X318.00 Y-51.00 F1200
G0 Z-0.2 ; Descendre pour dessiner
G1 X321.00 Y-54.00 F1200
G1 X321.00 Y-56.00 F1200
G1 X318.00 Y-59.00 F1200
G1 X315.00 Y-56.00 F1200
G1 X315.00 Y-54.00 F1200
G0 Z3.0
G0 X57.00 Y-44.00 F1200
G0 Z-0.2 ; Descendre pour dessiner
G1 X57.00 Y-47.00 F1200
G1 X58.00 Y-48.00 F1200
G1 X58.00 Y-50.00 F1200
G1 X59.00 Y-51.00 F1200
G1 X59.00 Y-53.00 F1200
G1 X60.00 Y-54.00 F1200
G1 X60.00 Y-56.00 F1200
G1 X61.00 Y-57.00 F1200
G1 X61.00 Y-59.00 F1200
G1 X62.00 Y-60.00 F1200
G1 X62.00 Y-61.00 F1200
G1 X67.00 Y-61.00 F1200
G1 X67.00 Y-59.00 F1200
G1 X68.00 Y-58.00 F1200
G1 X68.00 Y-56.00 F1200
G1 X69.00 Y-55.00 F1200
G1 X69.00 Y-52.00 F1200
G1 X70.00 Y-51.00 F1200
G1 X70.00 Y-50.00 F1200
G1 X71.00 Y-49.00 F1200
G1 X71.00 Y-47.00 F1200
G1 X72.00 Y-46.00 F1200
G1 X72.00 Y-44.00 F1200
G1 X68.00 Y-44.00 F1200
G1 X68.00 Y-45.00 F1200
G1 X67.00 Y-46.00 F1200
G1 X67.00 Y-48.00 F1200
G1 X66.00 Y-49.00 F1200
G1 X66.00 Y-51.00 F1200
G1 X64.00 Y-53.00 F1200
G1 X63.00 Y-52.00 F1200
G1 X63.00 Y-50.00 F1200
G1 X62.00 Y-49.00 F1200
G1 X62.00 Y-47.00 F1200
G1 X61.00 Y-46.00 F1200
G1 X61.00 Y-44.00 F1200
G0 Z3.0
G0 X57.00 Y-45.00 F1200
G0 Z-0.2 ; Descendre pour dessiner
G1 X58.00 Y-44.00 F1200
G1 X60.00 Y-44.00 F1200
G1 X61.00 Y-45.00 F1200
G1 X61.00 Y-46.00 F1200
G1 X62.00 Y-47.00 F1200
G1 X62.00 Y-49.00 F1200
G1 X63.00 Y-50.00 F1200
G1 X63.00 Y-53.00 F1200
G1 X65.00 Y-53.00 F1200
G1 X65.00 Y-52.00 F1200
G1 X66.00 Y-51.00 F1200
G1 X66.00 Y-49.00 F1200
G1 X67.00 Y-48.00 F1200
G1 X67.00 Y-46.00 F1200
G1 X69.00 Y-44.00 F1200
G1 X71.00 Y-44.00 F1200
G1 X72.00 Y-45.00 F1200
G1 X72.00 Y-46.00 F1200
G1 X71.00 Y-47.00 F1200
G1 X71.00 Y-49.00 F1200
G1 X70.00 Y-50.00 F1200
G1 X70.00 Y-51.00 F1200
G1 X69.00 Y-52.00 F1200
G1 X69.00 Y-55.00 F1200
G1 X68.00 Y-56.00 F1200
G1 X68.00 Y-58.00 F1200
G1 X67.00 Y-59.00 F1200
G1 X67.00 Y-60.00 F1200
G1 X66.00 Y-61.00 F1200
G1 X63.00 Y-61.00 F1200
G1 X61.00 Y-59.00 F1200
G1 X61.00 Y-57.00 F1200
G1 X60.00 Y-56.00 F1200
G1 X60.00 Y-54.00 F1200
G1 X59.00 Y-53.00 F1200
G1 X59.00 Y-51.00 F1200
G1 X58.00 Y-50.00 F1200
G1 X58.00 Y-48.00 F1200
G1 X57.00 Y-47.00 F1200
G0 Z3.0
G0 X716.00 Y-43.00 F1200
G0 Z-0.2 ; Descendre pour dessiner
G1 X715.00 Y-44.00 F1200
G1 X715.00 Y-46.00 F1200
G1 X718.00 Y-46.00 F1200
G1 X720.00 Y-44.00 F1200
G1 X719.00 Y-43.00 F1200
G0 Z3.0
G0 X715.00 Y-44.00 F1200
G0 Z-0.2 ; Descendre pour dessiner
G1 X716.00 Y-43.00 F1200
G1 X718.00 Y-43.00 F1200
G1 X719.00 Y-44.00 F1200
G1 X719.00 Y-45.00 F1200
G1 X718.00 Y-46.00 F1200
G1 X716.00 Y-46.00 F1200
G1 X715.00 Y-45.00 F1200
G0 Z3.0
G0 X975.00 Y-14.00 F1200
G0 Z-0.2 ; Descendre pour dessiner
G1 X976.00 Y-13.00 F1200
G1 X977.00 Y-13.00 F1200
G1 X978.00 Y-14.00 F1200
G1 X979.00 Y-14.00 F1200
G1 X980.00 Y-15.00 F1200
G1 X980.00 Y-16.00 F1200
G1 X981.00 Y-17.00 F1200
G1 X981.00 Y-18.00 F1200
G1 X980.00 Y-19.00 F1200
G0 Z3.0
G0 X24.00 Y-13.00 F1200
G0 Z-0.2 ; Descendre pour dessiner
G1 X32.00 Y-13.00 F1200
G1 X33.00 Y-14.00 F1200
G1 X32.00 Y-15.00 F1200
G1 X32.00 Y-254.00 F1200
G1 X33.00 Y-255.00 F1200
G1 X32.00 Y-256.00 F1200
G1 X24.00 Y-256.00 F1200
G1 X20.00 Y-252.00 F1200
G1 X20.00 Y-17.00 F1200
G0 Z3.0
G0 X32.00 Y-13.00 F1200
G0 Z-0.2 ; Descendre pour dessiner
G1 X33.00 Y-12.00 F1200
G1 X975.00 Y-12.00 F1200
G1 X976.00 Y-13.00 F1200
G1 X975.00 Y-14.00 F1200
G1 X33.00 Y-14.00 F1200
G0 Z3.0
G0 X0 Y0 ; Retour à l'origine
M30 ; Fin du programme
